gender,SeniorCitizen,Partner,Dependents,tenure,PhoneService,MultipleLines,InternetService,OnlineSecurity,OnlineBackup,DeviceProtection,TechSupport,StreamingTV,StreamingMovies,Contract,PaperlessBilling,PaymentMethod,MonthlyCharges,TotalCharges,Churn
Male,0,No,No,16,Yes,No,Fiber optic,No,No,Yes,No internet service,No,No internet service,Month-to-month,Yes,Bank transfer (automatic),69.5,1123.42,No
Female,0,No,Yes,57,No,No,DSL,No,No,No,No internet service,Yes,Yes,Month-to-month,No,Electronic check,53.4,3072.67,No
Male,0,Yes,Yes,57,Yes,No,DSL,No internet service,Yes,Yes,No internet service,No,Yes,One year,Yes,Credit card (automatic),49.29,2800.4,No
Male,1,Yes,No,56,Yes,No,No,No,No internet service,Yes,No,Yes,No internet service,Two year,Yes,Mailed check,87.03,4868.85,No
Male,0,No,No,6,No,Yes,Fiber optic,No,No,Yes,No internet service,No internet service,No internet service,One year,Yes,Credit card (automatic),103.27,569.75,No
Female,0,No,No,38,Yes,Yes,DSL,No,No internet service,Yes,No,No internet service,No,Month-to-month,No,Credit card (automatic),96.76,3554.61,No
Male,1,Yes,No,57,Yes,Yes,Fiber optic,No,Yes,Yes,No,No internet service,Yes,Month-to-month,Yes,Mailed check,84.86,4834.03,Yes
Male,0,Yes,No,55,Yes,Yes,DSL,No,Yes,No,No internet service,Yes,No internet service,Month-to-month,No,Bank transfer (automatic),115.53,6298.74,No
Male,1,No,Yes,14,No,Yes,No,No,No,Yes,Yes,No,No,Month-to-month,Yes,Bank transfer (automatic),49.35,676.98,No
Female,1,No,No,43,Yes,No,DSL,Yes,No,Yes,No,No internet service,Yes,Month-to-month,No,Credit card (automatic),51.77,2326.66,Yes
Male,0,No,No,11,Yes,No,Fiber optic,No internet service,No,Yes,No internet service,No,No internet service,Month-to-month,Yes,Bank transfer (automatic),80.38,896.98,Yes
Male,1,No,No,7,No,No,Fiber optic,No,No,No,Yes,No,Yes,Two year,No,Mailed check,77.13,494.44,No
Male,0,Yes,Yes,40,Yes,Yes,No,Yes,No,No,No internet service,No internet service,No,Month-to-month,Yes,Bank transfer (automatic),44.91,1749.88,Yes
Male,0,Yes,No,33,Yes,Yes,No,No internet service,No,No,No,No,No,Two year,Yes,Credit card (automatic),56.28,1903.59,No
Female,0,No,No,45,Yes,Yes,DSL,No internet service,No internet service,No internet service,No,Yes,No internet service,Two year,Yes,Credit card (automatic),53.16,2338.88,No
Male,1,No,No,28,Yes,No,No,No,Yes,No internet service,No,No,No internet service,Two year,No,Mailed check,56.99,1494.94,No
Female,0,Yes,No,15,Yes,Yes,Fiber optic,No internet service,No internet service,No,No,No,No,Month-to-month,No,Credit card (automatic),80.15,1211.47,Yes
Female,0,Yes,No,4,Yes,Yes,DSL,No internet service,No internet service,No internet service,No,Yes,No,Two year,No,Bank transfer (automatic),63.55,364.3,No
Female,0,No,No,4,Yes,Yes,Fiber optic,No internet service,Yes,Yes,No internet service,Yes,No internet service,Two year,Yes,Mailed check,18.0,74.67,No
Male,0,Yes,No,29,Yes,No,No,Yes,No,Yes,Yes,Yes,No internet service,One year,Yes,Credit card (automatic),70.15,2032.25,No
Female,0,Yes,Yes,49,Yes,No,Fiber optic,No,Yes,No,No,No internet service,No,Month-to-month,Yes,Mailed check,70.65,3395.58,Yes
Male,0,No,No,4,Yes,Yes,No,No,No internet service,Yes,No,Yes,Yes,Month-to-month,Yes,Mailed check,87.83,274.77,Yes
Female,0,No,No,12,Yes,Yes,Fiber optic,No internet service,No,No,No internet service,No,Yes,Two year,No,Bank transfer (automatic),69.24,839.22,No
Female,0,No,No,48,No,Yes,Fiber optic,No internet service,Yes,Yes,Yes,Yes,No,Month-to-month,Yes,Bank transfer (automatic),75.9,3713.73,No
Female,0,Yes,Yes,49,Yes,No,DSL,No,No,Yes,Yes,No internet service,No,Month-to-month,Yes,Electronic check,18.0,891.25,No
Female,0,No,No,13,Yes,No phone service,No,No,No,Yes,No internet service,Yes,Yes,Month-to-month,Yes,Mailed check,64.49,832.37,No
Female,0,No,Yes,45,Yes,Yes,Fiber optic,Yes,No,No,No,Yes,No internet service,Two year,No,Bank transfer (automatic),66.1,2995.21,No
Female,1,No,Yes,33,Yes,Yes,Fiber optic,Yes,Yes,Yes,Yes,No,No,Month-to-month,Yes,Credit card (automatic),84.64,2856.36,Yes
Female,0,No,No,70,Yes,Yes,Fiber optic,No,No,No,No,Yes,No,Two year,No,Electronic check,91.8,6528.0,No
Female,1,Yes,Yes,46,Yes,No,Fiber optic,No internet service,No internet service,No internet service,No,Yes,Yes,Month-to-month,Yes,Electronic check,55.02,2537.95,Yes
Male,0,Yes,Yes,59,Yes,No phone service,Fiber optic,No,No internet service,No,No internet service,No,Yes,Month-to-month,No,Credit card (automatic),114.15,6804.71,Yes
Male,0,Yes,No,10,Yes,Yes,Fiber optic,No,No,No,No,No,No,Month-to-month,Yes,Bank transfer (automatic),71.18,661.72,Yes
Female,0,Yes,Yes,49,Yes,No,Fiber optic,No internet service,No internet service,No,Yes,Yes,Yes,One year,Yes,Mailed check,72.62,3553.33,No
Female,0,No,No,3,No,No,DSL,Yes,No internet service,No,No,No,Yes,Month-to-month,No,Electronic check,63.66,167.72,No
Female,0,No,Yes,40,Yes,No,Fiber optic,No internet service,Yes,No,Yes,No internet service,Yes,Month-to-month,Yes,Credit card (automatic),39.15,1640.88,No
Male,0,No,No,58,Yes,No,Fiber optic,No,No,No,No,No,No internet service,Month-to-month,No,Credit card (automatic),57.78,3423.67,No
Female,0,No,No,59,Yes,Yes,Fiber optic,No,Yes,No internet service,No,No,Yes,Month-to-month,No,Credit card (automatic),76.44,4518.79,Yes
Male,0,Yes,No,61,Yes,No,Fiber optic,No,No,No internet service,No,No,No internet service,One year,Yes,Credit card (automatic),81.39,4947.57,No
Male,0,Yes,Yes,24,Yes,No,DSL,Yes,No internet service,No,No internet service,No,No,Month-to-month,No,Electronic check,64.42,1556.21,Yes
Male,0,Yes,Yes,32,Yes,No phone service,DSL,No,No internet service,No,No internet service,Yes,No,Month-to-month,No,Mailed check,31.65,995.34,No
Male,0,Yes,Yes,18,Yes,No,Fiber optic,Yes,No internet service,No,Yes,No internet service,No,Month-to-month,No,Bank transfer (automatic),38.12,763.77,No
Male,0,Yes,No,56,Yes,Yes,Fiber optic,Yes,Yes,Yes,Yes,No internet service,No internet service,Month-to-month,Yes,Credit card (automatic),115.25,6491.54,No
Female,1,No,No,14,Yes,Yes,DSL,No,No internet service,No internet service,No,No,No,Two year,Yes,Credit card (automatic),66.75,903.45,No
Female,0,No,Yes,40,Yes,No,Fiber optic,Yes,No internet service,Yes,No,No internet service,No,Month-to-month,Yes,Mailed check,96.84,3807.74,No
Female,0,Yes,Yes,68,Yes,No,DSL,No,No,Yes,No,No,No,Month-to-month,No,Mailed check,120.0,8105.1,Yes
Female,0,Yes,Yes,59,Yes,No,DSL,No,No,No,No internet service,Yes,No internet service,Month-to-month,No,Bank transfer (automatic),27.16,1645.44,No
Female,0,No,No,21,Yes,Yes,DSL,No,No internet service,No,No internet service,No,Yes,One year,Yes,Electronic check,35.94,843.12,No
Male,0,Yes,No,42,Yes,Yes,DSL,No internet service,No internet service,No,No internet service,No,Yes,One year,Yes,Mailed check,65.19,2734.15,No
Female,0,No,No,31,Yes,No,DSL,Yes,Yes,No,No,Yes,Yes,Month-to-month,No,Electronic check,42.28,1248.74,Yes
Female,0,No,No,12,Yes,Yes,Fiber optic,Yes,Yes,No internet service,No,No,No,One year,No,Electronic check,63.54,819.98,Yes
Male,0,No,No,37,Yes,Yes,Fiber optic,No,No internet service,No,Yes,No,No,One year,No,Credit card (automatic),40.85,1459.98,Yes
Female,0,Yes,Yes,25,Yes,No,Fiber optic,No,Yes,No,No internet service,Yes,No internet service,Month-to-month,Yes,Electronic check,53.13,1308.86,No
Male,0,No,Yes,4,Yes,Yes,Fiber optic,No internet service,Yes,No,Yes,No,No internet service,Month-to-month,Yes,Credit card (automatic),65.31,247.6,Yes
Female,1,Yes,No,48,No,No,Fiber optic,Yes,Yes,No,Yes,No internet service,No,Month-to-month,Yes,Credit card (automatic),38.98,1819.08,Yes
Male,0,No,No,4,Yes,Yes,Fiber optic,No internet service,No,No,Yes,No,Yes,One year,Yes,Bank transfer (automatic),69.42,309.71,No
Female,1,Yes,No,70,Yes,No,Fiber optic,Yes,No,Yes,No,Yes,No,Two year,No,Electronic check,46.43,3248.65,No
Female,0,Yes,No,47,Yes,Yes,No,No,No internet service,Yes,No internet service,No,Yes,Month-to-month,Yes,Mailed check,52.58,2402.2,No
Male,0,No,No,17,Yes,Yes,No,No,No,Yes,Yes,No internet service,Yes,One year,No,Mailed check,80.88,1376.17,No
Male,0,No,No,5,Yes,No,No,Yes,No,No,Yes,Yes,Yes,Month-to-month,Yes,Mailed check,70.21,327.3,Yes
Male,0,No,No,65,Yes,No,Fiber optic,Yes,No internet service,No,Yes,Yes,No,Two year,No,Bank transfer (automatic),82.14,5288.32,No
Male,0,No,No,41,Yes,Yes,No,No,No internet service,No,No,No internet service,Yes,One year,Yes,Credit card (automatic),77.12,3192.33,No
Male,0,No,Yes,51,Yes,Yes,DSL,No internet service,No internet service,No internet service,No,No,No internet service,One year,Yes,Credit card (automatic),33.34,1699.93,Yes
Male,0,Yes,No,10,Yes,No phone service,Fiber optic,Yes,No,No,Yes,No internet service,No internet service,Month-to-month,Yes,Mailed check,57.73,560.85,Yes
Male,0,No,No,25,Yes,No,Fiber optic,Yes,No,Yes,No,No,Yes,Month-to-month,Yes,Credit card (automatic),46.21,1083.77,Yes
Male,0,No,No,20,No,Yes,DSL,No internet service,Yes,Yes,Yes,Yes,Yes,One year,No,Credit card (automatic),62.86,1268.18,No
Female,0,No,No,65,Yes,Yes,DSL,No,Yes,Yes,No internet service,No,No internet service,Month-to-month,Yes,Bank transfer (automatic),54.54,3545.26,Yes
Female,0,No,No,39,Yes,No,Fiber optic,Yes,No internet service,Yes,Yes,Yes,No,Month-to-month,No,Electronic check,79.58,2997.16,No
Male,0,Yes,Yes,55,No,Yes,DSL,No,No,Yes,No,Yes,No internet service,Month-to-month,No,Electronic check,90.21,5060.26,Yes
Female,0,No,No,50,Yes,Yes,DSL,No,No,Yes,No,No internet service,No,Month-to-month,No,Bank transfer (automatic),48.1,2467.61,No
Female,1,Yes,Yes,19,Yes,No,DSL,No internet service,No internet service,No internet service,No,No,Yes,One year,No,Bank transfer (automatic),48.91,924.1,Yes
Female,0,Yes,No,56,Yes,No,Fiber optic,Yes,No,No,No,No,Yes,Month-to-month,Yes,Credit card (automatic),94.33,5331.48,No
Female,1,No,No,4,No,Yes,DSL,No internet service,No,No,No,No internet service,No internet service,Month-to-month,Yes,Bank transfer (automatic),101.26,385.95,Yes
Male,0,Yes,Yes,13,Yes,No,Fiber optic,Yes,Yes,No,Yes,Yes,Yes,Month-to-month,No,Credit card (automatic),76.49,977.27,Yes
Female,0,No,Yes,23,Yes,No,No,No,No,No,Yes,No,No internet service,Two year,No,Electronic check,38.03,905.98,No
Male,0,Yes,No,67,Yes,Yes,Fiber optic,No,No,Yes,No,No,No,Two year,Yes,Bank transfer (automatic),84.9,5669.16,Yes
Female,0,Yes,No,51,Yes,No phone service,DSL,No,Yes,No internet service,Yes,No internet service,Yes,Month-to-month,No,Credit card (automatic),86.04,4406.9,Yes
Female,1,No,Yes,47,Yes,No,DSL,No,Yes,Yes,No internet service,Yes,No,One year,Yes,Electronic check,101.31,4696.09,Yes
Female,0,No,No,46,No,Yes,Fiber optic,No internet service,Yes,No internet service,No,No,Yes,Month-to-month,No,Electronic check,52.79,2359.55,Yes
Male,0,No,No,59,Yes,No,No,No,Yes,No,No internet service,Yes,No,Month-to-month,Yes,Mailed check,112.02,6608.52,Yes
Female,0,No,Yes,72,No,No,DSL,No,No internet service,Yes,No,No,Yes,One year,No,Electronic check,27.69,1926.38,No
Male,0,No,No,2,Yes,No,Fiber optic,No,No,Yes,Yes,No,No internet service,Month-to-month,No,Bank transfer (automatic),87.6,205.38,No
Female,1,Yes,No,8,Yes,No,Fiber optic,Yes,No,No,Yes,No internet service,Yes,Month-to-month,No,Bank transfer (automatic),88.05,733.39,No
Male,0,Yes,No,23,Yes,Yes,No,Yes,No,Yes,Yes,Yes,No,One year,Yes,Credit card (automatic),90.27,1979.29,No
Female,0,Yes,No,3,Yes,Yes,Fiber optic,Yes,No,No,No,No,No internet service,Two year,Yes,Bank transfer (automatic),18.0,36.44,No
Male,0,No,Yes,8,No,Yes,Fiber optic,No,No internet service,Yes,Yes,Yes,No,Two year,Yes,Electronic check,23.13,225.36,Yes
Male,0,No,Yes,0,No,No,Fiber optic,Yes,No,No,No,Yes,No,One year,No,Credit card (automatic),81.56,0.0,Yes
Female,0,Yes,Yes,34,Yes,No phone service,DSL,No internet service,Yes,No,No,No,No,Month-to-month,No,Electronic check,88.83,3024.84,No
Male,0,No,No,11,Yes,No,DSL,No,No,No,No,No internet service,Yes,Month-to-month,Yes,Mailed check,52.19,531.8,Yes
Female,0,No,No,17,Yes,Yes,DSL,No internet service,No,Yes,No,Yes,Yes,Two year,Yes,Credit card (automatic),58.44,943.77,Yes
Female,0,Yes,No,9,Yes,No,Fiber optic,No internet service,No,No internet service,Yes,Yes,No,Month-to-month,No,Mailed check,57.38,521.74,No
Female,0,Yes,No,17,Yes,No,Fiber optic,Yes,Yes,No,Yes,Yes,No internet service,One year,No,Credit card (automatic),46.36,705.86,No
Female,0,No,No,23,Yes,Yes,DSL,Yes,No,No,No internet service,No,No internet service,Month-to-month,No,Bank transfer (automatic),120.0,2750.54,Yes
Female,0,No,No,0,Yes,Yes,DSL,Yes,No,No,No internet service,Yes,Yes,Month-to-month,Yes,Electronic check,91.92,26.61,Yes
Female,0,No,No,71,Yes,No,DSL,No internet service,No,No internet service,Yes,No internet service,No internet service,Month-to-month,Yes,Credit card (automatic),35.06,2432.94,No
Female,0,Yes,Yes,15,Yes,No,DSL,No,No internet service,No,No internet service,No,No,Two year,Yes,Bank transfer (automatic),85.75,1241.61,No
Female,0,No,Yes,14,Yes,Yes,DSL,Yes,No,Yes,No,Yes,Yes,Month-to-month,No,Bank transfer (automatic),31.47,478.29,No
Female,0,Yes,No,61,Yes,Yes,DSL,No internet service,No,No,No internet service,No,Yes,One year,Yes,Bank transfer (automatic),59.11,3510.06,No
Female,0,Yes,No,4,Yes,No,DSL,No,No,No,No,No,No,Two year,Yes,Mailed check,36.68,201.67,No
Female,0,No,No,44,Yes,No,Fiber optic,No,No,Yes,Yes,No internet service,No,Two year,Yes,Bank transfer (automatic),18.0,711.54,No
Male,0,Yes,No,51,Yes,No,Fiber optic,Yes,No,No,No,No internet service,Yes,Month-to-month,No,Credit card (automatic),74.93,3834.61,Yes
Male,0,No,Yes,70,Yes,No,DSL,No,No,No internet service,No,No internet service,Yes,Month-to-month,Yes,Mailed check,62.2,4347.99,No
Female,0,Yes,No,6,Yes,Yes,DSL,No,No internet service,No,No internet service,No,No,Two year,Yes,Electronic check,73.65,426.13,No
Female,0,No,No,26,Yes,Yes,No,No,No internet service,No,Yes,Yes,No internet service,Month-to-month,Yes,Bank transfer (automatic),21.49,583.69,No
Female,0,No,No,12,Yes,No,DSL,No,Yes,No,No,No,No,Month-to-month,No,Credit card (automatic),120.0,1403.87,Yes
Female,0,Yes,No,16,Yes,No,DSL,No internet service,Yes,Yes,Yes,No,Yes,Month-to-month,Yes,Credit card (automatic),53.74,844.7,No
Female,0,No,No,43,Yes,No phone service,DSL,Yes,No,No,No internet service,No internet service,Yes,Month-to-month,No,Mailed check,92.83,3999.85,No
Female,0,Yes,No,12,Yes,No,Fiber optic,Yes,No,No internet service,No,Yes,No internet service,Month-to-month,No,Electronic check,62.48,709.29,Yes
Female,0,No,No,72,Yes,No,DSL,No,No,Yes,No internet service,No,No internet service,One year,No,Mailed check,62.98,4524.3,No
Female,0,Yes,No,4,Yes,No,No,No,No,Yes,Yes,No,No,One year,No,Bank transfer (automatic),36.74,88.89,No
Male,0,Yes,No,32,Yes,Yes,DSL,No,No internet service,Yes,No,No,Yes,Month-to-month,Yes,Electronic check,120.0,3829.64,Yes
Female,0,Yes,Yes,3,Yes,No,DSL,No internet service,No,No internet service,No,Yes,No,Two year,Yes,Electronic check,120.0,304.18,Yes
Male,0,Yes,Yes,25,Yes,Yes,Fiber optic,No,No,No,No,No internet service,No,Month-to-month,Yes,Electronic check,48.84,1253.17,Yes
Female,0,No,Yes,67,Yes,No,DSL,No,No,Yes,No internet service,No internet service,No internet service,Month-to-month,No,Mailed check,71.81,4801.02,No
Female,0,Yes,Yes,15,Yes,Yes,Fiber optic,No,No internet service,No,No internet service,Yes,Yes,Two year,No,Credit card (automatic),63.97,898.37,No
Male,0,Yes,No,21,Yes,No,Fiber optic,No,Yes,No,Yes,No,No,Month-to-month,No,Mailed check,101.55,2055.0,No
Female,0,Yes,No,35,Yes,No phone service,DSL,No internet service,Yes,No internet service,No,No,No,One year,No,Credit card (automatic),117.9,4126.0,No
Male,0,Yes,Yes,57,Yes,Yes,No,No,No,No,No internet service,No internet service,Yes,One year,No,Mailed check,23.72,1358.89,No
Female,0,No,Yes,54,Yes,No,Fiber optic,No internet service,No internet service,No,No,Yes,No internet service,One year,No,Credit card (automatic),18.0,931.05,Yes
Female,1,No,Yes,34,Yes,No phone service,DSL,No,No internet service,Yes,No,No,No,Month-to-month,No,Credit card (automatic),50.88,1742.8,No
Male,0,Yes,No,24,Yes,No,Fiber optic,Yes,No,Yes,No,No internet service,No internet service,Month-to-month,Yes,Electronic check,35.21,905.13,No
Female,0,No,No,71,Yes,No,DSL,No,Yes,No,No,Yes,Yes,Month-to-month,Yes,Credit card (automatic),53.51,3860.21,No
Male,1,No,No,60,Yes,Yes,Fiber optic,No,No,No,No,No internet service,Yes,Month-to-month,No,Bank transfer (automatic),81.61,4984.49,Yes
Female,0,Yes,No,17,Yes,Yes,Fiber optic,No,No internet service,No,No,No internet service,Yes,Month-to-month,No,Bank transfer (automatic),97.59,1601.04,No
Male,1,No,Yes,57,Yes,Yes,No,Yes,No,No,No,No internet service,No internet service,Two year,No,Credit card (automatic),63.21,3595.81,No
Male,0,No,No,56,No,No phone service,Fiber optic,No,No,No internet service,No,Yes,Yes,Month-to-month,Yes,Credit card (automatic),90.06,5012.72,No
Female,1,No,Yes,62,No,No,No,Yes,No,No,No,Yes,Yes,Two year,Yes,Credit card (automatic),54.74,3340.93,No
Female,0,No,No,11,Yes,No,DSL,No,No internet service,Yes,Yes,No,Yes,Month-to-month,Yes,Credit card (automatic),103.05,1143.35,Yes
Male,0,Yes,No,10,Yes,No,DSL,No internet service,No,Yes,No,No internet service,No,One year,Yes,Electronic check,26.2,168.61,Yes
Female,0,No,No,12,Yes,No,No,No,No,Yes,No internet service,No internet service,Yes,Two year,No,Bank transfer (automatic),68.01,908.99,No
Female,0,No,No,34,Yes,No,DSL,Yes,No,No internet service,Yes,No,Yes,Two year,Yes,Electronic check,18.0,558.27,No
Female,0,No,No,26,Yes,No,No,No,No,No,Yes,No,No,Month-to-month,Yes,Bank transfer (automatic),73.11,1826.96,No
Male,0,No,Yes,66,Yes,No,DSL,No,No,No,No,Yes,No,Two year,Yes,Credit card (automatic),72.58,4780.51,No
Male,0,Yes,Yes,44,Yes,Yes,DSL,No,Yes,Yes,No,No,No,Month-to-month,Yes,Bank transfer (automatic),18.68,826.64,No
Male,0,No,No,66,Yes,Yes,Fiber optic,No,No,No,No,Yes,Yes,Month-to-month,Yes,Bank transfer (automatic),67.52,4499.89,Yes
Male,0,No,No,21,Yes,Yes,Fiber optic,No internet service,Yes,No,Yes,No,No,One year,No,Mailed check,77.11,1636.2,No
Male,0,Yes,Yes,41,Yes,Yes,No,No internet service,No internet service,Yes,No internet service,No,Yes,Two year,No,Mailed check,96.13,3979.44,No
Male,1,Yes,No,19,Yes,Yes,No,No,Yes,No,No,No,No internet service,Two year,No,Credit card (automatic),105.22,2055.55,No
Male,0,No,No,47,Yes,Yes,Fiber optic,No,No internet service,Yes,No,No,Yes,Month-to-month,No,Electronic check,65.06,3015.57,No
Male,1,Yes,No,17,Yes,Yes,Fiber optic,Yes,No internet service,Yes,No,No,No,One year,No,Mailed check,75.07,1364.16,No
Male,0,Yes,No,69,Yes,No,Fiber optic,No,No,Yes,No,No,Yes,Two year,Yes,Credit card (automatic),23.6,1631.64,Yes
Female,0,Yes,No,5,No,No,Fiber optic,Yes,Yes,No internet service,Yes,No internet service,No,Month-to-month,Yes,Electronic check,67.29,375.55,No
Male,0,Yes,No,38,Yes,Yes,No,Yes,Yes,Yes,No,Yes,Yes,One year,Yes,Mailed check,75.1,2856.32,No
Female,0,Yes,No,10,Yes,Yes,Fiber optic,No internet service,Yes,No,No,Yes,No,Month-to-month,Yes,Bank transfer (automatic),52.38,487.87,Yes
Female,0,Yes,No,24,Yes,No,DSL,No internet service,Yes,Yes,No internet service,Yes,Yes,Month-to-month,Yes,Mailed check,66.44,1595.39,Yes
Female,0,Yes,No,54,Yes,No,Fiber optic,No internet service,No,No,No,Yes,Yes,One year,Yes,Credit card (automatic),76.58,4160.11,No
Male,0,No,No,57,No,Yes,Fiber optic,No,No,Yes,No,No internet service,No internet service,Month-to-month,Yes,Mailed check,28.41,1616.84,No
Male,1,No,Yes,36,Yes,No,Fiber optic,No,No,No internet service,No internet service,Yes,No,Month-to-month,No,Mailed check,81.69,2968.65,Yes
Male,0,Yes,Yes,15,Yes,No,Fiber optic,No,No internet service,No,No,No internet service,Yes,Month-to-month,No,Electronic check,72.97,1155.78,No
Male,0,Yes,No,69,Yes,Yes,No,No internet service,No,No internet service,Yes,No internet service,Yes,One year,Yes,Electronic check,53.82,3697.18,No
Female,0,No,No,72,Yes,Yes,DSL,No,Yes,No,No,Yes,No,Month-to-month,No,Bank transfer (automatic),90.98,6532.52,Yes
Male,0,Yes,No,36,Yes,No,Fiber optic,Yes,Yes,Yes,No,No,Yes,Month-to-month,No,Credit card (automatic),53.08,1958.91,Yes
Male,0,Yes,Yes,52,Yes,No,No,No,No,No,No,No,No,One year,Yes,Bank transfer (automatic),120.0,6286.3,No
Male,0,Yes,Yes,15,Yes,No,No,No,Yes,Yes,No,No internet service,No internet service,Month-to-month,No,Bank transfer (automatic),84.27,1296.64,No
Male,0,No,No,17,Yes,No,DSL,No,No,No internet service,No,Yes,Yes,Two year,Yes,Mailed check,62.95,1085.97,No
Male,0,No,Yes,18,Yes,No,Fiber optic,No,No,Yes,No,No internet service,Yes,Month-to-month,Yes,Bank transfer (automatic),86.22,1558.47,Yes
Female,0,No,Yes,43,Yes,No,Fiber optic,No,No,Yes,Yes,No internet service,No,Month-to-month,Yes,Electronic check,91.07,3892.1,Yes
Male,0,No,No,1,Yes,No phone service,No,Yes,Yes,No,Yes,No,No,Month-to-month,Yes,Bank transfer (automatic),36.15,74.69,Yes
Female,1,No,Yes,57,Yes,Yes,Fiber optic,Yes,No internet service,Yes,No,Yes,Yes,Month-to-month,Yes,Credit card (automatic),58.87,3387.93,Yes
Male,0,Yes,No,9,No,Yes,Fiber optic,No,No,Yes,No,Yes,No,Two year,Yes,Bank transfer (automatic),47.76,479.63,Yes
Female,0,No,No,45,Yes,Yes,No,Yes,No internet service,No,Yes,No internet service,No,Month-to-month,No,Credit card (automatic),120.0,5481.04,No
Male,0,Yes,Yes,18,Yes,Yes,No,Yes,Yes,Yes,No internet service,Yes,No,One year,No,Credit card (automatic),18.0,284.37,No
Male,1,No,No,37,Yes,No,Fiber optic,No internet service,No,Yes,No internet service,No,No,Month-to-month,No,Bank transfer (automatic),83.99,3166.08,No
Female,0,No,No,36,Yes,No,Fiber optic,No internet service,Yes,No,No,Yes,No,One year,No,Bank transfer (automatic),45.17,1664.13,Yes
Female,0,No,No,44,Yes,No phone service,Fiber optic,Yes,No,Yes,No internet service,No internet service,Yes,Two year,No,Bank transfer (automatic),39.62,1779.09,No
Female,0,Yes,No,33,No,Yes,Fiber optic,Yes,No internet service,No,No,No,No internet service,Month-to-month,Yes,Credit card (automatic),75.56,2541.41,Yes
Male,0,Yes,No,1,Yes,No,Fiber optic,No,Yes,No,No,No internet service,No internet service,One year,No,Electronic check,68.02,18.25,Yes
Female,0,No,No,43,Yes,No,Fiber optic,No internet service,Yes,No,No,No internet service,Yes,Two year,No,Mailed check,87.52,3823.49,No
Male,0,No,No,26,Yes,Yes,DSL,No,Yes,No,Yes,No,Yes,One year,Yes,Bank transfer (automatic),71.92,1824.15,Yes
Male,0,No,No,47,Yes,No,No,No,Yes,Yes,Yes,No internet service,No,Month-to-month,Yes,Mailed check,40.65,1846.2,Yes
Female,0,Yes,Yes,6,Yes,No,No,Yes,Yes,No internet service,Yes,Yes,No internet service,Month-to-month,No,Bank transfer (automatic),95.29,590.24,Yes
Female,0,No,Yes,26,Yes,No,No,No,No,No internet service,No,Yes,Yes,Month-to-month,Yes,Credit card (automatic),65.6,1784.27,No
Male,0,No,Yes,70,Yes,Yes,Fiber optic,No,Yes,No,Yes,No,No,Two year,Yes,Credit card (automatic),37.82,2690.11,No
Male,0,No,No,17,Yes,Yes,Fiber optic,Yes,Yes,No,No internet service,No,Yes,One year,Yes,Mailed check,39.07,709.49,No
Female,0,No,Yes,32,Yes,No,Fiber optic,No,No,No internet service,Yes,No internet service,No,Two year,No,Electronic check,52.95,1732.51,No
Female,1,No,No,32,Yes,Yes,DSL,No,No,No,No internet service,No internet service,Yes,Month-to-month,Yes,Credit card (automatic),111.82,3570.07,Yes
Female,0,No,No,24,Yes,No,Fiber optic,No internet service,Yes,No,No internet service,No,No,Month-to-month,Yes,Mailed check,18.0,407.48,Yes
Male,0,No,Yes,13,Yes,Yes,No,No,No internet service,No,Yes,No internet service,Yes,Month-to-month,Yes,Credit card (automatic),83.66,1025.57,No
Male,0,No,No,37,Yes,Yes,DSL,No,No,Yes,No,Yes,No internet service,Month-to-month,No,Bank transfer (automatic),81.5,3048.05,No
Male,0,Yes,No,37,Yes,Yes,Fiber optic,No,No,No,No internet service,Yes,No,Month-to-month,No,Mailed check,88.66,3264.16,Yes
Male,0,Yes,Yes,3,Yes,Yes,DSL,Yes,No internet service,Yes,No internet service,No,No internet service,Month-to-month,Yes,Mailed check,62.16,245.33,Yes
Male,0,No,No,61,Yes,Yes,No,No internet service,No internet service,Yes,No internet service,Yes,Yes,Two year,Yes,Bank transfer (automatic),54.12,3316.35,Yes
Male,0,No,No,9,Yes,No phone service,Fiber optic,No,Yes,No internet service,No internet service,Yes,No internet service,Month-to-month,Yes,Mailed check,106.24,968.19,Yes
Female,0,No,No,34,Yes,Yes,Fiber optic,No,Yes,No,No,Yes,No,Month-to-month,No,Bank transfer (automatic),23.82,732.62,No
Male,0,No,Yes,22,Yes,Yes,Fiber optic,No,No,No,Yes,No,Yes,Two year,No,Electronic check,30.96,674.18,Yes
Male,0,Yes,No,64,Yes,No,Fiber optic,No internet service,No,Yes,No,Yes,Yes,Two year,No,Bank transfer (automatic),18.0,1151.4,No
Male,0,No,No,24,Yes,Yes,Fiber optic,Yes,Yes,Yes,No,No internet service,Yes,Month-to-month,Yes,Electronic check,51.09,1106.31,Yes
Female,0,No,No,52,Yes,Yes,DSL,No,Yes,No,Yes,No,Yes,Two year,Yes,Mailed check,120.0,6232.73,No
Male,0,Yes,Yes,16,Yes,No,Fiber optic,No,No,No,Yes,Yes,No internet service,Month-to-month,Yes,Bank transfer (automatic),33.95,542.54,No
Male,0,Yes,No,56,Yes,Yes,No,Yes,No internet service,No,No,Yes,Yes,Month-to-month,No,Mailed check,77.3,4324.36,No
Female,0,No,No,19,Yes,Yes,Fiber optic,No internet service,No,No internet service,Yes,No internet service,No internet service,Two year,No,Electronic check,49.09,890.56,No
Male,0,Yes,No,24,Yes,No,DSL,No internet service,No internet service,No internet service,No internet service,No,Yes,One year,No,Credit card (automatic),57.17,1419.98,No
Male,0,No,No,41,Yes,Yes,Fiber optic,Yes,Yes,No internet service,Yes,No,No,Two year,No,Credit card (automatic),36.33,1481.78,No
Male,0,Yes,No,44,Yes,No phone service,Fiber optic,No,Yes,No,Yes,No,No,Two year,No,Credit card (automatic),48.73,2051.66,No
Male,0,No,No,30,Yes,Yes,Fiber optic,Yes,Yes,Yes,Yes,No,No,Month-to-month,Yes,Credit card (automatic),37.92,1081.43,Yes
Male,1,No,No,64,No,No,DSL,No,No internet service,No internet service,Yes,No,No,One year,Yes,Credit card (automatic),112.95,7325.29,No
Female,0,No,No,51,Yes,No,DSL,No,No internet service,No internet service,No,No,No,Month-to-month,No,Electronic check,55.79,2832.01,No
Female,0,Yes,Yes,20,No,Yes,DSL,No,No,No,No internet service,No,No internet service,Month-to-month,No,Credit card (automatic),20.23,297.48,No
Female,0,No,No,29,Yes,Yes,No,Yes,Yes,Yes,No,No internet service,No,Month-to-month,Yes,Credit card (automatic),103.94,3026.73,Yes
Male,0,Yes,No,2,No,No,No,No,No,Yes,No,No,No,Month-to-month,No,Mailed check,18.0,0.0,Yes
Male,0,Yes,Yes,69,Yes,No,No,Yes,No internet service,No,No internet service,Yes,No,Two year,Yes,Bank transfer (automatic),85.98,5994.65,No
Male,0,No,No,42,Yes,Yes,Fiber optic,No,No internet service,No,No,No internet service,Yes,Two year,Yes,Bank transfer (automatic),62.14,2542.96,No
Female,1,No,Yes,28,Yes,Yes,No,Yes,No,Yes,Yes,Yes,Yes,One year,Yes,Bank transfer (automatic),101.37,2775.47,No
Male,0,No,No,2,Yes,No phone service,Fiber optic,No,No,No internet service,No,No,No internet service,Month-to-month,No,Bank transfer (automatic),34.7,123.79,Yes
Male,0,Yes,No,57,No,Yes,Fiber optic,No internet service,No,No,No,No internet service,No,One year,No,Electronic check,97.77,5519.73,Yes
Female,0,Yes,Yes,32,Yes,Yes,No,No,No,No,No internet service,Yes,No internet service,One year,No,Bank transfer (automatic),79.55,2571.54,No
Male,0,Yes,No,44,Yes,No phone service,Fiber optic,No,No,No,No internet service,Yes,No,Two year,Yes,Mailed check,70.46,3069.51,No
Female,0,No,Yes,68,Yes,Yes,Fiber optic,No,No internet service,Yes,No,No,Yes,Month-to-month,Yes,Electronic check,70.29,4769.83,No
Female,0,No,No,31,Yes,No,No,No internet service,Yes,No internet service,No,No,No,Month-to-month,No,Credit card (automatic),36.78,1158.87,Yes
Female,0,No,No,51,Yes,No,No,No,No internet service,Yes,No,Yes,Yes,Two year,Yes,Mailed check,120.0,6160.11,No
Male,0,No,No,63,Yes,No,Fiber optic,Yes,Yes,No,No,No,No internet service,Two year,No,Mailed check,66.15,4246.18,No
Male,0,Yes,Yes,39,Yes,Yes,DSL,Yes,No,No,No,Yes,Yes,Month-to-month,No,Credit card (automatic),58.55,2232.36,Yes
Male,0,Yes,Yes,12,Yes,No,Fiber optic,No internet service,No,Yes,Yes,Yes,No,Month-to-month,No,Credit card (automatic),53.17,599.19,No
Male,0,Yes,No,28,No,No phone service,DSL,No internet service,No,No,No,No,No,Two year,No,Mailed check,73.97,2078.08,No
Male,0,Yes,No,62,Yes,Yes,No,No,No internet service,Yes,No,Yes,No,One year,Yes,Electronic check,75.52,4697.83,No
Male,0,Yes,Yes,25,Yes,No,No,No,Yes,No internet service,Yes,No,No internet service,One year,No,Credit card (automatic),83.5,2026.34,No
Male,0,No,Yes,58,Yes,No,Fiber optic,No,No,No internet service,No,No internet service,No,Month-to-month,Yes,Bank transfer (automatic),57.06,3276.41,No
Female,0,Yes,Yes,48,Yes,No,Fiber optic,No,No,No internet service,No,Yes,Yes,Month-to-month,Yes,Mailed check,84.06,3986.38,Yes
Male,1,No,No,52,Yes,No,DSL,Yes,No internet service,No internet service,No,Yes,Yes,Month-to-month,Yes,Mailed check,93.31,4827.09,No
Female,1,Yes,No,30,Yes,No,No,No internet service,No,No internet service,No,No internet service,Yes,One year,Yes,Credit card (automatic),117.62,3539.35,No
Male,0,No,Yes,11,Yes,No,No,Yes,Yes,No,Yes,No,No internet service,Month-to-month,No,Credit card (automatic),72.93,825.42,Yes
Male,1,No,No,57,Yes,No,DSL,No,No internet service,No internet service,No,No,Yes,Month-to-month,No,Bank transfer (automatic),93.08,5367.87,Yes
Male,0,No,Yes,35,Yes,No,DSL,No,No internet service,Yes,No,No internet service,No,Month-to-month,Yes,Bank transfer (automatic),34.54,1230.23,Yes
Female,0,Yes,No,9,No,Yes,DSL,No,Yes,Yes,No internet service,No,No,Month-to-month,Yes,Bank transfer (automatic),56.19,436.58,Yes
Female,0,No,No,5,Yes,No,Fiber optic,Yes,No internet service,Yes,No,No internet service,No,Month-to-month,Yes,Bank transfer (automatic),24.99,128.49,Yes
Female,0,No,No,6,Yes,Yes,DSL,No,No,Yes,Yes,Yes,No,Month-to-month,No,Mailed check,28.35,174.06,Yes
Female,0,Yes,No,30,Yes,Yes,DSL,No,No internet service,Yes,No,No,No,Two year,No,Credit card (automatic),66.5,1934.57,No
Male,0,Yes,No,71,Yes,Yes,Fiber optic,Yes,No,No,No internet service,No,Yes,Month-to-month,Yes,Electronic check,82.21,5807.51,No
Female,0,Yes,No,2,No,No,Fiber optic,No internet service,Yes,No,Yes,No,Yes,Month-to-month,Yes,Credit card (automatic),79.85,191.96,Yes
Male,0,No,No,46,Yes,Yes,No,No internet service,No internet service,No,No internet service,Yes,No internet service,Month-to-month,Yes,Credit card (automatic),43.18,1935.21,Yes
Male,0,No,No,0,No,No,No,No,No internet service,No,No,No internet service,No,Two year,Yes,Bank transfer (automatic),87.9,41.82,No
Female,0,No,Yes,44,No,No,Fiber optic,No,Yes,No internet service,No internet service,No internet service,Yes,Month-to-month,No,Bank transfer (automatic),30.67,1315.4,No
Female,0,Yes,No,53,Yes,No,DSL,No,No,No internet service,No,Yes,No,Month-to-month,Yes,Mailed check,45.42,2402.04,Yes
Female,0,Yes,No,49,Yes,Yes,Fiber optic,No,No internet service,No,No,No,Yes,Month-to-month,Yes,Bank transfer (automatic),61.74,2960.98,Yes
Female,1,No,Yes,6,Yes,Yes,DSL,No internet service,No,Yes,No internet service,Yes,Yes,One year,Yes,Mailed check,39.45,237.33,No
Female,1,Yes,Yes,62,Yes,No phone service,DSL,No,No internet service,No,No internet service,Yes,Yes,One year,No,Credit card (automatic),42.28,2624.8,No
Female,0,No,No,14,Yes,No,DSL,No,No,No,Yes,No,Yes,Month-to-month,Yes,Credit card (automatic),73.31,984.02,No
Female,1,No,Yes,66,No,Yes,Fiber optic,Yes,No,Yes,No internet service,No,No internet service,Month-to-month,No,Credit card (automatic),51.87,3405.23,Yes
Female,0,Yes,No,29,Yes,No phone service,DSL,No,No internet service,Yes,No,No,Yes,Month-to-month,No,Mailed check,59.93,1746.51,No
Male,1,No,No,67,Yes,Yes,Fiber optic,No,No,Yes,No internet service,No,No internet service,One year,No,Mailed check,112.21,7553.56,No
Female,0,Yes,No,35,Yes,No,DSL,No,No,No,No,No,No,One year,Yes,Mailed check,87.43,3064.41,No
Female,0,No,No,66,Yes,No,Fiber optic,No,No,No,Yes,Yes,Yes,Month-to-month,Yes,Bank transfer (automatic),64.16,4349.94,Yes
Male,0,Yes,No,4,Yes,Yes,Fiber optic,No,No,No,No,Yes,Yes,One year,Yes,Electronic check,46.36,210.73,No
Female,0,No,No,24,Yes,Yes,Fiber optic,No,No,No internet service,No internet service,No,Yes,Month-to-month,Yes,Bank transfer (automatic),95.92,2354.19,Yes
Male,0,Yes,Yes,10,Yes,No,No,No internet service,No internet service,No internet service,No,No,No,One year,Yes,Electronic check,33.34,255.38,Yes
Male,0,Yes,No,71,Yes,Yes,No,No,Yes,No,No internet service,No,No internet service,One year,Yes,Bank transfer (automatic),52.95,3743.09,No
Female,0,No,Yes,65,Yes,No,Fiber optic,No,Yes,No,Yes,No,Yes,Two year,Yes,Credit card (automatic),64.23,4212.15,Yes
Male,0,Yes,Yes,27,Yes,No,Fiber optic,No,No internet service,Yes,Yes,No internet service,Yes,Month-to-month,Yes,Mailed check,61.22,1672.0,No
Male,0,No,No,59,Yes,Yes,DSL,No,Yes,No,No,No,No internet service,Month-to-month,No,Bank transfer (automatic),18.0,1135.42,Yes
Male,0,Yes,Yes,9,Yes,No,Fiber optic,No,No internet service,No,No,No internet service,No internet service,Month-to-month,Yes,Mailed check,69.56,593.59,No
Male,0,No,No,49,No,Yes,DSL,Yes,No,Yes,Yes,Yes,No,Month-to-month,Yes,Bank transfer (automatic),93.37,4502.61,Yes
Female,0,Yes,Yes,38,Yes,Yes,DSL,No,No,Yes,No,No,No,Month-to-month,Yes,Credit card (automatic),74.0,2787.9,Yes
Male,0,No,Yes,36,Yes,No,No,Yes,No,No internet service,Yes,Yes,No,Month-to-month,No,Mailed check,92.62,3225.87,Yes
Female,0,Yes,Yes,62,Yes,No phone service,DSL,No,Yes,Yes,No,No,No,Month-to-month,No,Credit card (automatic),61.58,3869.7,Yes
Male,0,Yes,Yes,60,Yes,No,Fiber optic,No,No,No internet service,Yes,No internet service,No internet service,Two year,Yes,Electronic check,89.13,5246.26,No
Male,1,Yes,No,37,Yes,Yes,Fiber optic,Yes,No internet service,Yes,No internet service,Yes,No,One year,No,Mailed check,23.9,922.48,No
Male,0,No,No,32,Yes,No phone service,No,Yes,No internet service,Yes,No internet service,Yes,No internet service,Month-to-month,Yes,Bank transfer (automatic),112.03,3595.93,No
Male,0,Yes,No,44,Yes,Yes,Fiber optic,No internet service,No internet service,No,No internet service,No,No,Month-to-month,No,Mailed check,107.74,4822.64,No
Female,1,No,No,43,Yes,Yes,DSL,No internet service,No,Yes,No,Yes,No,Month-to-month,No,Electronic check,86.11,3727.35,Yes
Female,0,No,Yes,0,Yes,No,Fiber optic,No,Yes,No,No internet service,Yes,No,Month-to-month,No,Electronic check,80.02,132.37,Yes
Male,0,Yes,No,52,Yes,Yes,Fiber optic,No,No,No,No,No internet service,Yes,Month-to-month,No,Bank transfer (automatic),18.0,832.44,No
Male,0,No,Yes,46,Yes,No,No,Yes,No,No internet service,Yes,Yes,No,Month-to-month,Yes,Credit card (automatic),32.72,1536.16,Yes
Female,0,Yes,No,32,No,No phone service,Fiber optic,No,Yes,No internet service,Yes,Yes,No internet service,Two year,Yes,Mailed check,74.56,2512.01,No
Male,0,Yes,No,66,No,Yes,Fiber optic,No internet service,No internet service,No,No,Yes,Yes,One year,Yes,Credit card (automatic),41.15,2638.94,No
Male,0,No,No,14,Yes,No,Fiber optic,No internet service,No,Yes,No,No internet service,No,Month-to-month,No,Credit card (automatic),88.2,1294.19,No
Male,0,No,No,13,Yes,Yes,Fiber optic,No,No,Yes,No internet service,No,No,Two year,Yes,Bank transfer (automatic),58.69,738.62,No
Female,1,No,No,22,Yes,No,Fiber optic,No,Yes,Yes,No internet service,Yes,No internet service,Month-to-month,Yes,Mailed check,46.08,1035.38,No
Female,0,Yes,No,53,Yes,No,Fiber optic,No,Yes,No internet service,No internet service,Yes,No,Month-to-month,Yes,Electronic check,67.36,3608.06,Yes
Female,0,Yes,No,7,Yes,Yes,DSL,No,No internet service,No,No,Yes,No internet service,Month-to-month,Yes,Bank transfer (automatic),18.0,59.46,No
Male,0,Yes,Yes,53,Yes,Yes,Fiber optic,No internet service,No internet service,Yes,No,Yes,No internet service,One year,No,Credit card (automatic),18.0,979.77,No
Male,0,No,No,35,Yes,No,DSL,No,No,No,No,No internet service,Yes,Month-to-month,Yes,Electronic check,52.14,1783.96,Yes
Female,0,No,No,51,Yes,No,No,Yes,No internet service,No internet service,No internet service,Yes,No,Month-to-month,Yes,Credit card (automatic),52.28,2696.21,Yes
Female,0,No,No,5,Yes,No,No,Yes,Yes,No,No internet service,No internet service,No,Two year,Yes,Mailed check,55.48,299.31,No
Female,0,Yes,Yes,27,Yes,Yes,No,Yes,No internet service,No internet service,Yes,Yes,No,Month-to-month,No,Credit card (automatic),56.23,1663.16,No
Female,0,Yes,No,49,Yes,No,Fiber optic,Yes,No,No internet service,No,No internet service,Yes,One year,Yes,Electronic check,18.0,848.93,Yes
Male,0,Yes,No,37,Yes,Yes,No,Yes,No internet service,No,No,No,Yes,Two year,Yes,Mailed check,71.7,2657.02,No
Female,0,Yes,No,29,Yes,No,DSL,No,No,No internet service,No,Yes,No,Month-to-month,No,Bank transfer (automatic),101.89,2880.05,No
Male,0,Yes,Yes,72,Yes,Yes,DSL,Yes,No,No,Yes,No,Yes,Two year,Yes,Credit card (automatic),38.21,2819.7,Yes
Female,0,No,No,53,Yes,No,Fiber optic,No internet service,Yes,No,No,Yes,No,One year,Yes,Mailed check,69.59,3695.33,No
Male,0,No,No,70,No,Yes,DSL,No,No,No,No,Yes,Yes,Two year,No,Mailed check,98.29,6930.86,No
Female,0,No,No,45,Yes,No,No,No internet service,Yes,Yes,Yes,No internet service,Yes,Month-to-month,Yes,Bank transfer (automatic),46.73,2156.71,No
Female,0,Yes,No,27,Yes,No,DSL,No,No,No,No,Yes,No internet service,Two year,Yes,Bank transfer (automatic),18.0,488.33,No
Female,1,Yes,No,16,Yes,No,Fiber optic,No internet service,No,No internet service,No internet service,Yes,Yes,Month-to-month,Yes,Electronic check,100.81,1589.34,Yes
Female,1,No,Yes,47,Yes,No,Fiber optic,No,No internet service,No internet service,No,Yes,Yes,Two year,Yes,Mailed check,34.6,1624.99,No
Male,0,Yes,Yes,43,No,No,DSL,Yes,Yes,No internet service,No internet service,No internet service,No,Month-to-month,Yes,Mailed check,58.72,2588.26,No
Female,1,No,No,59,No,No,DSL,No,No internet service,No internet service,No,No,No,Month-to-month,No,Electronic check,32.43,1933.57,Yes
Male,0,No,No,59,Yes,Yes,DSL,Yes,No internet service,No,No,Yes,Yes,Month-to-month,No,Credit card (automatic),34.4,2050.76,No
Male,1,Yes,Yes,4,Yes,No,DSL,No,No,Yes,No internet service,No internet service,No,Month-to-month,No,Mailed check,39.09,282.62,Yes
Male,0,No,No,68,No,No,No,No,Yes,No,No internet service,No,No,Month-to-month,Yes,Mailed check,78.9,5420.61,Yes
Male,1,Yes,No,69,Yes,Yes,DSL,No,Yes,Yes,No,No internet service,No,Month-to-month,Yes,Credit card (automatic),88.02,6052.98,Yes
Female,1,No,No,6,No,Yes,DSL,No internet service,No,Yes,Yes,Yes,No internet service,Month-to-month,No,Bank transfer (automatic),93.77,525.14,Yes
Male,0,No,Yes,52,Yes,No,Fiber optic,No internet service,No,Yes,Yes,No,Yes,Month-to-month,Yes,Bank transfer (automatic),76.92,3956.97,No
Male,1,Yes,Yes,16,Yes,Yes,Fiber optic,No,No,Yes,No,No internet service,No internet service,Month-to-month,Yes,Bank transfer (automatic),35.98,628.35,No
Male,0,Yes,No,58,Yes,No,No,No internet service,Yes,No,Yes,No,No internet service,Month-to-month,No,Electronic check,42.59,2409.53,No
Female,0,No,No,8,Yes,No,No,Yes,Yes,No internet service,No,No,No internet service,Two year,Yes,Credit card (automatic),54.64,438.09,No
Female,0,No,No,21,Yes,Yes,No,Yes,No internet service,No,Yes,Yes,No internet service,One year,Yes,Bank transfer (automatic),101.25,2177.27,No
Female,0,Yes,No,44,Yes,Yes,No,No,No,Yes,No internet service,No,Yes,Month-to-month,Yes,Electronic check,79.63,3458.32,No
Female,0,No,No,72,Yes,Yes,DSL,No,Yes,No internet service,No internet service,Yes,No internet service,Month-to-month,No,Credit card (automatic),65.74,4810.06,No
Male,0,Yes,No,58,Yes,Yes,Fiber optic,No,No internet service,No internet service,No internet service,No,No,One year,Yes,Bank transfer (automatic),80.03,4542.36,No
Male,1,Yes,No,12,Yes,Yes,Fiber optic,No internet service,No internet service,Yes,No internet service,No,Yes,Month-to-month,Yes,Mailed check,24.1,318.77,No
Female,0,Yes,No,11,Yes,No,Fiber optic,No,No,No,No internet service,No,No,Month-to-month,Yes,Mailed check,120.0,1310.18,Yes
Male,0,Yes,No,35,Yes,No,DSL,No,No,No,No,No,No,Month-to-month,No,Bank transfer (automatic),39.73,1404.19,No
Male,1,Yes,Yes,9,Yes,Yes,DSL,Yes,Yes,No,No internet service,No,No,Two year,Yes,Bank transfer (automatic),50.98,479.62,No
Male,1,No,No,15,Yes,Yes,Fiber optic,No,No,No internet service,No,Yes,No internet service,Month-to-month,Yes,Electronic check,32.97,490.21,Yes
Female,1,Yes,Yes,18,Yes,No,DSL,Yes,Yes,No,No internet service,Yes,No,One year,No,Mailed check,26.66,486.02,No
Female,0,Yes,No,5,Yes,No,DSL,No,No,Yes,No,No,Yes,Month-to-month,Yes,Credit card (automatic),45.91,202.77,Yes
Male,1,Yes,No,3,Yes,Yes,Fiber optic,Yes,No,No,No,No internet service,Yes,One year,Yes,Bank transfer (automatic),75.51,220.56,No
Female,0,No,Yes,29,Yes,Yes,Fiber optic,No internet service,No,No,No,Yes,No,Month-to-month,Yes,Credit card (automatic),67.61,1958.64,No
Female,0,No,No,45,Yes,No phone service,No,Yes,No,No internet service,Yes,No,No,Month-to-month,Yes,Bank transfer (automatic),29.15,1213.88,No
Female,0,Yes,No,26,Yes,Yes,Fiber optic,No,No,No,No internet service,No,No,Month-to-month,Yes,Mailed check,18.0,458.72,No
Female,0,Yes,No,44,Yes,No,No,No internet service,Yes,No internet service,No,Yes,Yes,Two year,No,Bank transfer (automatic),18.0,767.18,No
Female,0,Yes,Yes,36,Yes,No,DSL,No,No,Yes,No,Yes,Yes,Month-to-month,Yes,Credit card (automatic),94.12,3413.9,No
Male,0,Yes,No,8,Yes,No,Fiber optic,No,No,No,No,No,Yes,Month-to-month,No,Mailed check,102.96,855.33,Yes
Female,0,Yes,Yes,60,Yes,No,DSL,No internet service,Yes,No,No,Yes,Yes,One year,No,Bank transfer (automatic),66.93,4091.33,No
Male,0,Yes,Yes,34,Yes,No phone service,Fiber optic,No,No internet service,No internet service,No internet service,Yes,No,One year,No,Mailed check,69.95,2463.44,No
Male,0,Yes,Yes,46,Yes,No,No,Yes,Yes,No,No internet service,No,Yes,Month-to-month,Yes,Electronic check,28.8,1264.09,No
Female,0,No,Yes,20,Yes,Yes,DSL,No,Yes,Yes,Yes,No,No internet service,Month-to-month,Yes,Credit card (automatic),75.62,1589.1,No
Male,0,Yes,No,16,Yes,No,Fiber optic,No,No,Yes,No,No,No,Month-to-month,No,Bank transfer (automatic),51.39,697.21,No
Male,0,No,No,54,No,Yes,No,No,No internet service,Yes,Yes,No,No,Month-to-month,No,Bank transfer (automatic),18.0,972.45,No
Male,0,No,No,5,Yes,No phone service,Fiber optic,No,Yes,No,Yes,No internet service,No,Two year,No,Bank transfer (automatic),23.35,124.25,No
Female,0,No,No,34,Yes,Yes,DSL,No internet service,Yes,No,Yes,Yes,No,Month-to-month,Yes,Credit card (automatic),106.14,3643.47,Yes
Female,1,Yes,Yes,49,No,Yes,DSL,Yes,Yes,No internet service,Yes,No,No,Two year,Yes,Electronic check,93.53,4564.48,No
Male,0,Yes,No,36,Yes,No,DSL,No,No,No internet service,No,No,No internet service,Month-to-month,No,Credit card (automatic),60.67,2197.09,Yes
Female,0,Yes,Yes,12,Yes,No,DSL,No,No,No internet service,No internet service,No,Yes,Month-to-month,No,Bank transfer (automatic),72.53,860.19,No
Female,0,No,No,24,Yes,Yes,Fiber optic,No,No,Yes,No,Yes,No internet service,Month-to-month,Yes,Credit card (automatic),49.74,1271.44,No
Female,0,Yes,No,0,Yes,No,Fiber optic,No,Yes,No internet service,No,Yes,No internet service,One year,No,Bank transfer (automatic),51.81,3.1,No
Female,1,No,Yes,48,Yes,No,Fiber optic,No,Yes,Yes,Yes,Yes,No internet service,Month-to-month,No,Credit card (automatic),57.86,2842.28,No
Male,0,No,No,34,Yes,No,Fiber optic,No internet service,Yes,No,No internet service,Yes,Yes,One year,Yes,Mailed check,29.76,967.54,No
Male,0,Yes,Yes,52,Yes,No,DSL,No,No,Yes,No internet service,No,Yes,One year,No,Credit card (automatic),80.99,4274.03,No
Female,0,No,No,51,No,Yes,Fiber optic,No,No,Yes,No,No internet service,No,Month-to-month,Yes,Bank transfer (automatic),94.7,4783.69,Yes
Female,0,Yes,Yes,53,Yes,Yes,Fiber optic,Yes,No,Yes,Yes,No internet service,No internet service,Month-to-month,No,Bank transfer (automatic),80.91,4334.97,Yes
Male,0,Yes,No,46,Yes,No,DSL,Yes,No,No,Yes,No internet service,Yes,Month-to-month,No,Credit card (automatic),90.83,4184.25,No
Male,0,Yes,Yes,42,Yes,No,No,No,No,Yes,No,Yes,No,Two year,Yes,Credit card (automatic),63.59,2686.97,No
Female,0,Yes,No,19,No,No,DSL,Yes,No internet service,Yes,No,Yes,Yes,Month-to-month,No,Mailed check,23.5,567.76,No
Male,0,No,No,32,No,No,Fiber optic,No internet service,No,No,No internet service,No internet service,No internet service,Two year,No,Electronic check,67.67,2140.8,No
Female,0,Yes,No,15,Yes,Yes,DSL,Yes,No,No,Yes,No internet service,No internet service,Month-to-month,No,Electronic check,94.03,1461.82,No
Female,1,Yes,No,6,Yes,No,Fiber optic,No internet service,No,Yes,Yes,Yes,Yes,One year,Yes,Mailed check,99.54,614.11,No
Male,1,No,No,69,Yes,Yes,No,No internet service,No internet service,No,Yes,No,Yes,One year,Yes,Electronic check,89.84,6296.67,No
Male,0,No,No,20,Yes,No,No,No,No internet service,No,No,No,No,Month-to-month,No,Electronic check,73.55,1560.62,No
Female,0,Yes,Yes,35,Yes,Yes,DSL,No internet service,No,Yes,Yes,Yes,No,Two year,Yes,Bank transfer (automatic),119.96,4269.71,No
Female,0,No,Yes,53,No,Yes,No,No internet service,Yes,No internet service,Yes,No internet service,No,One year,Yes,Bank transfer (automatic),71.66,3820.57,Yes
Male,0,No,No,18,Yes,Yes,DSL,No,No,No internet service,No,No internet service,No internet service,Month-to-month,Yes,Bank transfer (automatic),24.65,369.24,No
Female,0,Yes,No,24,Yes,No,No,No,No,Yes,Yes,No internet service,No internet service,One year,Yes,Credit card (automatic),48.12,1152.59,No
Male,1,Yes,No,66,Yes,No,Fiber optic,No internet service,No internet service,No,No internet service,No,No,One year,No,Credit card (automatic),67.67,4374.32,No
Female,1,Yes,Yes,52,Yes,Yes,Fiber optic,No internet service,Yes,No,No internet service,No internet service,Yes,Month-to-month,No,Electronic check,18.0,875.52,Yes
Male,0,No,No,47,Yes,No,No,Yes,No internet service,Yes,Yes,No,Yes,Month-to-month,No,Credit card (automatic),54.38,2530.35,No
Male,0,No,Yes,41,Yes,No,Fiber optic,No,No,No,No,No internet service,No,Month-to-month,No,Bank transfer (automatic),97.06,4016.32,Yes
Male,0,No,No,46,Yes,No,DSL,No,No internet service,No,Yes,No internet service,No,Two year,No,Credit card (automatic),103.75,4713.31,No
Female,0,No,No,41,Yes,Yes,DSL,No,No internet service,No internet service,No internet service,No,Yes,One year,Yes,Electronic check,71.37,2867.99,No
Female,0,Yes,Yes,1,Yes,No,No,No,No internet service,Yes,No,No,Yes,Month-to-month,No,Bank transfer (automatic),57.81,0.0,Yes
Male,0,Yes,No,5,Yes,No,Fiber optic,No,Yes,No,No,No internet service,No,Month-to-month,Yes,Electronic check,81.64,487.51,Yes
Female,0,Yes,Yes,45,Yes,Yes,Fiber optic,Yes,Yes,No internet service,No,Yes,No,Month-to-month,Yes,Credit card (automatic),73.48,3305.76,Yes
Male,0,No,No,65,Yes,No phone service,DSL,No,No,No internet service,Yes,Yes,No,Month-to-month,Yes,Mailed check,26.85,1795.89,No
Male,0,No,No,39,Yes,Yes,DSL,No,No,No,No internet service,No,Yes,Month-to-month,Yes,Mailed check,55.85,2205.92,Yes
Female,1,Yes,No,57,Yes,Yes,DSL,No internet service,No internet service,Yes,No internet service,No internet service,Yes,Month-to-month,Yes,Bank transfer (automatic),76.82,4342.6,No
Female,0,No,No,32,Yes,Yes,DSL,No,No,No,No internet service,Yes,Yes,Two year,Yes,Electronic check,18.0,590.63,No
Male,0,Yes,Yes,61,Yes,No,Fiber optic,Yes,Yes,No,No,No internet service,No internet service,Two year,Yes,Mailed check,59.54,3681.15,No
Female,0,Yes,No,11,Yes,No phone service,DSL,No,No,No,No,No internet service,No,Month-to-month,Yes,Mailed check,61.64,640.61,Yes
Female,0,Yes,No,48,Yes,No,DSL,No,No,Yes,No,No,Yes,Month-to-month,Yes,Bank transfer (automatic),87.31,4226.82,No
Male,0,Yes,No,4,Yes,No,Fiber optic,No,Yes,No,No,Yes,Yes,Two year,Yes,Bank transfer (automatic),30.3,107.89,No
Male,0,Yes,Yes,50,Yes,No phone service,DSL,No,Yes,No internet service,Yes,No,No,Month-to-month,Yes,Electronic check,67.38,3408.06,Yes
Female,1,Yes,No,68,Yes,No,No,No internet service,Yes,No,No internet service,Yes,No,One year,Yes,Mailed check,18.0,1217.59,No
Male,0,Yes,No,31,Yes,No,DSL,Yes,No,No,No,No,No internet service,Two year,No,Electronic check,47.81,1559.15,No
Male,1,Yes,No,48,Yes,Yes,Fiber optic,Yes,Yes,Yes,No,No,No internet service,One year,No,Electronic check,65.43,3234.56,Yes
Female,0,No,No,59,Yes,No,Fiber optic,No,Yes,Yes,Yes,No,No internet service,Month-to-month,No,Bank transfer (automatic),18.12,1121.86,No
Male,0,Yes,No,45,Yes,Yes,DSL,No,No internet service,No,No,No,Yes,Two year,No,Electronic check,45.03,2132.67,No
Male,0,No,No,67,No,No,No,No,Yes,No,Yes,No,No,Two year,No,Credit card (automatic),79.89,5397.71,No
Female,0,Yes,No,40,Yes,No,Fiber optic,Yes,No,Yes,No internet service,Yes,No internet service,One year,Yes,Electronic check,86.07,3380.99,No
Female,0,Yes,Yes,66,Yes,No,DSL,No,No,No internet service,Yes,Yes,Yes,Month-to-month,Yes,Mailed check,84.15,5518.01,No
Male,0,Yes,No,12,Yes,No,No,No,No,Yes,Yes,No,No,Two year,Yes,Electronic check,18.61,330.8,No
Male,0,Yes,No,17,Yes,No,No,No internet service,Yes,Yes,No,No,No,Month-to-month,Yes,Credit card (automatic),29.12,447.06,Yes
Female,1,No,No,50,Yes,No,Fiber optic,No internet service,No internet service,No,No,No,Yes,Month-to-month,No,Credit card (automatic),60.53,3026.32,Yes
Female,1,Yes,No,35,Yes,No,DSL,No,Yes,Yes,No,Yes,Yes,Month-to-month,No,Mailed check,50.14,1655.28,No
Female,1,No,No,33,Yes,No,Fiber optic,No,Yes,Yes,Yes,Yes,No,Two year,No,Mailed check,57.56,1884.0,No
Female,0,No,Yes,11,Yes,Yes,Fiber optic,No,No,No,No,No internet service,No,Two year,Yes,Electronic check,41.27,518.0,No
Male,0,No,No,4,Yes,No,DSL,No internet service,No internet service,No internet service,No,No,Yes,One year,No,Credit card (automatic),117.35,506.96,No
Female,0,No,No,47,Yes,No,Fiber optic,No,No,No,No,No internet service,No,Month-to-month,No,Credit card (automatic),30.0,1416.91,No
Female,0,No,No,39,Yes,No,Fiber optic,No,No,Yes,No,No internet service,Yes,Month-to-month,Yes,Electronic check,87.27,3328.82,Yes
Male,0,Yes,No,12,Yes,No,Fiber optic,No,No,No,Yes,No,Yes,Two year,No,Mailed check,102.44,1277.93,No
Female,0,No,No,25,Yes,Yes,Fiber optic,Yes,Yes,Yes,No,No,No,One year,Yes,Credit card (automatic),36.93,977.72,No
Male,0,Yes,Yes,13,Yes,No,No,No,No,No,No,Yes,Yes,Two year,Yes,Electronic check,106.81,1399.07,No
Female,0,Yes,No,10,Yes,No,No,No internet service,No internet service,No,No internet service,Yes,Yes,Month-to-month,Yes,Mailed check,117.47,1190.28,No
Female,1,Yes,No,37,No,No phone service,Fiber optic,No,No,Yes,No,No internet service,No internet service,One year,No,Electronic check,53.16,1950.2,No
Female,0,No,No,56,Yes,Yes,DSL,No,Yes,No,No,No internet service,No,Two year,Yes,Mailed check,77.65,4342.31,No
Male,0,No,No,21,Yes,Yes,No,Yes,No,No internet service,No internet service,No,Yes,Month-to-month,Yes,Mailed check,41.3,806.0,No
Male,0,Yes,Yes,15,Yes,No,DSL,No internet service,No internet service,No,Yes,No,No internet service,Month-to-month,Yes,Credit card (automatic),106.12,1657.87,No
Female,1,No,Yes,28,Yes,No,DSL,No internet service,No,No internet service,No,No internet service,Yes,Month-to-month,Yes,Bank transfer (automatic),18.0,543.49,No
Male,0,Yes,No,1,Yes,No,Fiber optic,No,Yes,No,No internet service,Yes,Yes,Two year,Yes,Credit card (automatic),34.99,39.82,No
Male,0,Yes,No,53,Yes,No phone service,Fiber optic,No,No,No,Yes,No,No,One year,Yes,Electronic check,89.52,4720.88,Yes
Male,0,Yes,No,1,Yes,Yes,Fiber optic,Yes,Yes,No internet service,No internet service,No,No internet service,One year,Yes,Mailed check,84.45,154.39,No
Male,0,Yes,No,2,Yes,Yes,Fiber optic,Yes,Yes,No,No internet service,Yes,No,Month-to-month,Yes,Credit card (automatic),67.98,175.75,Yes
Male,0,Yes,No,55,No,Yes,No,No,No internet service,No,Yes,No,No,One year,Yes,Mailed check,92.05,5106.85,No
Male,0,No,No,71,Yes,No,No,No,No internet service,No internet service,Yes,Yes,Yes,One year,No,Credit card (automatic),18.0,1325.37,No
Female,0,No,Yes,10,Yes,Yes,Fiber optic,No,No internet service,No internet service,Yes,Yes,Yes,Month-to-month,No,Electronic check,89.97,925.86,Yes
Female,0,Yes,No,31,Yes,Yes,Fiber optic,No,No,Yes,No,No,No,Two year,Yes,Electronic check,72.32,2227.87,No
Male,0,No,No,3,Yes,Yes,Fiber optic,No,No,No,No internet service,Yes,Yes,Month-to-month,Yes,Electronic check,86.63,146.06,Yes
Female,1,No,Yes,8,Yes,No,DSL,No internet service,No,No,No,No,Yes,Month-to-month,No,Credit card (automatic),52.53,367.58,Yes
Female,0,No,No,55,Yes,No,Fiber optic,Yes,Yes,Yes,No,Yes,No internet service,Month-to-month,Yes,Bank transfer (automatic),99.93,5400.71,Yes
Female,0,No,No,15,Yes,Yes,No,No,No,Yes,Yes,No,Yes,Month-to-month,No,Electronic check,92.73,1410.68,No
Female,0,Yes,No,70,Yes,Yes,No,Yes,Yes,Yes,No,No,Yes,One year,Yes,Credit card (automatic),58.34,4131.63,No
Male,0,No,Yes,9,Yes,Yes,Fiber optic,No,No,Yes,No internet service,No internet service,Yes,Month-to-month,Yes,Bank transfer (automatic),46.88,434.24,Yes
Female,0,No,No,35,Yes,No,No,No,No,No internet service,No,No,No,Two year,No,Credit card (automatic),68.83,2343.99,No
Female,0,Yes,Yes,23,Yes,Yes,No,Yes,Yes,No,No,No internet service,No,Month-to-month,No,Credit card (automatic),34.01,759.01,No
Male,0,Yes,Yes,63,Yes,No,No,Yes,No internet service,No internet service,No,No internet service,Yes,Month-to-month,Yes,Electronic check,54.75,3473.24,No
Male,0,No,No,55,Yes,No,No,No,No,No internet service,Yes,No internet service,No internet service,One year,Yes,Bank transfer (automatic),98.7,5386.78,No
Female,0,Yes,No,21,Yes,No phone service,No,Yes,Yes,No,Yes,No internet service,Yes,One year,No,Credit card (automatic),42.13,889.42,No
Female,0,No,No,51,Yes,Yes,DSL,No,Yes,No internet service,Yes,Yes,No,Month-to-month,Yes,Credit card (automatic),33.28,1710.23,Yes
Female,1,Yes,No,49,Yes,No,No,Yes,Yes,No,No,No,No,Two year,No,Credit card (automatic),108.43,5337.62,No
Female,0,No,No,46,Yes,Yes,Fiber optic,No,No internet service,No,No,No internet service,Yes,One year,Yes,Credit card (automatic),76.15,3445.3,No
Female,0,Yes,No,22,Yes,No,Fiber optic,No,Yes,Yes,No internet service,Yes,No internet service,Month-to-month,Yes,Electronic check,74.79,1716.39,No
Female,0,No,No,18,Yes,No,No,No,Yes,No,Yes,Yes,No,Month-to-month,Yes,Credit card (automatic),68.63,1255.38,No
Male,0,No,No,51,Yes,No,DSL,No internet service,Yes,Yes,Yes,No,No,Month-to-month,No,Bank transfer (automatic),39.51,2000.39,No
Female,0,Yes,No,33,Yes,No,DSL,No,No,Yes,No,No internet service,Yes,Two year,Yes,Mailed check,110.9,3657.39,No
Female,0,No,No,28,Yes,No,Fiber optic,No internet service,No,Yes,No internet service,No internet service,Yes,Month-to-month,Yes,Bank transfer (automatic),54.82,1626.22,No
Male,1,Yes,Yes,60,Yes,Yes,No,Yes,Yes,No,No,No internet service,Yes,Month-to-month,Yes,Credit card (automatic),18.0,1051.45,No
Male,0,Yes,No,34,Yes,No,No,Yes,Yes,No,No internet service,Yes,No,Month-to-month,No,Credit card (automatic),50.33,1678.11,No
Male,0,Yes,No,4,Yes,No,No,No internet service,No internet service,No internet service,Yes,No,Yes,Month-to-month,No,Bank transfer (automatic),107.75,434.71,No
Male,0,No,No,6,Yes,No,No,No,No,No internet service,No,No,No,One year,No,Mailed check,60.54,291.85,No
Female,1,Yes,No,40,Yes,No phone service,No,No,Yes,No,No,No internet service,No,One year,No,Electronic check,103.61,4240.62,No
Female,0,Yes,Yes,1,Yes,No,DSL,No internet service,No,No,Yes,No,No internet service,Month-to-month,Yes,Mailed check,69.02,13.11,Yes
Female,0,Yes,No,9,Yes,No,Fiber optic,No,Yes,No internet service,Yes,No internet service,Yes,Month-to-month,No,Mailed check,47.08,457.46,No
Female,0,No,No,43,Yes,No,DSL,No internet service,No internet service,No,No internet service,Yes,No internet service,Month-to-month,Yes,Mailed check,43.24,1867.44,No
Female,0,No,Yes,69,Yes,Yes,DSL,No,No,No internet service,Yes,No internet service,No,One year,Yes,Bank transfer (automatic),95.67,6598.53,Yes
Female,0,Yes,No,34,No,No phone service,No,No internet service,Yes,Yes,No,No internet service,No,Two year,Yes,Mailed check,82.61,2832.94,No
Male,0,Yes,No,61,Yes,Yes,Fiber optic,No,No,No,No internet service,Yes,No,Month-to-month,No,Electronic check,27.11,1621.2,No
Female,0,No,No,72,Yes,No,No,No,Yes,Yes,Yes,No,Yes,Month-to-month,No,Credit card (automatic),85.61,6196.33,Yes
Male,1,Yes,No,19,Yes,No phone service,Fiber optic,No,No,No,No internet service,No internet service,No internet service,Month-to-month,No,Bank transfer (automatic),56.15,1022.04,No
Male,0,No,No,34,Yes,No,Fiber optic,Yes,No internet service,No,No internet service,No,No,Two year,No,Bank transfer (automatic),57.21,1902.66,Yes
Female,1,No,No,36,Yes,Yes,Fiber optic,No,No,No,Yes,Yes,No,Month-to-month,No,Mailed check,110.66,3923.76,No
Male,0,No,No,71,Yes,No,No,No,No,No,Yes,No internet service,No,Month-to-month,No,Credit card (automatic),120.0,8504.68,No
Female,0,Yes,No,53,Yes,No,Fiber optic,No,Yes,No,No internet service,Yes,No,Month-to-month,Yes,Credit card (automatic),41.61,2209.97,No
Male,0,No,No,27,Yes,No,DSL,No,No,Yes,No,No,No,Month-to-month,No,Credit card (automatic),18.0,515.66,Yes
Female,0,No,No,69,Yes,No,No,No,Yes,No internet service,No internet service,No,No,One year,No,Bank transfer (automatic),68.99,4739.27,No
Male,0,No,No,31,Yes,No,Fiber optic,No,Yes,No,No internet service,No internet service,No internet service,Month-to-month,No,Electronic check,95.7,2977.44,Yes
Female,0,Yes,No,10,Yes,Yes,DSL,No,No internet service,No internet service,No,No internet service,No,Month-to-month,Yes,Credit card (automatic),56.83,563.86,No
Female,0,Yes,No,41,Yes,No,Fiber optic,Yes,Yes,No,Yes,No,No internet service,One year,Yes,Bank transfer (automatic),45.66,1894.09,No
Female,0,Yes,No,22,Yes,Yes,DSL,No,No internet service,No,No,No internet service,Yes,Month-to-month,Yes,Mailed check,33.65,704.81,No
Female,0,No,No,29,Yes,No,No,No,No,No,No internet service,Yes,No,One year,Yes,Credit card (automatic),65.73,1930.52,No
Female,0,No,Yes,8,Yes,No,Fiber optic,No internet service,Yes,No,Yes,No internet service,Yes,Month-to-month,Yes,Mailed check,21.39,140.03,No
Male,1,Yes,Yes,58,Yes,No,No,No,Yes,Yes,No internet service,Yes,Yes,One year,No,Credit card (automatic),54.04,3155.51,No
Male,0,Yes,Yes,27,Yes,Yes,DSL,No internet service,No,Yes,Yes,No internet service,Yes,Month-to-month,No,Mailed check,53.73,1434.11,No
Male,0,Yes,Yes,32,Yes,Yes,No,Yes,No,Yes,Yes,Yes,No internet service,Two year,No,Bank transfer (automatic),79.44,2586.78,No
Female,0,No,No,46,Yes,No,Fiber optic,Yes,No,Yes,No,No,No,Month-to-month,Yes,Mailed check,89.41,4127.43,Yes
Male,0,No,Yes,21,Yes,No,DSL,No,No,Yes,No internet service,No internet service,Yes,Month-to-month,Yes,Bank transfer (automatic),50.85,1126.84,Yes
Female,0,Yes,No,28,Yes,No,DSL,No,No,No,No,No,No,Two year,Yes,Mailed check,27.85,804.44,No
Female,0,Yes,Yes,33,Yes,No,DSL,No,Yes,No,No,Yes,No internet service,Two year,Yes,Mailed check,25.18,826.37,No
Male,0,Yes,No,41,Yes,No,Fiber optic,No,No,No internet service,Yes,Yes,No,Month-to-month,Yes,Mailed check,91.76,3816.55,No
Male,0,No,No,51,Yes,No,DSL,No,No,Yes,No internet service,Yes,No internet service,Two year,Yes,Credit card (automatic),108.4,5454.02,No
Female,0,No,Yes,46,Yes,Yes,Fiber optic,No,No,No internet service,No,No,No internet service,Month-to-month,No,Electronic check,27.29,1254.4,Yes
Male,0,No,No,50,Yes,Yes,Fiber optic,Yes,Yes,Yes,No,No,No,One year,Yes,Electronic check,120.0,5996.63,No
Female,1,Yes,Yes,44,Yes,Yes,Fiber optic,No internet service,Yes,No internet service,Yes,Yes,Yes,Month-to-month,Yes,Credit card (automatic),120.0,5294.9,No
Female,0,No,No,33,No,Yes,No,No internet service,No internet service,No internet service,No,No,No,Month-to-month,No,Mailed check,38.85,1237.42,Yes
Female,0,Yes,No,20,Yes,No phone service,Fiber optic,No internet service,No internet service,No,No internet service,Yes,Yes,Month-to-month,No,Mailed check,59.3,1227.58,No
Female,0,No,No,12,Yes,No phone service,DSL,No,No internet service,No,No internet service,Yes,No internet service,One year,Yes,Credit card (automatic),86.12,1107.63,No
Female,0,Yes,Yes,53,Yes,No,Fiber optic,No,Yes,No internet service,Yes,No,Yes,Month-to-month,No,Bank transfer (automatic),62.71,3321.17,No
Male,1,No,No,24,Yes,Yes,DSL,No internet service,Yes,No,Yes,No,Yes,Month-to-month,No,Bank transfer (automatic),52.7,1245.82,No
Male,0,No,No,20,Yes,Yes,Fiber optic,No internet service,No,Yes,No internet service,Yes,No,Two year,No,Credit card (automatic),96.94,1960.59,No
Female,0,No,No,0,No,No,Fiber optic,No internet service,No,No,No,No,Yes,Month-to-month,Yes,Electronic check,85.97,0.0,Yes
Female,1,No,No,57,No,No,DSL,No,Yes,Yes,No,No internet service,Yes,Month-to-month,Yes,Bank transfer (automatic),37.38,2105.91,No
Male,0,Yes,No,68,Yes,No phone service,Fiber optic,Yes,No,No,No internet service,No,No internet service,One year,No,Credit card (automatic),80.77,5472.05,No
Male,0,Yes,No,70,Yes,Yes,DSL,No,Yes,No,No,No,No internet service,Month-to-month,Yes,Bank transfer (automatic),73.68,5132.9,No
Female,0,No,Yes,12,No,Yes,Fiber optic,No,Yes,No,Yes,Yes,Yes,Month-to-month,No,Credit card (automatic),59.6,703.01,No
Male,0,Yes,Yes,51,Yes,No phone service,No,No internet service,No,Yes,No internet service,No,No,Month-to-month,No,Bank transfer (automatic),50.59,2616.39,No
Female,0,Yes,No,22,Yes,No phone service,Fiber optic,No,Yes,Yes,No,No internet service,Yes,Month-to-month,Yes,Bank transfer (automatic),35.11,757.07,No
Male,1,Yes,Yes,20,Yes,No,No,Yes,No,No internet service,No,No,No,Two year,Yes,Credit card (automatic),56.31,1126.12,No
Female,1,No,Yes,5,Yes,Yes,No,Yes,Yes,No,No,No,No,Month-to-month,No,Electronic check,49.25,204.87,Yes
Male,0,Yes,Yes,19,Yes,No,DSL,Yes,No,Yes,No,No,No,Month-to-month,No,Electronic check,80.0,1569.52,No
Female,0,Yes,No,39,Yes,Yes,Fiber optic,No,No internet service,No,No internet service,Yes,Yes,Month-to-month,No,Bank transfer (automatic),103.2,3978.14,No
Male,0,Yes,No,8,Yes,Yes,DSL,No internet service,No,No internet service,Yes,Yes,No internet service,Month-to-month,No,Bank transfer (automatic),52.48,451.48,No
Male,1,Yes,No,49,Yes,No,Fiber optic,No,No internet service,No,No,No internet service,Yes,Month-to-month,No,Electronic check,72.37,3562.87,Yes
Female,0,No,Yes,27,Yes,No,Fiber optic,Yes,No,Yes,No,No,No,One year,No,Credit card (automatic),37.17,886.77,No
Male,0,No,No,10,Yes,Yes,Fiber optic,No,No,No,Yes,No,Yes,One year,Yes,Mailed check,61.84,565.01,No
Female,0,No,No,55,Yes,No,DSL,No,No internet service,No internet service,No,No,No,Two year,Yes,Bank transfer (automatic),84.79,4684.36,No
Male,0,Yes,No,34,Yes,No,DSL,No,Yes,No internet service,No,Yes,Yes,Month-to-month,Yes,Mailed check,59.79,2020.99,No
Female,0,No,No,24,Yes,No,Fiber optic,No,No,No internet service,Yes,No,Yes,Month-to-month,Yes,Bank transfer (automatic),54.03,1295.07,No
Male,0,No,No,18,Yes,Yes,Fiber optic,Yes,No internet service,Yes,Yes,No,No,Two year,Yes,Electronic check,52.91,932.99,No
Female,0,Yes,No,30,No,Yes,DSL,No internet service,Yes,No,No internet service,No internet service,Yes,Month-to-month,No,Credit card (automatic),74.17,2183.64,No
Male,0,No,Yes,49,Yes,No,Fiber optic,No,No,Yes,No,No internet service,Yes,Two year,No,Bank transfer (automatic),61.45,3132.07,No
Female,0,No,Yes,62,Yes,No,Fiber optic,No,No internet service,No,No,Yes,No internet service,Two year,No,Mailed check,38.74,2429.51,No
Male,0,No,Yes,46,Yes,No,Fiber optic,No internet service,No internet service,Yes,No,Yes,No internet service,Two year,No,Electronic check,96.24,4475.95,No
Female,1,No,No,0,Yes,Yes,DSL,No internet service,No internet service,No,No,No,No internet service,Month-to-month,Yes,Bank transfer (automatic),45.75,0.0,Yes
Female,0,Yes,Yes,57,Yes,Yes,No,No internet service,No,No,No,Yes,No internet service,Month-to-month,Yes,Credit card (automatic),101.6,5785.96,Yes
Female,0,Yes,No,9,Yes,Yes,Fiber optic,Yes,No,No,Yes,No,Yes,One year,No,Bank transfer (automatic),27.94,271.95,Yes
Male,0,No,Yes,7,Yes,Yes,Fiber optic,No internet service,No,Yes,No internet service,Yes,Yes,One year,Yes,Credit card (automatic),120.0,792.98,Yes
Female,0,Yes,No,25,Yes,Yes,No,No,Yes,Yes,No,Yes,No,Month-to-month,No,Credit card (automatic),102.45,2563.92,No
Male,0,Yes,No,33,Yes,Yes,DSL,Yes,No internet service,No,Yes,Yes,No internet service,Two year,Yes,Electronic check,30.31,1046.49,No
Female,1,No,No,18,Yes,No,Fiber optic,No internet service,No internet service,No,Yes,Yes,Yes,Month-to-month,Yes,Bank transfer (automatic),65.03,1173.68,No
Male,0,No,No,71,Yes,No,Fiber optic,Yes,No,No,No,Yes,No,Month-to-month,Yes,Credit card (automatic),66.14,4706.24,Yes
Female,0,Yes,Yes,0,Yes,No,DSL,No internet service,No,No internet service,No,No internet service,No internet service,Two year,Yes,Electronic check,42.69,49.92,No
Male,0,No,No,47,Yes,No phone service,Fiber optic,Yes,No,No,No,Yes,Yes,Month-to-month,No,Bank transfer (automatic),103.21,4832.39,Yes
Male,1,No,Yes,24,Yes,No,DSL,No,No,Yes,No,No,No,Month-to-month,No,Credit card (automatic),90.0,2208.56,No
Female,0,No,No,23,Yes,Yes,Fiber optic,Yes,No internet service,No,No,No,No,Month-to-month,No,Electronic check,92.68,2114.98,Yes
Male,0,Yes,No,46,Yes,Yes,Fiber optic,No internet service,No,No internet service,Yes,Yes,No,Month-to-month,No,Bank transfer (automatic),90.52,4098.57,No
Male,0,Yes,Yes,68,Yes,Yes,Fiber optic,Yes,No internet service,Yes,No,No internet service,No,Month-to-month,No,Credit card (automatic),45.83,3146.6,No
Female,0,Yes,Yes,66,Yes,No,No,No,No,No,No,No,Yes,Month-to-month,No,Electronic check,75.08,5000.42,Yes
Male,0,Yes,No,31,Yes,Yes,No,No,No internet service,No internet service,No internet service,Yes,Yes,Month-to-month,Yes,Electronic check,80.15,2406.41,No
Male,1,Yes,No,16,Yes,Yes,Fiber optic,No,No,No internet service,No,Yes,Yes,Two year,No,Bank transfer (automatic),32.29,459.7,No
Male,0,Yes,No,60,Yes,Yes,DSL,No,No,No,No,No,No internet service,Two year,No,Electronic check,50.72,2990.63,No
Female,0,Yes,No,68,Yes,No phone service,No,Yes,No internet service,Yes,Yes,No internet service,Yes,Month-to-month,Yes,Bank transfer (automatic),76.12,5110.12,Yes
Male,0,No,No,10,Yes,No,Fiber optic,No,Yes,No,No internet service,Yes,No internet service,Month-to-month,Yes,Bank transfer (automatic),24.79,273.09,No
Female,1,Yes,Yes,37,Yes,Yes,Fiber optic,No,No internet service,No internet service,No,No,No internet service,Month-to-month,Yes,Credit card (automatic),70.25,2619.61,No
Male,0,No,No,67,No,Yes,Fiber optic,No internet service,Yes,No internet service,Yes,No,No,One year,Yes,Bank transfer (automatic),61.28,4083.35,No
Male,0,No,Yes,18,Yes,Yes,DSL,No,No,Yes,No,Yes,Yes,One year,No,Electronic check,20.08,293.0,No
Male,0,Yes,No,16,Yes,Yes,Fiber optic,No,Yes,Yes,No internet service,No,Yes,Two year,No,Bank transfer (automatic),87.22,1375.3,No
Female,0,No,No,12,Yes,Yes,DSL,No,Yes,No,No,No,No,Month-to-month,No,Credit card (automatic),118.43,1460.79,Yes
Male,0,No,Yes,0,Yes,Yes,Fiber optic,No internet service,No,Yes,No,Yes,Yes,One year,Yes,Electronic check,55.99,59.94,Yes
Male,0,Yes,No,1,Yes,No,Fiber optic,Yes,Yes,No,No,No,Yes,Month-to-month,No,Credit card (automatic),48.78,0.0,No
Female,1,No,No,65,Yes,Yes,No,Yes,No internet service,Yes,No,No internet service,No internet service,Two year,Yes,Mailed check,69.07,4420.43,No
Male,0,Yes,No,67,Yes,No phone service,Fiber optic,No,No,Yes,No,No,Yes,One year,No,Credit card (automatic),81.4,5503.58,No
Female,0,No,Yes,15,Yes,Yes,Fiber optic,No,No internet service,Yes,No,No,No internet service,Month-to-month,No,Mailed check,29.99,531.73,Yes
Female,0,Yes,Yes,3,Yes,No phone service,DSL,No,No internet service,Yes,Yes,No,No,One year,No,Mailed check,82.62,275.54,No
Male,0,No,No,56,Yes,No,Fiber optic,No,No,Yes,No,No,No,Two year,Yes,Bank transfer (automatic),66.03,3636.51,No
Female,0,Yes,No,72,Yes,No,Fiber optic,Yes,Yes,No,No internet service,No internet service,No,Month-to-month,No,Electronic check,18.0,1248.96,Yes
Male,0,No,No,22,Yes,No,DSL,Yes,No,No,No,Yes,No,Month-to-month,Yes,Bank transfer (automatic),48.42,1065.33,Yes
Female,0,Yes,Yes,1,Yes,No,Fiber optic,No,No,Yes,No,No,No,Month-to-month,No,Electronic check,63.87,42.62,Yes
Female,0,No,No,66,Yes,No,Fiber optic,No,Yes,Yes,No internet service,No,No,Month-to-month,No,Credit card (automatic),51.55,3398.67,Yes
Male,0,No,No,25,Yes,Yes,Fiber optic,No internet service,No,Yes,No internet service,No,Yes,Month-to-month,No,Mailed check,71.52,1784.58,No
Female,0,Yes,No,6,Yes,Yes,No,No,No,No internet service,Yes,No internet service,No internet service,Two year,Yes,Mailed check,64.33,419.5,No
Female,0,No,No,43,Yes,Yes,DSL,No internet service,No,Yes,Yes,No,Yes,One year,Yes,Mailed check,43.72,1842.61,No
Female,0,Yes,No,32,No,Yes,Fiber optic,Yes,Yes,Yes,No,No internet service,No,One year,Yes,Credit card (automatic),109.22,3511.15,No
Female,0,No,No,63,Yes,Yes,Fiber optic,Yes,No,No,No,No internet service,Yes,One year,No,Credit card (automatic),18.0,1087.49,No
Female,0,No,No,35,Yes,Yes,DSL,Yes,Yes,No internet service,No,Yes,No,Two year,Yes,Bank transfer (automatic),42.82,1480.35,No
Male,0,No,No,3,Yes,No,No,No,No internet service,Yes,No,Yes,Yes,Two year,No,Bank transfer (automatic),92.46,268.48,Yes
Female,0,No,No,22,Yes,No,No,Yes,No,Yes,No,No internet service,No,One year,Yes,Electronic check,82.39,1814.09,No
Male,0,Yes,No,24,Yes,No,Fiber optic,No internet service,No,No,Yes,Yes,No internet service,Month-to-month,Yes,Electronic check,62.83,1435.64,No
Female,0,Yes,No,26,Yes,Yes,No,Yes,No internet service,No,No,No,No,Month-to-month,No,Mailed check,109.97,2801.21,No
Male,0,Yes,Yes,50,No,Yes,DSL,No,No,No,Yes,No,No,Month-to-month,No,Credit card (automatic),39.93,1976.58,Yes
Male,1,No,Yes,68,Yes,Yes,DSL,No,No,No,No,Yes,Yes,Month-to-month,No,Credit card (automatic),87.04,5976.57,No
Female,0,Yes,Yes,22,Yes,No,DSL,Yes,No,Yes,No,No,No,Month-to-month,Yes,Bank transfer (automatic),21.25,443.16,No
Female,0,No,Yes,8,Yes,No phone service,Fiber optic,No,Yes,Yes,No,Yes,No internet service,One year,Yes,Bank transfer (automatic),59.03,353.08,No
Female,0,No,Yes,32,Yes,Yes,Fiber optic,No,No,No internet service,No,No,Yes,One year,Yes,Electronic check,74.98,2428.85,No
Male,0,Yes,No,34,Yes,No,No,Yes,Yes,Yes,No,No,No,Month-to-month,Yes,Electronic check,80.39,2742.73,No
Female,0,No,No,49,Yes,No,Fiber optic,No internet service,Yes,No,No,No internet service,No,Two year,No,Bank transfer (automatic),48.39,2339.89,Yes
Male,0,Yes,No,23,No,Yes,DSL,No,No internet service,No internet service,Yes,No internet service,No,Month-to-month,Yes,Bank transfer (automatic),28.27,655.88,Yes
Male,0,Yes,Yes,23,Yes,No phone service,No,Yes,Yes,No,Yes,No,Yes,One year,No,Credit card (automatic),118.15,2783.83,No
Male,0,No,Yes,18,Yes,Yes,Fiber optic,No,Yes,No,Yes,Yes,Yes,One year,No,Electronic check,63.38,1133.45,No
Female,0,Yes,No,38,Yes,No phone service,No,Yes,No,Yes,Yes,No,Yes,One year,No,Bank transfer (automatic),33.9,1261.32,No
Female,0,Yes,No,60,Yes,No,Fiber optic,No internet service,No internet service,No internet service,No,No,Yes,Month-to-month,No,Bank transfer (automatic),48.18,2859.32,No
Male,1,No,No,24,Yes,Yes,DSL,No,No,Yes,No internet service,Yes,Yes,Two year,Yes,Mailed check,91.64,2177.04,No
Male,0,Yes,No,24,Yes,Yes,No,No,No internet service,No,No,No internet service,No,Month-to-month,Yes,Bank transfer (automatic),100.19,2367.13,Yes
Female,0,No,No,26,Yes,Yes,No,Yes,No internet service,Yes,No,Yes,Yes,One year,No,Bank transfer (automatic),45.8,1190.73,Yes
Male,0,No,No,31,Yes,Yes,Fiber optic,No internet service,No,No,Yes,No internet service,No internet service,Month-to-month,Yes,Credit card (automatic),120.0,3798.64,Yes
Female,1,Yes,No,10,Yes,No phone service,DSL,Yes,No,No internet service,No internet service,No,No,One year,No,Bank transfer (automatic),48.42,460.91,No
Male,0,Yes,No,68,Yes,No,DSL,No,Yes,No,Yes,No internet service,No,Month-to-month,No,Electronic check,46.17,3081.81,Yes
Female,0,No,No,32,Yes,No,Fiber optic,No,No,Yes,Yes,No,Yes,One year,No,Mailed check,41.71,1267.89,No
Male,0,Yes,No,18,Yes,No,Fiber optic,No,No internet service,No internet service,No internet service,No,Yes,Month-to-month,No,Credit card (automatic),38.89,612.16,No
Female,0,Yes,No,15,Yes,Yes,DSL,No internet service,No internet service,No internet service,Yes,No,No internet service,Two year,No,Electronic check,72.73,1058.71,Yes
Male,0,No,Yes,10,Yes,Yes,DSL,No internet service,No,No internet service,Yes,No,No,Two year,No,Mailed check,48.05,442.38,No
Female,0,Yes,No,68,Yes,Yes,No,Yes,No internet service,No,No,Yes,Yes,Month-to-month,Yes,Mailed check,35.61,2426.75,No
Female,0,No,No,54,Yes,Yes,No,No,No internet service,No,No internet service,No,No,Month-to-month,No,Bank transfer (automatic),50.63,2821.22,Yes
Male,0,Yes,No,24,Yes,Yes,Fiber optic,Yes,Yes,No,Yes,No internet service,Yes,One year,Yes,Mailed check,91.66,2223.24,No
Male,0,Yes,No,33,Yes,No,DSL,No,No,No,No,No internet service,No,Month-to-month,No,Mailed check,18.0,630.57,No
Female,0,Yes,No,11,Yes,Yes,DSL,No,No internet service,Yes,No,No internet service,No internet service,Month-to-month,No,Bank transfer (automatic),82.01,982.39,Yes
Male,0,No,No,20,Yes,No phone service,No,No,Yes,No,No,No,No,Month-to-month,Yes,Credit card (automatic),35.57,633.21,Yes
Female,0,No,No,28,Yes,Yes,Fiber optic,No internet service,Yes,Yes,No internet service,No,No internet service,One year,Yes,Bank transfer (automatic),105.86,3017.89,No
Male,0,No,Yes,50,Yes,Yes,Fiber optic,No,No,No,Yes,No internet service,No,Month-to-month,Yes,Credit card (automatic),117.52,5933.17,No
Female,1,Yes,No,22,Yes,No,DSL,No,Yes,No internet service,No,Yes,Yes,Month-to-month,No,Mailed check,55.76,1187.09,No
Female,0,Yes,Yes,32,No,No,DSL,No,No,No,Yes,No,No internet service,One year,No,Electronic check,115.55,3727.22,No
Female,0,Yes,Yes,7,Yes,No phone service,DSL,Yes,Yes,No internet service,No,No,No,Month-to-month,No,Credit card (automatic),41.25,212.18,No
Female,0,No,No,41,Yes,No,Fiber optic,No,No,Yes,No,Yes,No internet service,Month-to-month,No,Credit card (automatic),25.2,997.37,Yes
Female,1,No,Yes,68,Yes,Yes,Fiber optic,Yes,No internet service,No internet service,No internet service,No,No,Two year,Yes,Credit card (automatic),18.0,1307.24,No
Female,0,No,No,40,Yes,No phone service,DSL,No,No internet service,No internet service,Yes,Yes,Yes,One year,No,Credit card (automatic),18.04,705.29,No
Male,0,Yes,Yes,62,Yes,No phone service,No,No,Yes,No internet service,No,No,Yes,Month-to-month,No,Mailed check,64.81,3988.44,No
Male,0,No,Yes,13,Yes,No phone service,Fiber optic,No,No,No,No internet service,No,No,Month-to-month,Yes,Electronic check,29.24,329.11,No
Male,0,Yes,No,61,Yes,No,Fiber optic,Yes,No,No internet service,Yes,No,No,One year,Yes,Credit card (automatic),120.0,7322.05,Yes
Female,0,No,No,45,Yes,Yes,Fiber optic,No,No internet service,No internet service,No internet service,No,No internet service,Month-to-month,No,Electronic check,48.53,2128.39,Yes
Female,0,Yes,No,66,Yes,No,DSL,No,Yes,No internet service,Yes,No,Yes,Two year,No,Mailed check,41.13,2671.77,No
Female,0,No,No,52,Yes,No phone service,DSL,No internet service,No,No,No internet service,No internet service,No internet service,One year,No,Credit card (automatic),47.4,2532.98,No
Female,1,Yes,No,51,No,No,Fiber optic,No,No,No internet service,No internet service,No,No,Two year,No,Electronic check,77.27,3887.66,Yes
Male,0,Yes,No,6,Yes,No,DSL,No,No,No,No,No,No,Two year,Yes,Credit card (automatic),80.36,366.9,No
Male,0,No,No,53,Yes,No,Fiber optic,No,Yes,No,No,Yes,No,Month-to-month,No,Credit card (automatic),93.95,4957.19,No
Female,0,Yes,No,10,Yes,Yes,Fiber optic,No,No internet service,No,No internet service,No internet service,Yes,One year,Yes,Mailed check,72.39,770.72,No
Male,0,Yes,No,24,No,No,No,No,No,Yes,Yes,No,Yes,Two year,Yes,Credit card (automatic),104.37,2448.98,No
Male,0,No,Yes,58,Yes,No,Fiber optic,No,No internet service,No,Yes,Yes,Yes,One year,Yes,Electronic check,65.34,3760.27,No
Female,0,No,No,65,Yes,No,Fiber optic,No,No,No,No internet service,No,Yes,Month-to-month,No,Electronic check,71.0,4710.99,Yes
Male,0,No,No,26,Yes,No,No,No,Yes,No internet service,No,Yes,No,Month-to-month,Yes,Mailed check,76.42,2029.52,No
Female,1,Yes,No,57,Yes,No,Fiber optic,No,Yes,No,No internet service,No,No,Month-to-month,Yes,Bank transfer (automatic),61.22,3459.03,No
Male,1,No,No,10,Yes,Yes,DSL,No,No,No,No,Yes,No,One year,Yes,Bank transfer (automatic),64.82,656.04,No
Female,0,No,No,54,Yes,No,Fiber optic,No,No internet service,No,No,Yes,No internet service,One year,Yes,Mailed check,40.11,2173.92,No
Female,0,Yes,No,18,Yes,No,DSL,Yes,No internet service,No,No,Yes,No,Two year,Yes,Mailed check,20.73,300.82,No
Female,1,No,No,38,No,Yes,Fiber optic,No,No internet service,No,No internet service,No,No,One year,No,Bank transfer (automatic),100.97,3805.28,No
Female,0,Yes,Yes,69,Yes,No,Fiber optic,No,No,No internet service,No,No internet service,No,Two year,Yes,Bank transfer (automatic),58.52,4063.59,No
Male,1,Yes,Yes,10,Yes,No phone service,Fiber optic,Yes,Yes,No,No,Yes,No internet service,Month-to-month,Yes,Electronic check,39.17,333.98,No
Female,0,Yes,No,13,Yes,Yes,DSL,No,Yes,No,No,No,No,Month-to-month,Yes,Electronic check,72.99,940.28,Yes
Female,0,Yes,No,59,Yes,No,Fiber optic,No,No internet service,No internet service,Yes,Yes,Yes,Two year,Yes,Electronic check,103.26,5989.1,Yes
Female,0,No,Yes,35,Yes,Yes,Fiber optic,Yes,Yes,No,No internet service,Yes,No,One year,Yes,Bank transfer (automatic),88.27,3152.92,Yes
Male,0,No,Yes,40,Yes,No,Fiber optic,Yes,Yes,Yes,No,Yes,Yes,One year,No,Mailed check,92.75,3828.56,Yes
Female,0,No,No,1,Yes,Yes,DSL,Yes,No,Yes,No internet service,Yes,Yes,Month-to-month,Yes,Credit card (automatic),34.34,47.1,Yes
Male,0,No,No,56,Yes,No,No,No,Yes,No internet service,No internet service,Yes,Yes,One year,Yes,Electronic check,38.32,2117.12,No
Female,0,Yes,No,59,Yes,Yes,DSL,Yes,No,No,Yes,No internet service,No internet service,Two year,No,Credit card (automatic),47.89,2703.99,No
Male,0,No,No,19,Yes,Yes,No,No,Yes,Yes,No,No internet service,No,Month-to-month,Yes,Mailed check,78.21,1513.4,No
Male,0,No,Yes,21,Yes,Yes,Fiber optic,No,Yes,Yes,No internet service,Yes,No,One year,Yes,Bank transfer (automatic),80.91,1737.92,No
Female,1,Yes,No,3,Yes,No,DSL,No,Yes,No,No internet service,No internet service,Yes,Month-to-month,Yes,Electronic check,66.42,215.56,No
Male,0,No,Yes,55,Yes,Yes,DSL,No internet service,No,No internet service,No,No internet service,Yes,Month-to-month,Yes,Bank transfer (automatic),105.65,5869.66,No
Female,0,No,Yes,57,Yes,Yes,Fiber optic,No internet service,No,Yes,No,Yes,No internet service,One year,Yes,Mailed check,67.46,3865.55,No
Female,0,No,No,64,Yes,Yes,No,No,Yes,No,No internet service,Yes,No,Month-to-month,Yes,Electronic check,91.65,5838.76,Yes
Female,0,No,No,57,Yes,Yes,No,Yes,Yes,No internet service,No internet service,No,No,Month-to-month,Yes,Mailed check,18.0,937.87,No
Male,1,Yes,Yes,29,Yes,Yes,DSL,Yes,No internet service,No,No internet service,Yes,Yes,One year,Yes,Mailed check,80.73,2355.0,No
Male,0,Yes,Yes,18,Yes,Yes,Fiber optic,No internet service,No,No,No,No internet service,Yes,One year,No,Electronic check,120.0,2097.93,No
Female,0,Yes,No,61,Yes,No,DSL,Yes,No,No internet service,Yes,Yes,Yes,Month-to-month,No,Credit card (automatic),72.44,4444.85,No
Female,0,No,No,67,Yes,No,DSL,No internet service,No,No,No internet service,No internet service,Yes,Two year,No,Electronic check,62.83,4288.13,No
Male,0,No,Yes,43,Yes,No,No,No,No,No internet service,No,No,Yes,Month-to-month,No,Bank transfer (automatic),71.3,3152.31,Yes
Female,0,No,No,60,Yes,No,No,Yes,No internet service,No internet service,Yes,No,Yes,Two year,Yes,Credit card (automatic),67.03,3931.36,No
Female,1,Yes,Yes,20,Yes,No phone service,Fiber optic,No internet service,No internet service,Yes,No internet service,Yes,No,One year,Yes,Electronic check,31.38,683.45,No
Female,0,Yes,No,9,Yes,No,DSL,No internet service,Yes,No,No,Yes,No,Month-to-month,Yes,Electronic check,73.99,692.62,Yes
Male,0,No,No,29,Yes,Yes,Fiber optic,No,No internet service,No internet service,Yes,No internet service,No internet service,Month-to-month,No,Electronic check,50.39,1468.98,No
Male,0,No,No,23,Yes,No phone service,DSL,No,No,No,Yes,Yes,Yes,Month-to-month,No,Electronic check,59.37,1350.37,No
Male,0,Yes,No,47,No,Yes,No,No,No,No,No internet service,Yes,Yes,Month-to-month,No,Electronic check,43.48,1964.57,No
Female,0,No,No,54,Yes,No phone service,No,No,No,No internet service,No internet service,Yes,No,One year,Yes,Bank transfer (automatic),85.16,4588.21,No
Female,0,No,No,51,Yes,No,DSL,No,No internet service,No,No,Yes,Yes,Month-to-month,Yes,Mailed check,23.38,1227.75,Yes
Female,0,No,Yes,37,Yes,Yes,DSL,No,No internet service,No,No,Yes,Yes,Month-to-month,Yes,Bank transfer (automatic),53.0,1980.77,Yes
Male,0,No,Yes,66,Yes,No,No,Yes,Yes,Yes,No,No,No,One year,Yes,Mailed check,97.15,6389.56,No
Female,0,Yes,No,7,Yes,Yes,Fiber optic,Yes,No,No,No internet service,Yes,No internet service,Month-to-month,Yes,Electronic check,95.31,691.18,Yes
Female,0,No,Yes,28,Yes,Yes,Fiber optic,Yes,No internet service,No,No,Yes,Yes,One year,Yes,Bank transfer (automatic),58.33,1715.37,No
Female,0,No,No,9,Yes,Yes,DSL,No,No,No internet service,No,Yes,No internet service,Month-to-month,Yes,Mailed check,18.0,214.42,Yes
Female,0,Yes,No,68,Yes,No,DSL,No,No internet service,No,No,Yes,Yes,One year,No,Mailed check,108.72,7385.62,No
Male,1,Yes,No,67,Yes,Yes,DSL,Yes,No,Yes,No,No,No,One year,Yes,Electronic check,56.23,3748.29,Yes
Male,0,No,No,48,Yes,No,DSL,No,No,No,No,Yes,No internet service,Two year,No,Electronic check,49.24,2354.04,No
Female,0,Yes,No,57,Yes,No,Fiber optic,Yes,No,No,No,Yes,No,Month-to-month,No,Credit card (automatic),69.99,3944.34,No
Male,0,Yes,No,34,Yes,Yes,Fiber optic,No,No,No,No,No,No internet service,Month-to-month,No,Credit card (automatic),70.75,2447.4,Yes
Male,0,No,Yes,49,Yes,No,Fiber optic,No internet service,No,Yes,Yes,Yes,No,Month-to-month,No,Mailed check,57.07,2827.63,No
Female,0,Yes,No,39,Yes,No phone service,DSL,No internet service,No,No,No internet service,No internet service,No,Month-to-month,Yes,Credit card (automatic),66.93,2570.9,Yes
Female,0,No,Yes,11,Yes,No phone service,DSL,No internet service,No internet service,No,Yes,No internet service,No,Month-to-month,Yes,Bank transfer (automatic),74.01,859.5,Yes
Male,0,Yes,Yes,15,Yes,Yes,Fiber optic,No,Yes,No,No,Yes,No,One year,Yes,Mailed check,26.67,442.98,No
Female,0,No,No,47,Yes,No,Fiber optic,No,No internet service,No internet service,No,No,No,One year,Yes,Bank transfer (automatic),45.9,2198.09,No
Male,0,Yes,Yes,0,Yes,No,No,No internet service,No,No,Yes,No,Yes,Two year,Yes,Credit card (automatic),86.56,25.71,No
Female,0,Yes,Yes,64,Yes,No,Fiber optic,Yes,No internet service,Yes,No,No internet service,Yes,Month-to-month,Yes,Bank transfer (automatic),103.71,6555.78,Yes
Male,0,Yes,Yes,21,Yes,Yes,Fiber optic,No internet service,No,No,No,Yes,Yes,Month-to-month,No,Mailed check,93.12,2013.29,Yes
Female,0,No,No,14,No,Yes,Fiber optic,No,No internet service,No,No,No,No,Two year,Yes,Bank transfer (automatic),45.46,540.04,No
Male,1,No,No,66,Yes,Yes,No,No,No,No internet service,No,No,Yes,Month-to-month,Yes,Mailed check,88.29,5781.62,No
Male,0,Yes,Yes,13,Yes,Yes,DSL,No,Yes,Yes,No,No,Yes,One year,No,Credit card (automatic),42.77,598.28,No
Male,0,No,No,72,Yes,Yes,No,No,No,Yes,No,Yes,Yes,Two year,No,Mailed check,49.97,3631.82,No
Female,0,No,Yes,18,Yes,No,Fiber optic,No internet service,No,Yes,No internet service,No,Yes,Two year,No,Credit card (automatic),33.43,593.31,No
Male,1,No,No,39,Yes,Yes,No,Yes,No,No,Yes,Yes,No,Month-to-month,No,Electronic check,56.51,2174.19,No
Male,0,Yes,No,3,Yes,No,No,No,No,Yes,Yes,Yes,Yes,One year,Yes,Credit card (automatic),48.81,200.03,No
Female,0,No,No,32,Yes,Yes,DSL,No,Yes,Yes,No internet service,Yes,Yes,Month-to-month,Yes,Mailed check,98.16,3182.07,No
Female,0,Yes,No,42,Yes,No,Fiber optic,No,No internet service,Yes,No,No,Yes,One year,No,Mailed check,27.17,1128.42,No
Male,0,Yes,No,36,Yes,Yes,Fiber optic,No,Yes,No internet service,No,No,No internet service,Two year,Yes,Electronic check,83.87,2900.07,No
Male,0,No,Yes,65,Yes,No,Fiber optic,No internet service,No,Yes,No,No,Yes,Month-to-month,Yes,Electronic check,112.59,7280.24,Yes
Female,0,No,No,26,Yes,No,DSL,No,No,No,No internet service,Yes,No,Two year,Yes,Credit card (automatic),55.8,1448.4,No
Female,0,Yes,Yes,44,Yes,No,No,No,No internet service,No,Yes,No,No,One year,No,Bank transfer (automatic),109.75,4915.35,No
Female,0,Yes,No,49,Yes,Yes,No,No,No,No internet service,No,Yes,Yes,Month-to-month,Yes,Bank transfer (automatic),20.35,1047.58,No
Female,1,No,Yes,62,Yes,Yes,Fiber optic,No,No,No,Yes,No internet service,No internet service,Two year,Yes,Electronic check,103.68,6394.35,No
Female,0,No,No,5,Yes,No,DSL,No,Yes,No,No,Yes,Yes,Month-to-month,Yes,Credit card (automatic),29.61,183.96,No
Male,0,Yes,Yes,66,Yes,Yes,No,No internet service,Yes,Yes,No,No,No internet service,Month-to-month,No,Electronic check,66.04,4394.82,Yes
Female,0,No,Yes,66,Yes,Yes,Fiber optic,Yes,No,No,No internet service,Yes,No,Two year,No,Electronic check,25.86,1685.38,No
Male,0,Yes,No,58,No,Yes,Fiber optic,Yes,Yes,Yes,Yes,No,Yes,Month-to-month,Yes,Mailed check,78.35,4615.14,Yes
Male,1,Yes,No,12,Yes,No,DSL,No,No,No internet service,No,No internet service,No,Month-to-month,Yes,Mailed check,120.0,1388.55,No
Male,0,No,No,20,Yes,No,DSL,No,Yes,No,Yes,Yes,No internet service,Two year,Yes,Mailed check,49.66,1009.82,No
Female,0,Yes,No,63,No,Yes,Fiber optic,No,No internet service,Yes,No,No,No,Two year,Yes,Electronic check,20.62,1263.96,Yes
Male,0,Yes,No,36,Yes,Yes,DSL,No internet service,No internet service,No,No,No,No internet service,Two year,Yes,Credit card (automatic),52.69,1842.01,No
Male,0,No,Yes,47,Yes,Yes,Fiber optic,Yes,No,No,Yes,Yes,Yes,Month-to-month,No,Bank transfer (automatic),91.09,4213.65,No
Female,0,No,Yes,55,Yes,Yes,DSL,No,No,Yes,Yes,No,No internet service,Month-to-month,Yes,Bank transfer (automatic),76.77,4225.2,No
Male,0,Yes,Yes,43,Yes,No,No,No internet service,Yes,Yes,Yes,No,Yes,Month-to-month,No,Mailed check,120.0,5175.08,Yes
Male,0,No,No,12,Yes,No phone service,No,No internet service,No,Yes,Yes,Yes,Yes,Month-to-month,No,Credit card (automatic),64.61,821.85,Yes
Female,0,No,Yes,3,Yes,Yes,DSL,No,No internet service,Yes,Yes,No,Yes,Two year,No,Mailed check,105.36,298.88,No
Male,0,Yes,Yes,72,Yes,No,DSL,No,No internet service,No,No internet service,No,No internet service,One year,Yes,Credit card (automatic),18.0,1297.32,No
Male,1,No,Yes,32,Yes,No,Fiber optic,No internet service,No,No internet service,Yes,No internet service,No,Month-to-month,Yes,Credit card (automatic),114.43,3702.93,Yes
Male,0,Yes,Yes,36,Yes,No,Fiber optic,No internet service,Yes,No internet service,No internet service,Yes,Yes,Month-to-month,Yes,Credit card (automatic),63.04,2275.62,Yes
Female,0,Yes,No,52,Yes,Yes,DSL,No,Yes,No internet service,Yes,No internet service,No,Two year,Yes,Electronic check,61.43,3159.41,No
Female,0,No,Yes,23,Yes,No,Fiber optic,No,Yes,No,Yes,No,Yes,Two year,No,Credit card (automatic),18.0,379.45,Yes
Female,0,No,No,50,Yes,Yes,No,Yes,Yes,No,Yes,No,Yes,Month-to-month,No,Electronic check,45.39,2326.95,No
Male,0,Yes,No,40,Yes,No,DSL,No,Yes,Yes,No internet service,No,Yes,One year,Yes,Bank transfer (automatic),55.57,2267.27,No
Male,0,Yes,No,28,Yes,Yes,DSL,No,Yes,No internet service,No internet service,No,Yes,Month-to-month,Yes,Bank transfer (automatic),79.17,2245.75,Yes
Female,0,No,Yes,58,No,No,Fiber optic,Yes,No,No,Yes,No,No internet service,Two year,No,Electronic check,60.2,3551.22,No
Male,0,Yes,No,39,Yes,No,No,No internet service,Yes,Yes,Yes,Yes,No internet service,One year,Yes,Bank transfer (automatic),120.0,4707.6,No
Male,0,Yes,Yes,50,No,Yes,DSL,No,No,No internet service,No internet service,No internet service,Yes,One year,Yes,Bank transfer (automatic),18.0,1036.04,Yes
Female,1,Yes,No,49,Yes,Yes,Fiber optic,No,No,No,No internet service,No internet service,No internet service,Month-to-month,Yes,Mailed check,79.44,3813.21,No
Female,0,No,Yes,35,Yes,No,DSL,Yes,No,No,No,No internet service,No,Month-to-month,No,Electronic check,18.0,634.03,No
Male,0,Yes,No,59,Yes,No phone service,No,Yes,Yes,Yes,No internet service,Yes,No,Month-to-month,No,Electronic check,61.91,3623.23,No
Male,0,Yes,No,17,Yes,No,Fiber optic,No,Yes,Yes,No internet service,No internet service,No,Two year,No,Electronic check,77.74,1319.09,No
Male,0,No,No,19,Yes,Yes,Fiber optic,No,Yes,Yes,No,No internet service,No internet service,Two year,Yes,Mailed check,55.74,1003.28,No
Female,0,No,No,4,Yes,Yes,No,Yes,No internet service,No internet service,No,No,Yes,Two year,No,Electronic check,106.69,352.56,Yes
Female,0,No,No,17,Yes,No phone service,Fiber optic,No,No,No internet service,Yes,No internet service,Yes,Two year,Yes,Bank transfer (automatic),85.51,1435.53,No
Female,0,Yes,No,39,Yes,No,Fiber optic,No internet service,No,Yes,No,Yes,No,One year,Yes,Credit card (automatic),76.55,3028.13,No
Female,0,No,Yes,0,Yes,Yes,DSL,Yes,No internet service,No,Yes,Yes,No,Month-to-month,Yes,Mailed check,74.53,0.0,No
Male,0,Yes,No,18,Yes,No,Fiber optic,No internet service,No,No internet service,Yes,Yes,Yes,One year,No,Mailed check,44.27,847.76,Yes
Female,0,Yes,No,25,Yes,Yes,DSL,Yes,Yes,No,No,Yes,No internet service,Month-to-month,Yes,Electronic check,56.35,1382.63,No
Female,1,No,No,28,No,No,No,No internet service,No,No,No,No,Yes,Month-to-month,Yes,Credit card (automatic),120.0,3319.37,Yes
Female,0,Yes,Yes,58,Yes,Yes,Fiber optic,No,No internet service,No internet service,No,No internet service,Yes,Month-to-month,Yes,Credit card (automatic),56.3,3253.71,No
Female,0,Yes,No,62,Yes,No,No,Yes,No,Yes,Yes,Yes,Yes,Month-to-month,No,Credit card (automatic),31.67,1975.51,No
Female,0,Yes,Yes,61,Yes,Yes,DSL,No internet service,Yes,No internet service,No internet service,No,No,One year,No,Bank transfer (automatic),110.2,6795.69,No
Male,0,Yes,Yes,47,Yes,Yes,DSL,Yes,No internet service,No,Yes,No,No internet service,Month-to-month,No,Credit card (automatic),94.64,4485.57,No
Male,0,Yes,Yes,61,Yes,No,Fiber optic,No,No,Yes,No internet service,Yes,No,Month-to-month,Yes,Electronic check,59.6,3684.95,No
Female,0,No,Yes,17,Yes,No,DSL,No,No internet service,No internet service,No,No internet service,No,One year,No,Bank transfer (automatic),33.97,546.97,No
Male,0,Yes,No,65,Yes,Yes,DSL,Yes,No,Yes,Yes,No internet service,No internet service,One year,No,Credit card (automatic),106.07,6838.37,No
Female,0,Yes,No,26,Yes,Yes,No,No,No,No,No internet service,Yes,Yes,One year,No,Electronic check,53.05,1333.2,No
Female,0,Yes,Yes,5,Yes,Yes,DSL,Yes,No,Yes,Yes,No,Yes,Month-to-month,Yes,Bank transfer (automatic),84.84,431.66,Yes
Male,0,No,No,69,Yes,No,Fiber optic,No internet service,No internet service,No internet service,Yes,Yes,No internet service,Month-to-month,Yes,Bank transfer (automatic),93.98,6447.56,No
Male,0,No,No,58,Yes,Yes,No,No,No,No,Yes,No,No,One year,No,Credit card (automatic),61.56,3673.54,No
Female,0,Yes,No,5,Yes,Yes,DSL,Yes,Yes,No,No,Yes,Yes,One year,No,Bank transfer (automatic),92.03,480.74,No
Female,0,No,No,30,Yes,No,Fiber optic,Yes,No,No,No internet service,Yes,No,Month-to-month,Yes,Mailed check,55.57,1595.14,No
Female,1,Yes,No,55,Yes,No phone service,No,Yes,Yes,Yes,No internet service,No,Yes,Two year,Yes,Electronic check,43.79,2400.63,No
Male,1,Yes,Yes,53,Yes,No phone service,No,Yes,Yes,No,No internet service,No internet service,No,Month-to-month,No,Credit card (automatic),18.0,953.91,Yes
Female,0,Yes,No,40,Yes,Yes,Fiber optic,No,No,No internet service,No,No internet service,No,Month-to-month,Yes,Electronic check,93.8,3703.82,Yes
Female,0,Yes,No,17,Yes,No,No,No internet service,No,No internet service,No,No,Yes,Month-to-month,Yes,Electronic check,51.05,905.38,Yes
Female,0,Yes,No,22,Yes,Yes,DSL,Yes,Yes,No,No,Yes,No internet service,Month-to-month,Yes,Mailed check,67.77,1494.18,Yes
Male,1,No,No,35,Yes,Yes,DSL,No,Yes,No internet service,Yes,Yes,No internet service,Two year,Yes,Bank transfer (automatic),71.79,2550.65,No
Female,1,Yes,No,24,Yes,No,Fiber optic,No,Yes,No,No internet service,No,No,Month-to-month,No,Mailed check,69.95,1678.33,Yes
Female,0,No,No,6,Yes,No,Fiber optic,Yes,No,Yes,No internet service,No,Yes,Month-to-month,Yes,Mailed check,51.95,261.68,No
Male,0,Yes,Yes,19,Yes,No,Fiber optic,Yes,Yes,No,No internet service,No,Yes,Month-to-month,Yes,Bank transfer (automatic),50.29,974.87,No
Female,0,Yes,Yes,4,Yes,No phone service,Fiber optic,Yes,No,No,No internet service,Yes,No,Month-to-month,Yes,Credit card (automatic),66.49,236.82,No
Female,0,Yes,No,17,Yes,No phone service,No,No internet service,No,No,No,Yes,Yes,Month-to-month,No,Electronic check,18.0,249.31,No
Male,0,No,No,32,No,Yes,Fiber optic,No,No,Yes,Yes,Yes,No,Month-to-month,No,Credit card (automatic),18.0,572.65,Yes
Female,1,Yes,No,34,Yes,No phone service,No,No,Yes,No,No internet service,No internet service,No,Month-to-month,No,Credit card (automatic),84.87,2994.95,No
Male,0,No,No,64,Yes,Yes,Fiber optic,No internet service,No,No,No,Yes,No internet service,One year,No,Mailed check,110.74,7131.27,No
Male,0,Yes,No,62,Yes,No,Fiber optic,No internet service,No,No,No,No internet service,No internet service,One year,Yes,Bank transfer (automatic),81.07,5062.8,No
Female,1,Yes,No,71,Yes,No,Fiber optic,No,Yes,Yes,No internet service,Yes,No,One year,No,Bank transfer (automatic),112.12,7909.37,No
Female,0,Yes,No,70,Yes,No,Fiber optic,No,No,Yes,Yes,No,No,One year,No,Electronic check,85.11,5987.66,No
Female,0,Yes,Yes,40,Yes,Yes,Fiber optic,No,No,No,No,Yes,No,Month-to-month,No,Bank transfer (automatic),77.26,3157.25,No
Female,0,Yes,No,49,Yes,Yes,No,Yes,No,No internet service,No internet service,No,No internet service,Two year,Yes,Credit card (automatic),25.69,1335.04,No
Male,0,Yes,No,29,Yes,No,No,No internet service,No,Yes,No internet service,No internet service,No internet service,Month-to-month,Yes,Bank transfer (automatic),73.6,2069.55,Yes
Female,0,No,Yes,37,Yes,No phone service,Fiber optic,No,No,No,No,No internet service,No,Month-to-month,No,Bank transfer (automatic),41.36,1553.1,No
Male,0,Yes,Yes,34,Yes,Yes,No,No,No internet service,Yes,Yes,No,No internet service,One year,Yes,Credit card (automatic),23.29,803.58,No
Female,0,No,No,65,Yes,Yes,Fiber optic,Yes,No internet service,No internet service,Yes,No,No internet service,One year,Yes,Electronic check,82.92,5494.56,No
Female,0,Yes,Yes,45,Yes,Yes,DSL,No,Yes,Yes,No,No internet service,Yes,Month-to-month,No,Electronic check,70.71,3169.9,No
Female,0,No,No,7,Yes,Yes,Fiber optic,No,No,Yes,No,Yes,No internet service,Month-to-month,Yes,Credit card (automatic),72.21,495.56,Yes
Male,0,No,No,67,Yes,Yes,DSL,Yes,Yes,No,No,No,Yes,Month-to-month,No,Bank transfer (automatic),55.48,3762.69,No
Female,0,Yes,No,36,Yes,Yes,Fiber optic,Yes,No,Yes,No,No,No internet service,Two year,Yes,Bank transfer (automatic),114.34,4144.67,No
Female,0,Yes,No,12,Yes,Yes,No,No,No,No,No,Yes,No internet service,Month-to-month,No,Electronic check,85.19,1091.81,Yes
Female,0,No,No,72,Yes,No phone service,No,No,Yes,No,No,Yes,No internet service,One year,Yes,Electronic check,43.49,3057.28,Yes
Female,0,No,No,44,Yes,No,Fiber optic,Yes,Yes,No internet service,No internet service,Yes,No,Month-to-month,No,Electronic check,61.95,2756.89,No
Male,0,Yes,No,28,Yes,Yes,No,Yes,Yes,No,No,No,Yes,Month-to-month,Yes,Mailed check,19.17,579.28,No
Female,0,Yes,No,40,Yes,No phone service,Fiber optic,No internet service,No,No,No internet service,No,Yes,Month-to-month,No,Electronic check,27.1,1105.12,No
Male,0,No,No,55,Yes,Yes,Fiber optic,Yes,No,No,Yes,Yes,Yes,Month-to-month,Yes,Bank transfer (automatic),48.98,2777.79,Yes
Male,0,Yes,No,15,Yes,No,No,Yes,No,Yes,No internet service,No,Yes,Month-to-month,Yes,Electronic check,69.54,1008.7,Yes
Male,1,No,Yes,11,Yes,No,Fiber optic,No,No,Yes,No,No,No internet service,One year,Yes,Bank transfer (automatic),65.32,701.3,No
Male,0,Yes,No,65,Yes,Yes,Fiber optic,Yes,No,Yes,No,Yes,Yes,Month-to-month,No,Bank transfer (automatic),61.93,4027.78,Yes
Male,0,Yes,No,61,Yes,Yes,No,No,Yes,No internet service,No,No internet service,No,Two year,Yes,Bank transfer (automatic),18.0,1151.2,No
Male,0,No,Yes,18,Yes,No phone service,DSL,No,Yes,No,No internet service,Yes,No,Month-to-month,Yes,Electronic check,25.17,500.79,No
Female,0,No,Yes,29,Yes,Yes,No,Yes,No internet service,No,No,No,Yes,Two year,Yes,Electronic check,45.81,1299.27,No
Male,0,Yes,Yes,15,Yes,Yes,Fiber optic,Yes,No,Yes,Yes,No,Yes,Two year,Yes,Credit card (automatic),83.51,1242.79,No
Male,0,Yes,No,12,Yes,No phone service,Fiber optic,Yes,No,No,Yes,No,No internet service,Month-to-month,No,Electronic check,52.71,647.69,No
Male,0,No,No,68,Yes,Yes,Fiber optic,No,No,No internet service,Yes,Yes,No internet service,Two year,Yes,Electronic check,66.27,4534.95,No
Female,0,No,Yes,22,Yes,No,DSL,No,Yes,No internet service,No,No,No,Month-to-month,No,Electronic check,54.02,1215.59,No
Female,0,Yes,No,61,Yes,No phone service,No,No,No internet service,No,No,Yes,Yes,One year,Yes,Mailed check,109.09,6560.78,No
Male,0,No,No,30,No,No phone service,Fiber optic,No,No,No,No,No,Yes,Month-to-month,Yes,Electronic check,72.09,2255.5,Yes
Female,0,No,Yes,52,Yes,No phone service,DSL,Yes,Yes,Yes,Yes,Yes,No,Month-to-month,Yes,Mailed check,54.38,2791.57,No
Male,1,No,No,16,No,No,No,No internet service,Yes,No,No,Yes,No,Month-to-month,Yes,Bank transfer (automatic),107.61,1683.42,Yes
Male,0,No,No,48,No,Yes,Fiber optic,No,Yes,No internet service,Yes,Yes,No internet service,Month-to-month,Yes,Bank transfer (automatic),47.76,2234.54,No
Female,0,Yes,No,48,Yes,No,No,No,Yes,Yes,No internet service,No,Yes,One year,Yes,Bank transfer (automatic),55.43,2660.25,No
Male,0,No,Yes,66,Yes,No,No,Yes,Yes,No,No internet service,No,No,One year,No,Bank transfer (automatic),19.47,1285.52,No
Female,0,No,Yes,25,Yes,No,DSL,Yes,Yes,Yes,No internet service,No internet service,No,Month-to-month,Yes,Mailed check,85.9,2124.08,Yes
Female,0,Yes,Yes,12,Yes,No,Fiber optic,No internet service,Yes,No internet service,No,Yes,Yes,Two year,Yes,Mailed check,63.85,757.87,No
Male,0,Yes,No,37,Yes,No phone service,Fiber optic,No,No,Yes,No,No,Yes,Two year,Yes,Bank transfer (automatic),80.33,2885.75,No
Male,0,Yes,No,21,No,No,No,No,Yes,No,Yes,No,Yes,Two year,Yes,Electronic check,106.3,2140.1,No
Female,0,No,No,28,Yes,Yes,Fiber optic,Yes,Yes,Yes,Yes,No internet service,No,Two year,Yes,Bank transfer (automatic),117.97,3331.36,No
Male,0,Yes,No,44,No,Yes,No,No,No,No,No,No,Yes,Month-to-month,Yes,Bank transfer (automatic),53.91,2371.51,Yes
Male,0,No,Yes,45,Yes,Yes,Fiber optic,No internet service,No,No,No,Yes,No,Month-to-month,No,Mailed check,70.23,3212.96,No
Male,1,No,No,38,Yes,Yes,DSL,No internet service,No internet service,No,No,No,No,Month-to-month,No,Bank transfer (automatic),70.3,2676.8,No
Female,0,No,No,68,Yes,Yes,DSL,No,No,No,No,Yes,No,Two year,No,Mailed check,72.4,4896.51,No
Female,0,No,No,67,Yes,No,Fiber optic,No,Yes,No,No,Yes,Yes,Month-to-month,Yes,Credit card (automatic),62.51,4259.08,No
Male,0,No,No,38,No,No,No,No internet service,No,No,Yes,Yes,No,Month-to-month,Yes,Mailed check,99.73,3766.28,No
Female,0,Yes,No,19,Yes,No,Fiber optic,No internet service,No internet service,Yes,No,No,Yes,Month-to-month,No,Bank transfer (automatic),51.95,1052.49,No
Female,0,No,Yes,67,Yes,Yes,No,No internet service,No internet service,Yes,No,Yes,No internet service,Month-to-month,No,Electronic check,119.78,8106.93,No
Female,0,Yes,Yes,34,Yes,Yes,Fiber optic,No internet service,No internet service,Yes,No internet service,No internet service,No internet service,Month-to-month,Yes,Mailed check,52.12,1752.39,No
Female,0,No,Yes,7,Yes,Yes,DSL,No,No,No,No,No,Yes,One year,Yes,Mailed check,41.81,331.65,Yes
Female,0,Yes,Yes,51,Yes,No,No,No,No,No internet service,No internet service,No,No,Month-to-month,Yes,Mailed check,40.49,2100.41,Yes
Male,0,No,No,39,Yes,No,Fiber optic,No,Yes,No,No,No,Yes,One year,No,Bank transfer (automatic),48.4,1888.86,No
Male,0,No,Yes,35,Yes,No,Fiber optic,No,No,Yes,No,Yes,No,Two year,No,Bank transfer (automatic),63.72,2260.98,No
Male,1,No,Yes,5,Yes,Yes,DSL,No,No,No internet service,No internet service,Yes,Yes,One year,Yes,Mailed check,18.0,59.37,No
Female,0,Yes,No,69,Yes,Yes,DSL,Yes,Yes,No,No,No internet service,Yes,Month-to-month,Yes,Electronic check,18.0,1278.93,Yes
Female,0,Yes,No,72,Yes,No,Fiber optic,Yes,No internet service,No internet service,No,No internet service,No,Two year,Yes,Bank transfer (automatic),39.39,2824.9,No
Male,0,No,No,15,Yes,Yes,No,Yes,Yes,Yes,No internet service,No,Yes,One year,Yes,Electronic check,68.01,999.66,No
Female,0,Yes,No,45,Yes,No,DSL,No,Yes,No,No,Yes,No,Month-to-month,Yes,Credit card (automatic),69.85,3074.15,No
Male,0,No,No,58,Yes,Yes,No,Yes,Yes,No internet service,Yes,Yes,No internet service,One year,No,Electronic check,55.94,3292.76,No
Male,0,Yes,No,37,Yes,Yes,Fiber optic,No,No,No,Yes,No,No internet service,One year,Yes,Bank transfer (automatic),67.61,2456.78,No
Male,0,No,Yes,17,Yes,Yes,Fiber optic,No internet service,No,No,Yes,Yes,Yes,Month-to-month,No,Mailed check,53.81,906.91,Yes
Female,0,Yes,No,11,Yes,No,No,No internet service,Yes,No,No internet service,No,No,Month-to-month,Yes,Credit card (automatic),46.23,511.61,No
Female,0,No,No,53,No,Yes,DSL,No,No internet service,No internet service,No internet service,Yes,No,One year,No,Electronic check,85.05,4570.9,No
Male,0,No,No,46,Yes,No phone service,No,No,Yes,No internet service,No,Yes,Yes,One year,No,Mailed check,69.66,3179.66,No
Male,0,Yes,Yes,0,Yes,No,No,No internet service,No,Yes,Yes,Yes,No,Month-to-month,Yes,Credit card (automatic),75.32,0.0,Yes
Male,0,Yes,No,14,Yes,No,DSL,No internet service,No,Yes,No,No,No internet service,One year,No,Electronic check,63.67,854.45,No
Male,0,Yes,Yes,20,No,Yes,Fiber optic,No,No internet service,No,No internet service,No internet service,No,Month-to-month,Yes,Mailed check,69.34,1434.39,No
Female,0,No,No,0,Yes,No phone service,DSL,No,No internet service,Yes,No,No,No,One year,Yes,Credit card (automatic),80.99,65.36,Yes
Female,0,No,No,66,Yes,No,Fiber optic,No,Yes,Yes,Yes,No internet service,Yes,Month-to-month,Yes,Bank transfer (automatic),120.0,7977.83,No
Male,0,No,No,11,No,Yes,Fiber optic,Yes,No,No internet service,No,No internet service,No,Month-to-month,Yes,Electronic check,50.56,553.97,Yes
Male,1,No,No,27,No,No,No,No internet service,No internet service,No,No,No internet service,No internet service,Two year,No,Electronic check,45.8,1157.6,No
Female,0,Yes,No,38,Yes,Yes,Fiber optic,No,Yes,No,No,Yes,No internet service,One year,Yes,Credit card (automatic),106.56,3980.0,No
Female,0,Yes,No,36,Yes,Yes,Fiber optic,No,Yes,Yes,No internet service,Yes,No,Month-to-month,No,Electronic check,45.16,1637.89,Yes
Male,0,Yes,No,59,Yes,No phone service,Fiber optic,No,No,No,No internet service,No,No internet service,Month-to-month,No,Mailed check,63.72,3744.1,No
Male,0,Yes,No,30,Yes,No,Fiber optic,Yes,No,Yes,No,Yes,No,One year,Yes,Electronic check,46.18,1395.03,No
Male,0,No,Yes,57,Yes,No,DSL,No,No internet service,No,No internet service,No,Yes,Two year,Yes,Electronic check,94.18,5348.85,No
Female,1,No,No,10,Yes,Yes,DSL,No,No,No,No,Yes,No internet service,One year,Yes,Mailed check,54.56,496.83,No
Female,1,Yes,Yes,28,Yes,No,DSL,No,No,No internet service,No,No,No,Month-to-month,Yes,Mailed check,38.86,1144.76,No
Female,0,No,No,12,Yes,No,DSL,Yes,No internet service,No,No internet service,No,Yes,Two year,Yes,Bank transfer (automatic),48.07,525.28,No
Male,0,No,No,50,Yes,Yes,DSL,No internet service,No,Yes,No,Yes,No,One year,No,Mailed check,85.29,4305.94,No
Male,0,Yes,No,53,Yes,No,Fiber optic,No,No,No internet service,No,No internet service,No,Month-to-month,Yes,Electronic check,64.77,3482.03,No
Female,0,Yes,No,18,Yes,Yes,DSL,No,No internet service,No,No,No,Yes,One year,No,Credit card (automatic),64.06,1123.26,No
Female,1,Yes,Yes,57,Yes,Yes,No,Yes,No,No,No,No,No,Month-to-month,Yes,Electronic check,77.7,4471.4,No
Male,0,No,Yes,35,Yes,No phone service,DSL,Yes,Yes,Yes,No,No,No internet service,Two year,Yes,Bank transfer (automatic),28.45,1032.87,No
Female,0,No,No,27,Yes,No phone service,Fiber optic,No,No,Yes,No internet service,No internet service,Yes,Month-to-month,Yes,Credit card (automatic),77.59,2063.67,No
Female,1,No,Yes,67,Yes,No,Fiber optic,No,No,Yes,Yes,No,No,Month-to-month,Yes,Bank transfer (automatic),105.12,7027.53,Yes
Male,0,Yes,No,2,Yes,No,DSL,No internet service,No internet service,Yes,No internet service,No,Yes,Month-to-month,Yes,Electronic check,92.43,317.44,Yes
Female,0,Yes,Yes,40,Yes,No,DSL,No,Yes,Yes,No internet service,No internet service,Yes,Month-to-month,No,Mailed check,46.7,1959.13,No
Male,1,No,No,34,No,No,DSL,No internet service,No,Yes,Yes,Yes,No internet service,Month-to-month,No,Credit card (automatic),54.44,1800.86,No
Male,0,No,Yes,49,Yes,Yes,Fiber optic,No,Yes,No,No,Yes,No internet service,One year,Yes,Electronic check,23.1,1042.42,No
Male,0,No,No,29,Yes,Yes,No,No,No,Yes,Yes,Yes,Yes,Month-to-month,No,Credit card (automatic),62.86,1837.68,No
Male,0,No,No,71,Yes,Yes,No,No,No,No internet service,Yes,No,Yes,One year,Yes,Bank transfer (automatic),18.0,1244.98,No
Male,0,Yes,No,69,Yes,No phone service,DSL,No internet service,No internet service,Yes,No internet service,No internet service,Yes,One year,Yes,Electronic check,28.85,2033.71,Yes
Male,0,No,Yes,53,Yes,No,No,Yes,No,No internet service,No,No internet service,Yes,One year,No,Credit card (automatic),51.67,2701.98,No
Male,0,No,No,70,No,Yes,Fiber optic,No internet service,No internet service,Yes,Yes,No,Yes,Month-to-month,No,Electronic check,41.79,2949.15,Yes
Female,1,Yes,Yes,50,Yes,No phone service,Fiber optic,Yes,No,No internet service,No,Yes,No,Month-to-month,No,Electronic check,80.61,4101.35,Yes
Male,0,No,No,27,Yes,No phone service,DSL,No internet service,No,Yes,Yes,No internet service,No,Month-to-month,Yes,Bank transfer (automatic),105.31,2773.29,Yes
Male,0,Yes,No,63,Yes,Yes,DSL,No,Yes,No internet service,No,No internet service,Yes,Two year,No,Bank transfer (automatic),70.19,4407.38,No
Female,0,Yes,No,20,Yes,No,Fiber optic,No internet service,Yes,No,Yes,Yes,Yes,Month-to-month,No,Bank transfer (automatic),94.31,1899.33,Yes
Female,0,Yes,No,26,Yes,No,No,No,Yes,Yes,Yes,No internet service,No,One year,Yes,Mailed check,62.69,1637.86,No
Female,0,Yes,No,26,Yes,No,DSL,Yes,Yes,Yes,No,No,Yes,One year,No,Credit card (automatic),77.14,2008.26,No
Male,0,Yes,No,49,No,No,Fiber optic,Yes,Yes,No internet service,No,Yes,Yes,Month-to-month,No,Bank transfer (automatic),62.01,3085.69,No
Female,0,Yes,No,28,Yes,No,DSL,Yes,No,Yes,Yes,No internet service,No,Two year,No,Mailed check,88.52,2447.66,No
Male,0,No,No,38,Yes,No phone service,DSL,No,No internet service,No,No,Yes,No,Month-to-month,No,Mailed check,109.89,4145.53,No
Male,0,Yes,No,56,No,No,No,No,No,Yes,Yes,Yes,No,Two year,Yes,Credit card (automatic),89.09,5078.39,No
Male,0,Yes,No,36,Yes,Yes,DSL,Yes,Yes,Yes,No,No internet service,No internet service,Month-to-month,No,Credit card (automatic),18.0,646.88,Yes
Male,0,Yes,Yes,63,Yes,Yes,DSL,Yes,No,Yes,Yes,Yes,No,Month-to-month,Yes,Bank transfer (automatic),31.24,1887.02,Yes
Female,0,No,No,47,No,Yes,No,No,No,No,No internet service,No,No internet service,Month-to-month,No,Mailed check,72.84,3343.01,Yes
Female,0,Yes,No,21,Yes,No,Fiber optic,No,No,No,No,No internet service,No,Two year,Yes,Credit card (automatic),66.83,1430.67,No
Male,0,Yes,Yes,29,Yes,Yes,DSL,No,No,Yes,No internet service,No internet service,Yes,Two year,No,Credit card (automatic),95.09,2720.98,No
Male,0,No,Yes,27,Yes,No,Fiber optic,No,Yes,No internet service,No,Yes,Yes,Month-to-month,Yes,Credit card (automatic),57.83,1591.71,Yes
Male,0,No,No,22,Yes,No,Fiber optic,No internet service,No internet service,No,Yes,No,No,Month-to-month,No,Credit card (automatic),40.61,914.0,No
Female,0,No,No,3,Yes,No,Fiber optic,Yes,No,Yes,Yes,Yes,Yes,Month-to-month,Yes,Mailed check,47.14,17.35,Yes
Male,0,No,No,2,Yes,No,Fiber optic,No internet service,No,Yes,No internet service,Yes,No,One year,No,Electronic check,49.57,126.26,No
Male,0,Yes,No,60,No,Yes,Fiber optic,No,No,No internet service,No,No internet service,No,Month-to-month,No,Credit card (automatic),68.49,4118.12,Yes
Female,0,No,No,3,Yes,No,DSL,Yes,Yes,No,Yes,No,Yes,One year,Yes,Mailed check,75.46,224.9,Yes
Female,0,Yes,No,64,Yes,Yes,No,No internet service,No,No internet service,No,Yes,No internet service,Month-to-month,Yes,Credit card (automatic),95.79,6103.19,No
Male,0,Yes,No,11,Yes,Yes,DSL,Yes,No internet service,Yes,No,No,Yes,One year,Yes,Mailed check,28.63,226.02,No
Female,0,Yes,No,12,Yes,No phone service,No,No internet service,No,No,No,Yes,Yes,Month-to-month,Yes,Bank transfer (automatic),45.77,515.06,Yes
Female,0,No,Yes,33,Yes,No,DSL,No,Yes,Yes,No internet service,No internet service,No internet service,One year,Yes,Electronic check,94.17,2979.62,No
Male,0,Yes,No,58,Yes,Yes,No,No,No,No,Yes,No,No,One year,Yes,Mailed check,83.58,4811.1,No
Female,0,No,Yes,72,No,Yes,No,No internet service,No,Yes,No,Yes,Yes,Month-to-month,Yes,Mailed check,91.03,6509.36,Yes
Male,0,No,No,30,Yes,No,Fiber optic,Yes,No,No,No,No,No internet service,One year,No,Mailed check,85.03,2627.68,Yes
Female,0,Yes,No,70,No,Yes,Fiber optic,No internet service,No internet service,No internet service,No,No internet service,No internet service,One year,No,Credit card (automatic),34.44,2399.61,No
Male,0,No,Yes,12,Yes,Yes,Fiber optic,No,No,No,Yes,No internet service,Yes,Month-to-month,No,Bank transfer (automatic),113.4,1323.29,Yes
Male,0,No,No,53,No,No,Fiber optic,No,No,Yes,Yes,No internet service,No internet service,Month-to-month,Yes,Credit card (automatic),36.81,1980.0,No
Male,0,No,No,1,Yes,No phone service,Fiber optic,No,No,Yes,No,No,No,Two year,No,Bank transfer (automatic),73.0,165.61,No
Female,0,Yes,No,32,Yes,No phone service,Fiber optic,No,Yes,No,No internet service,No internet service,No,Two year,Yes,Electronic check,111.1,3685.77,Yes
Male,1,No,No,49,Yes,No,Fiber optic,Yes,No,No,Yes,No,Yes,Two year,No,Credit card (automatic),18.11,797.58,No
Female,0,Yes,No,6,Yes,Yes,DSL,Yes,No,No,No internet service,No,No,One year,Yes,Mailed check,67.82,441.23,No
Male,1,No,No,17,Yes,No phone service,DSL,No,Yes,No internet service,No,No,Yes,Month-to-month,Yes,Electronic check,28.28,431.64,No
Male,0,No,No,50,Yes,No,Fiber optic,No,No,No internet service,Yes,No,Yes,Month-to-month,No,Credit card (automatic),94.47,4772.3,Yes
Female,0,Yes,No,7,Yes,No,Fiber optic,No,No,No,No,No,Yes,Month-to-month,Yes,Bank transfer (automatic),31.06,165.75,Yes
Male,0,No,No,54,No,No,No,No,No,Yes,No,Yes,Yes,Month-to-month,No,Credit card (automatic),37.09,1974.18,Yes
Male,1,No,No,42,Yes,No,Fiber optic,No,No,No internet service,No,Yes,No internet service,Month-to-month,No,Credit card (automatic),76.55,3286.16,Yes
Female,0,No,Yes,58,Yes,Yes,Fiber optic,No,Yes,No,No,No internet service,Yes,Month-to-month,Yes,Mailed check,84.37,4863.97,No
Male,0,Yes,No,29,Yes,No phone service,Fiber optic,No,Yes,Yes,No internet service,No,Yes,Two year,No,Mailed check,69.87,2047.09,No
Male,0,Yes,No,58,No,No,DSL,No,Yes,Yes,No internet service,No internet service,No,Two year,Yes,Electronic check,83.11,4896.53,No
Male,0,No,No,8,Yes,No,No,No internet service,No,No internet service,Yes,No,Yes,Two year,Yes,Mailed check,88.83,721.11,No
Male,0,No,No,67,Yes,Yes,Fiber optic,No internet service,No,Yes,No internet service,Yes,No internet service,Month-to-month,Yes,Credit card (automatic),72.94,4876.98,No
Female,0,No,No,38,Yes,Yes,No,Yes,Yes,No,No,Yes,No,Two year,Yes,Credit card (automatic),54.68,2078.76,No
Female,0,Yes,Yes,10,Yes,Yes,DSL,No,No,Yes,No internet service,No,No,Month-to-month,Yes,Bank transfer (automatic),21.93,256.01,Yes
Male,0,Yes,No,1,Yes,Yes,Fiber optic,No,No,Yes,No internet service,Yes,Yes,Month-to-month,Yes,Credit card (automatic),32.74,0.0,No
Female,0,No,No,22,Yes,Yes,Fiber optic,No internet service,No internet service,No,No,Yes,Yes,One year,Yes,Electronic check,91.58,2038.62,No
Male,0,No,No,62,Yes,Yes,Fiber optic,No,Yes,No,No,Yes,Yes,Month-to-month,Yes,Electronic check,73.51,4615.93,No
Female,0,Yes,Yes,21,Yes,No,Fiber optic,No,No,No internet service,Yes,No,Yes,Two year,No,Mailed check,57.52,1274.85,No
Male,1,No,No,60,Yes,No phone service,DSL,No,No,No,No,Yes,No internet service,Month-to-month,Yes,Bank transfer (automatic),48.43,2916.97,No
Male,0,No,No,25,Yes,No,DSL,Yes,Yes,Yes,Yes,Yes,Yes,Month-to-month,Yes,Credit card (automatic),21.08,511.6,Yes
Male,0,Yes,Yes,11,Yes,Yes,Fiber optic,No,No internet service,No,No,No,No internet service,Month-to-month,Yes,Mailed check,91.24,908.72,Yes
Male,0,Yes,No,31,Yes,No,DSL,No,No internet service,No internet service,Yes,No internet service,No,Two year,Yes,Credit card (automatic),47.39,1462.96,No
Male,0,Yes,Yes,8,Yes,No,DSL,No,Yes,Yes,No,No internet service,No,Month-to-month,No,Electronic check,57.22,421.29,Yes
Male,0,No,No,68,Yes,No,No,No,No,Yes,No internet service,No internet service,No internet service,One year,No,Electronic check,88.9,6030.41,No
Female,0,Yes,No,70,Yes,Yes,Fiber optic,No internet service,Yes,Yes,No,Yes,No,One year,No,Bank transfer (automatic),41.82,2871.26,No
Male,0,Yes,Yes,32,Yes,Yes,No,Yes,No internet service,No,No,Yes,Yes,One year,Yes,Credit card (automatic),69.24,2208.35,No
Female,0,No,Yes,23,Yes,No,Fiber optic,No,Yes,No,No,Yes,No,Month-to-month,No,Credit card (automatic),57.77,1359.19,Yes
Male,0,Yes,No,68,Yes,No,Fiber optic,No,No internet service,No,No,No,Yes,Month-to-month,No,Electronic check,63.52,4344.48,Yes
Female,0,Yes,No,37,Yes,Yes,DSL,Yes,No internet service,Yes,No internet service,No internet service,No internet service,One year,Yes,Bank transfer (automatic),34.42,1283.63,No
Female,0,Yes,No,10,Yes,Yes,No,No,No,No internet service,No,No,No,Two year,Yes,Mailed check,79.62,792.69,No
Female,1,No,No,31,Yes,Yes,Fiber optic,No,No,No internet service,No,Yes,No,Two year,Yes,Bank transfer (automatic),73.23,2245.03,Yes
Male,0,No,No,63,Yes,No,Fiber optic,No,Yes,Yes,No internet service,No internet service,Yes,Month-to-month,No,Mailed check,90.83,5724.24,Yes
Male,0,Yes,Yes,71,Yes,No phone service,DSL,No,No,No,No,No,No internet service,Month-to-month,Yes,Mailed check,65.53,4712.74,No
Female,0,No,No,19,Yes,No,Fiber optic,No internet service,Yes,No,Yes,Yes,Yes,Month-to-month,No,Electronic check,25.51,449.58,Yes
Male,0,No,No,33,Yes,No,No,No,No,No,No,No,Yes,One year,Yes,Mailed check,57.65,1885.21,No
Female,0,Yes,No,41,Yes,No,Fiber optic,No internet service,Yes,No,No internet service,Yes,No internet service,Month-to-month,No,Credit card (automatic),22.74,918.24,No
Male,0,Yes,No,7,Yes,Yes,No,Yes,No,No internet service,No,Yes,Yes,One year,No,Electronic check,114.15,722.59,No
Female,0,Yes,Yes,65,Yes,Yes,Fiber optic,Yes,No,No,No internet service,No,No,Two year,No,Bank transfer (automatic),53.38,3512.99,No
Female,0,Yes,Yes,20,Yes,No,Fiber optic,Yes,No internet service,Yes,Yes,No,Yes,Month-to-month,No,Bank transfer (automatic),65.82,1238.53,Yes
Male,0,No,No,69,No,Yes,DSL,Yes,No,No,No,Yes,No,Month-to-month,Yes,Mailed check,70.74,4928.99,No
Female,0,No,No,4,Yes,No,Fiber optic,No,No internet service,No,No,No,No internet service,Two year,No,Credit card (automatic),52.74,189.97,Yes
Male,0,Yes,No,66,Yes,Yes,No,No,No internet service,Yes,Yes,No,Yes,Month-to-month,No,Bank transfer (automatic),100.94,6734.66,No
Female,0,Yes,No,42,Yes,Yes,Fiber optic,Yes,Yes,Yes,Yes,No internet service,Yes,Month-to-month,Yes,Mailed check,64.82,2741.29,No
Female,0,Yes,No,15,No,Yes,Fiber optic,No,No,Yes,No,No,No internet service,Month-to-month,Yes,Bank transfer (automatic),40.25,554.45,No
Male,0,No,No,72,Yes,No,No,No,No,No internet service,No internet service,Yes,Yes,Month-to-month,Yes,Credit card (automatic),57.48,4095.28,Yes
Male,0,Yes,No,34,Yes,No,DSL,Yes,No,No,No,Yes,Yes,One year,Yes,Mailed check,74.13,2584.07,No
Male,0,No,Yes,42,Yes,No phone service,DSL,Yes,Yes,No internet service,No,No internet service,No,Month-to-month,No,Credit card (automatic),49.32,2031.77,Yes
Female,0,Yes,Yes,38,Yes,Yes,Fiber optic,Yes,No,No internet service,No,Yes,No,Month-to-month,Yes,Mailed check,55.19,2158.75,No
Male,0,No,No,9,Yes,No,DSL,Yes,Yes,Yes,No,No internet service,No,One year,No,Credit card (automatic),77.08,711.63,No
Female,0,No,No,19,Yes,Yes,DSL,No,No internet service,Yes,No,No,No internet service,Month-to-month,Yes,Bank transfer (automatic),57.84,1098.09,No
Female,0,Yes,No,0,Yes,Yes,Fiber optic,Yes,No internet service,Yes,No,No,No internet service,Month-to-month,Yes,Bank transfer (automatic),70.95,110.02,Yes
Male,1,No,No,5,Yes,Yes,Fiber optic,No,No,No,No,No,No internet service,One year,Yes,Credit card (automatic),69.74,457.81,No
Male,0,No,No,52,Yes,No,Fiber optic,Yes,No,No,Yes,Yes,Yes,Two year,Yes,Bank transfer (automatic),44.48,2302.48,No
Female,0,Yes,Yes,45,Yes,No,No,No,No,No,No internet service,No,No,Month-to-month,Yes,Bank transfer (automatic),48.8,2186.77,Yes
Female,0,No,No,65,No,Yes,DSL,No,Yes,No internet service,No,Yes,No internet service,Month-to-month,No,Mailed check,18.0,1218.11,No
Male,0,Yes,Yes,37,Yes,Yes,DSL,No,Yes,No internet service,No internet service,No,Yes,One year,Yes,Credit card (automatic),100.14,3783.74,No
Male,0,No,Yes,32,Yes,Yes,DSL,No,No internet service,Yes,No,Yes,Yes,One year,No,Mailed check,72.76,2366.0,No
Male,1,Yes,No,66,Yes,No,Fiber optic,No,No,No internet service,Yes,Yes,No internet service,Month-to-month,Yes,Bank transfer (automatic),53.13,3491.88,No
Male,1,No,Yes,34,Yes,No,No,No,No,No internet service,Yes,Yes,No,Month-to-month,No,Bank transfer (automatic),42.03,1365.0,No
Male,0,No,No,44,Yes,No,No,No,No,No,No internet service,Yes,No,Month-to-month,No,Electronic check,18.0,800.35,No
Female,1,No,Yes,21,Yes,No,DSL,No,No internet service,Yes,No,Yes,Yes,One year,Yes,Credit card (automatic),20.44,476.17,No
Female,1,No,Yes,67,Yes,No,DSL,Yes,Yes,Yes,No internet service,Yes,No,Month-to-month,Yes,Credit card (automatic),113.69,7603.5,No
Female,0,No,No,16,Yes,Yes,Fiber optic,No,No internet service,Yes,No,No internet service,No internet service,Two year,Yes,Mailed check,29.1,458.66,No
Female,1,Yes,No,4,Yes,Yes,Fiber optic,No,No,Yes,No internet service,Yes,Yes,One year,Yes,Credit card (automatic),51.55,229.64,No
Male,0,No,Yes,56,Yes,No,No,No internet service,No internet service,No,No,No internet service,Yes,One year,Yes,Mailed check,92.02,5112.85,No
Male,0,No,Yes,39,Yes,No,Fiber optic,No,No,No,Yes,No internet service,No,Two year,No,Bank transfer (automatic),28.26,1076.21,No
Male,0,No,No,29,Yes,No phone service,No,Yes,Yes,Yes,No internet service,No,Yes,Month-to-month,Yes,Electronic check,71.29,2071.76,No
Female,0,No,No,41,Yes,No phone service,No,No internet service,Yes,No,No,No,No internet service,Month-to-month,No,Bank transfer (automatic),46.56,1897.63,Yes
Female,1,No,No,6,Yes,No,Fiber optic,Yes,No internet service,Yes,No,No,No,Month-to-month,Yes,Mailed check,45.71,296.82,Yes
Male,0,No,No,70,Yes,No phone service,DSL,No internet service,Yes,Yes,No,No,No,Month-to-month,Yes,Mailed check,65.11,4555.59,Yes
Male,0,Yes,Yes,18,Yes,No,DSL,No,No,No internet service,No internet service,No,No,Month-to-month,No,Electronic check,21.14,306.51,No
Female,0,Yes,No,40,Yes,Yes,Fiber optic,Yes,No,Yes,Yes,No,Yes,Month-to-month,Yes,Bank transfer (automatic),49.8,1873.52,Yes
Female,1,Yes,No,33,Yes,Yes,Fiber optic,Yes,No,Yes,Yes,No,No,Two year,No,Credit card (automatic),62.41,2111.05,No
Male,1,Yes,No,21,Yes,No,DSL,No,No,Yes,No,No internet service,Yes,One year,Yes,Electronic check,18.0,363.88,No
Male,0,No,Yes,51,No,Yes,DSL,Yes,No,No,No internet service,No,No,Two year,No,Credit card (automatic),110.94,5668.59,No
Female,0,Yes,No,5,Yes,Yes,DSL,No,Yes,No,No,Yes,No internet service,Month-to-month,No,Bank transfer (automatic),104.78,518.34,No
Male,0,Yes,Yes,24,Yes,No,DSL,Yes,No internet service,No,Yes,Yes,Yes,One year,No,Electronic check,20.76,538.75,No
Male,0,No,Yes,65,Yes,Yes,No,Yes,No,No,No,No,Yes,Month-to-month,No,Bank transfer (automatic),41.75,2668.99,Yes
Male,0,Yes,Yes,9,Yes,No,Fiber optic,No,Yes,Yes,No,Yes,Yes,Month-to-month,Yes,Bank transfer (automatic),105.64,1003.14,Yes
Female,0,Yes,Yes,25,Yes,No,Fiber optic,Yes,Yes,No,No,No internet service,No internet service,One year,Yes,Credit card (automatic),73.17,1918.71,No
Female,0,Yes,No,4,Yes,No,DSL,No,No,No,No,No,No,Month-to-month,Yes,Credit card (automatic),70.2,405.38,Yes
Female,0,Yes,No,67,Yes,No,No,No,No,No,No,No,No,One year,Yes,Credit card (automatic),90.76,6011.91,No
Female,0,No,Yes,70,Yes,Yes,Fiber optic,No,Yes,Yes,No,Yes,No,Month-to-month,Yes,Bank transfer (automatic),79.7,5628.61,No
Female,0,No,No,49,Yes,Yes,Fiber optic,No,No,No,No internet service,No,Yes,Month-to-month,No,Mailed check,64.97,3255.11,No
Female,0,No,No,16,Yes,No phone service,DSL,No,No,Yes,No,No,Yes,Month-to-month,Yes,Bank transfer (automatic),42.96,639.52,Yes
Female,0,Yes,No,10,Yes,Yes,No,Yes,No internet service,No,No,No internet service,Yes,Two year,No,Mailed check,63.64,589.58,No
Male,0,No,No,52,Yes,No,No,No internet service,No internet service,No,Yes,No internet service,No internet service,Month-to-month,No,Electronic check,109.06,5622.56,No
Male,0,Yes,Yes,49,Yes,No,No,No,No,No,Yes,No,No,One year,No,Credit card (automatic),106.39,5233.95,No
Male,0,Yes,No,7,No,Yes,Fiber optic,No,No,No,No,Yes,No internet service,Month-to-month,No,Credit card (automatic),53.93,447.81,Yes
Male,0,Yes,No,61,Yes,Yes,Fiber optic,No,No internet service,No,No,No,Yes,Month-to-month,No,Bank transfer (automatic),18.0,965.87,Yes
Male,0,Yes,No,28,Yes,Yes,DSL,No,No,No internet service,No,Yes,No,One year,Yes,Mailed check,57.0,1546.97,No
Male,0,Yes,No,43,No,Yes,DSL,No internet service,Yes,No,Yes,No,Yes,Month-to-month,No,Electronic check,18.0,753.44,No
Male,0,Yes,No,44,Yes,Yes,DSL,No internet service,No,No internet service,No,No,Yes,Month-to-month,No,Bank transfer (automatic),80.32,3541.34,Yes
Female,0,No,No,28,Yes,No phone service,DSL,No internet service,No,No,No,No,No,Month-to-month,Yes,Electronic check,48.32,1354.32,Yes
Female,1,Yes,Yes,58,Yes,No,DSL,No,Yes,No,Yes,Yes,No,Two year,Yes,Mailed check,34.51,2008.22,Yes
Male,0,Yes,No,14,Yes,Yes,No,No internet service,Yes,Yes,No,No,No internet service,Month-to-month,Yes,Credit card (automatic),27.95,329.31,Yes
Male,0,Yes,Yes,69,No,No,Fiber optic,No,Yes,No internet service,No internet service,Yes,Yes,Month-to-month,Yes,Credit card (automatic),47.12,3211.61,No
Female,1,No,No,43,Yes,Yes,Fiber optic,Yes,No,No internet service,No internet service,Yes,No internet service,Month-to-month,No,Mailed check,28.89,1240.96,No
Male,0,Yes,Yes,35,Yes,Yes,DSL,Yes,No,No internet service,Yes,No internet service,No,Month-to-month,Yes,Credit card (automatic),79.8,2834.84,Yes
Male,0,No,No,56,Yes,No,DSL,No,Yes,No,No,No internet service,No,Month-to-month,Yes,Bank transfer (automatic),18.0,956.67,No
Female,0,No,No,63,Yes,No,Fiber optic,No,No internet service,Yes,No,No,No,Month-to-month,Yes,Mailed check,79.48,5016.95,No
Male,0,Yes,No,37,Yes,No,No,Yes,No,Yes,Yes,No internet service,Yes,Month-to-month,Yes,Credit card (automatic),86.99,3188.33,No
Female,0,Yes,No,16,Yes,No phone service,DSL,No,No,No internet service,No,No,Yes,Month-to-month,Yes,Mailed check,83.85,1276.31,Yes
Male,0,Yes,No,26,No,No phone service,DSL,No internet service,No internet service,Yes,No,Yes,No,Two year,Yes,Electronic check,36.52,939.38,No
Female,1,No,No,16,Yes,No,DSL,No internet service,Yes,No,No,Yes,Yes,Month-to-month,No,Bank transfer (automatic),57.25,930.83,No
Female,1,Yes,No,62,Yes,No phone service,Fiber optic,No,No,Yes,No,No,No,Month-to-month,Yes,Bank transfer (automatic),55.81,3427.77,Yes
Female,0,Yes,No,10,Yes,No,Fiber optic,Yes,No,Yes,No,No internet service,No internet service,Month-to-month,No,Bank transfer (automatic),18.0,184.6,No
Male,0,Yes,No,63,Yes,Yes,DSL,Yes,No,Yes,No,Yes,No internet service,Month-to-month,Yes,Credit card (automatic),30.49,1855.33,No
Female,0,No,No,38,Yes,No,Fiber optic,Yes,No,No internet service,No,Yes,No internet service,One year,No,Electronic check,81.72,3208.08,Yes
Male,1,Yes,No,1,Yes,Yes,Fiber optic,No,No internet service,No internet service,Yes,No,No,Month-to-month,No,Credit card (automatic),30.59,26.46,Yes
Male,1,Yes,Yes,65,Yes,Yes,DSL,No,Yes,Yes,No internet service,Yes,No,Month-to-month,No,Credit card (automatic),107.46,7025.8,Yes
Male,0,No,No,53,Yes,Yes,Fiber optic,Yes,No,Yes,Yes,No,No,Month-to-month,No,Mailed check,77.31,4090.67,No
Male,0,No,No,28,Yes,No,DSL,Yes,No internet service,No internet service,No,Yes,Yes,Month-to-month,No,Bank transfer (automatic),32.01,911.64,No
Female,0,No,No,44,Yes,Yes,No,Yes,Yes,Yes,No internet service,Yes,Yes,Two year,Yes,Credit card (automatic),92.46,4085.29,No
Female,0,Yes,No,30,Yes,No,Fiber optic,No,No,Yes,No,No internet service,Yes,Month-to-month,Yes,Bank transfer (automatic),61.7,1872.56,No
Male,0,No,Yes,48,Yes,No,Fiber optic,No,No internet service,No internet service,No,No,Yes,Month-to-month,Yes,Electronic check,100.99,4848.61,Yes
Male,0,No,No,8,Yes,No,DSL,No internet service,Yes,No internet service,No internet service,Yes,No,Month-to-month,Yes,Electronic check,67.03,538.71,No
Female,0,Yes,No,26,Yes,Yes,Fiber optic,No,No,Yes,No,No,No internet service,One year,Yes,Bank transfer (automatic),85.79,2232.85,Yes
Male,0,No,No,55,Yes,No,No,No,No,Yes,No,Yes,No internet service,Month-to-month,No,Bank transfer (automatic),81.58,4443.81,Yes
Female,0,Yes,Yes,44,Yes,No phone service,Fiber optic,No,No,Yes,No internet service,No,No internet service,Month-to-month,Yes,Electronic check,54.72,2434.87,No
Male,1,No,No,42,Yes,Yes,Fiber optic,No internet service,Yes,No,Yes,No internet service,Yes,Month-to-month,Yes,Electronic check,55.73,2335.25,No
Male,0,Yes,No,21,Yes,No,DSL,No,No,No,No,No,Yes,Month-to-month,No,Credit card (automatic),76.78,1637.2,Yes
Female,0,No,Yes,32,Yes,Yes,DSL,No,No,Yes,No internet service,No,No,Month-to-month,No,Electronic check,75.11,2327.69,No
Male,0,Yes,Yes,26,Yes,No,Fiber optic,No,No,No internet service,Yes,Yes,Yes,Month-to-month,No,Credit card (automatic),101.18,2653.38,No
Female,0,No,No,39,Yes,No,DSL,Yes,Yes,No,Yes,Yes,No internet service,One year,Yes,Electronic check,88.0,3450.09,No
Male,0,Yes,Yes,25,Yes,No phone service,DSL,No,No,No internet service,No,No,No,Two year,Yes,Credit card (automatic),77.4,1969.16,No
Male,0,No,No,44,Yes,Yes,Fiber optic,No internet service,No internet service,Yes,No internet service,No,No internet service,One year,No,Mailed check,18.0,828.18,No
Male,0,No,Yes,44,Yes,No,DSL,No,No,No internet service,Yes,Yes,Yes,Month-to-month,Yes,Mailed check,90.5,3995.3,No
Female,0,Yes,No,25,Yes,Yes,Fiber optic,No internet service,No internet service,No internet service,No,No,No,One year,Yes,Credit card (automatic),69.04,1694.91,No
Male,0,No,No,69,Yes,No,Fiber optic,No,Yes,Yes,No internet service,No,No,One year,Yes,Bank transfer (automatic),49.97,3431.73,No
Male,0,No,No,66,Yes,No,Fiber optic,Yes,No,Yes,Yes,Yes,Yes,Two year,No,Mailed check,61.49,4011.92,No
Male,0,Yes,No,5,Yes,Yes,Fiber optic,No,No,Yes,No internet service,No,Yes,One year,Yes,Electronic check,18.0,61.46,Yes
Male,0,Yes,No,27,Yes,No,Fiber optic,Yes,Yes,No,No,Yes,No,One year,No,Bank transfer (automatic),108.96,2963.09,No
Female,0,No,No,66,Yes,Yes,Fiber optic,Yes,No,Yes,No internet service,No,Yes,Month-to-month,Yes,Electronic check,74.76,4855.15,No
Female,0,Yes,Yes,12,Yes,No,DSL,No,Yes,Yes,Yes,No,No,Month-to-month,Yes,Mailed check,117.73,1431.25,No
Male,0,Yes,No,62,Yes,No,No,No,No internet service,Yes,Yes,No internet service,No,Month-to-month,Yes,Electronic check,120.0,7438.28,No
Female,0,Yes,Yes,12,Yes,No,Fiber optic,No,No,No internet service,No,No,No,Month-to-month,Yes,Credit card (automatic),18.0,159.63,No
Male,0,Yes,No,0,No,Yes,Fiber optic,No internet service,Yes,No,Yes,Yes,Yes,Month-to-month,No,Bank transfer (automatic),43.26,0.0,No
Male,0,Yes,Yes,39,Yes,Yes,Fiber optic,No,No,Yes,Yes,Yes,No internet service,Month-to-month,No,Mailed check,56.28,2176.04,Yes
Male,0,Yes,No,36,Yes,No,DSL,No,No internet service,Yes,No internet service,Yes,Yes,One year,Yes,Bank transfer (automatic),66.0,2407.65,No
Female,0,No,No,30,Yes,No phone service,No,No internet service,No,No,Yes,No,Yes,Two year,No,Credit card (automatic),35.72,1086.94,No
Female,0,No,Yes,16,Yes,No,No,No,Yes,Yes,No,No internet service,Yes,Month-to-month,No,Mailed check,98.06,1531.08,No
Female,1,Yes,Yes,8,Yes,No,No,No,No,No,No,No,No internet service,Month-to-month,Yes,Electronic check,105.49,816.2,Yes
Female,0,No,No,63,Yes,No,No,No,No,No,Yes,No internet service,Yes,Two year,No,Bank transfer (automatic),18.0,1144.61,No
Female,0,No,No,56,Yes,Yes,DSL,No,No internet service,Yes,Yes,No,Yes,Two year,No,Mailed check,86.94,4937.43,No
Female,0,No,No,12,Yes,Yes,DSL,No internet service,Yes,No,No,No,No,Month-to-month,Yes,Mailed check,27.5,319.42,Yes
Female,0,Yes,No,36,Yes,No,No,No internet service,Yes,Yes,No,No internet service,No internet service,Month-to-month,Yes,Credit card (automatic),74.49,2683.65,Yes
Female,0,Yes,Yes,13,Yes,Yes,DSL,No,No internet service,No internet service,No internet service,Yes,No,Month-to-month,Yes,Mailed check,37.87,429.26,No
Female,0,No,No,24,Yes,No,DSL,No,Yes,No,No,Yes,Yes,Month-to-month,Yes,Mailed check,93.48,2232.37,Yes
Male,1,No,Yes,56,Yes,No,No,No internet service,No,No internet service,No internet service,No internet service,No,Two year,Yes,Credit card (automatic),96.1,5334.19,No
Female,0,No,No,70,Yes,No,Fiber optic,Yes,No,Yes,Yes,No,Yes,One year,No,Electronic check,66.85,4745.99,No
Female,0,No,No,41,Yes,No,Fiber optic,No internet service,No internet service,No internet service,No,No,No internet service,Month-to-month,No,Electronic check,110.35,4455.25,Yes
Female,0,Yes,No,41,Yes,Yes,Fiber optic,No,No,No,No internet service,No,No internet service,Two year,Yes,Mailed check,52.72,2091.91,No
Female,0,No,No,46,Yes,No,No,Yes,No,Yes,Yes,No,Yes,One year,Yes,Electronic check,79.44,3689.77,No
Female,0,Yes,Yes,43,Yes,No,Fiber optic,No,No,No,No internet service,No,No,Two year,No,Credit card (automatic),78.17,3373.07,No
Female,0,Yes,No,40,Yes,Yes,Fiber optic,No internet service,Yes,No,No,No,No,Two year,Yes,Electronic check,60.38,2436.63,No
Female,0,No,No,2,Yes,No,No,Yes,No,Yes,No internet service,Yes,No internet service,Month-to-month,No,Mailed check,84.47,176.58,Yes
Female,0,Yes,Yes,0,No,Yes,Fiber optic,No,No,No internet service,Yes,Yes,No internet service,Month-to-month,No,Credit card (automatic),88.38,28.69,Yes
Female,1,Yes,Yes,10,Yes,No,DSL,No internet service,Yes,No internet service,No,No,No internet service,Month-to-month,No,Electronic check,45.66,471.8,Yes
Female,1,No,No,6,Yes,Yes,Fiber optic,Yes,Yes,Yes,No internet service,No,Yes,Two year,No,Bank transfer (automatic),73.94,464.78,No
Female,0,Yes,No,11,Yes,No,DSL,No,Yes,No internet service,No,Yes,No,Two year,Yes,Bank transfer (automatic),61.78,720.15,No
Male,0,No,No,37,Yes,Yes,DSL,No,No,No,No,No internet service,Yes,One year,Yes,Credit card (automatic),68.81,2504.51,No
Male,1,No,No,53,Yes,No,DSL,Yes,No internet service,No,No,Yes,No internet service,Month-to-month,No,Electronic check,111.18,5835.36,No
Female,1,No,Yes,66,Yes,No,Fiber optic,Yes,No internet service,No internet service,No,No internet service,No internet service,Month-to-month,No,Mailed check,33.04,2199.58,Yes
Female,0,Yes,No,52,Yes,No,Fiber optic,No,No,No,No,No,No,One year,Yes,Bank transfer (automatic),100.88,5233.38,No
Male,0,Yes,No,31,Yes,No,DSL,No,No internet service,No,No,Yes,No,One year,Yes,Electronic check,51.08,1545.8,No
Female,0,Yes,Yes,44,Yes,Yes,DSL,No,No internet service,No,No,Yes,No internet service,Month-to-month,No,Electronic check,51.33,2327.92,No
Male,0,Yes,No,50,Yes,No phone service,DSL,Yes,No internet service,Yes,Yes,No internet service,No internet service,Month-to-month,Yes,Mailed check,51.79,2694.41,No
Male,1,Yes,Yes,36,Yes,Yes,Fiber optic,No internet service,No,No,No internet service,Yes,Yes,One year,Yes,Mailed check,61.37,2082.58,No
Male,0,No,Yes,58,Yes,No,DSL,No internet service,No,No,No,Yes,No,Two year,No,Electronic check,66.44,3741.09,No
Male,1,Yes,Yes,53,Yes,Yes,Fiber optic,No,Yes,Yes,No,No internet service,No,Month-to-month,Yes,Mailed check,43.19,2310.1,No
Male,0,No,No,17,Yes,No,Fiber optic,Yes,No,No internet service,No,Yes,Yes,Month-to-month,Yes,Credit card (automatic),18.0,178.22,Yes
Female,1,Yes,No,0,Yes,No,DSL,Yes,No,No,Yes,No,Yes,One year,Yes,Bank transfer (automatic),76.89,58.54,No
Male,0,No,No,20,Yes,No,Fiber optic,Yes,No,Yes,Yes,Yes,Yes,Two year,No,Bank transfer (automatic),55.11,1164.4,No
Female,1,No,No,27,Yes,Yes,Fiber optic,No,No,No internet service,No internet service,No,Yes,Month-to-month,Yes,Electronic check,31.16,839.64,Yes
Female,0,Yes,No,15,Yes,Yes,DSL,No,Yes,No,No,No,Yes,Month-to-month,Yes,Electronic check,58.44,884.12,No
Male,0,Yes,No,47,Yes,No,DSL,Yes,No internet service,No,Yes,No,No internet service,Month-to-month,No,Mailed check,60.71,2834.13,No
Male,0,No,No,27,Yes,No phone service,Fiber optic,Yes,Yes,Yes,No,No internet service,No internet service,Month-to-month,Yes,Bank transfer (automatic),120.0,3203.91,Yes
Female,1,No,No,21,Yes,Yes,No,No,Yes,No,No internet service,No,Yes,Month-to-month,Yes,Mailed check,81.68,1677.2,No
Male,0,No,No,0,Yes,No phone service,No,No,No,No internet service,No internet service,No,Yes,One year,Yes,Electronic check,93.62,39.62,No
Male,1,Yes,Yes,41,Yes,No,DSL,No,Yes,Yes,No,No,No,Month-to-month,Yes,Electronic check,69.42,2870.82,Yes
Female,1,Yes,No,69,Yes,No,DSL,No,No internet service,No,Yes,Yes,No,One year,No,Electronic check,68.59,4758.22,No
Female,0,No,No,2,Yes,No,DSL,No,Yes,Yes,Yes,Yes,Yes,Month-to-month,No,Electronic check,73.79,234.4,Yes
Male,0,No,No,43,Yes,No,Fiber optic,No,Yes,Yes,No internet service,No,No internet service,Month-to-month,No,Electronic check,26.6,1132.18,Yes
Female,0,Yes,Yes,26,Yes,No phone service,Fiber optic,Yes,Yes,Yes,No internet service,No,Yes,Month-to-month,No,Electronic check,49.62,1322.08,No
Male,0,No,Yes,50,Yes,Yes,No,No,Yes,No,No,Yes,Yes,Month-to-month,Yes,Credit card (automatic),44.91,2288.03,No
Male,0,Yes,No,23,No,Yes,No,Yes,Yes,Yes,No internet service,No internet service,No,Month-to-month,No,Credit card (automatic),44.29,973.0,Yes
Male,0,Yes,Yes,19,Yes,No,Fiber optic,No internet service,No,No,No internet service,No,Yes,Two year,No,Mailed check,27.44,495.45,No
Female,0,Yes,Yes,31,Yes,Yes,Fiber optic,No,Yes,Yes,Yes,Yes,Yes,Month-to-month,Yes,Credit card (automatic),44.11,1360.97,No
Female,0,Yes,No,12,Yes,Yes,DSL,Yes,No,No internet service,Yes,Yes,No internet service,Month-to-month,Yes,Mailed check,95.35,1100.07,No
Female,0,No,No,42,Yes,Yes,Fiber optic,Yes,No,No,Yes,No,Yes,One year,No,Mailed check,18.0,761.6,No
Female,0,Yes,No,19,Yes,No,Fiber optic,Yes,No,No,No,No,No internet service,Two year,Yes,Credit card (automatic),81.75,1545.68,No
Female,1,Yes,No,1,Yes,Yes,Fiber optic,No internet service,No internet service,Yes,No,No internet service,Yes,Month-to-month,Yes,Bank transfer (automatic),120.0,56.07,Yes
Male,0,No,Yes,67,Yes,Yes,DSL,Yes,No internet service,No,No,Yes,No internet service,Month-to-month,No,Mailed check,120.0,8050.48,Yes
Male,1,No,No,59,Yes,No,Fiber optic,No,Yes,No,Yes,No,No internet service,One year,No,Electronic check,62.27,3684.31,No
Male,0,No,Yes,3,Yes,Yes,Fiber optic,No,No internet service,No,No,No internet service,No,Month-to-month,No,Mailed check,69.85,197.19,Yes
Male,0,No,No,16,Yes,No,Fiber optic,No,No internet service,Yes,Yes,No internet service,No,One year,Yes,Mailed check,111.78,1810.87,No
Female,0,Yes,No,0,Yes,Yes,Fiber optic,No internet service,No,No,No,No,No,Month-to-month,Yes,Bank transfer (automatic),38.8,28.38,No
Male,0,No,No,32,Yes,No,DSL,Yes,No,No,No,No,No,Two year,No,Electronic check,111.23,3495.47,No
Female,0,No,No,29,Yes,No,Fiber optic,Yes,No,No,Yes,No internet service,Yes,Month-to-month,No,Bank transfer (automatic),62.81,1782.43,No
Male,0,No,No,4,Yes,No,No,Yes,No internet service,No,No,Yes,No internet service,Two year,Yes,Bank transfer (automatic),114.78,342.45,No
Female,0,Yes,Yes,11,Yes,No,Fiber optic,No,No,No,No internet service,No internet service,No internet service,Month-to-month,No,Bank transfer (automatic),40.18,554.87,No
Female,0,Yes,No,31,Yes,Yes,Fiber optic,No,Yes,Yes,No internet service,No internet service,No,Two year,Yes,Mailed check,83.68,2509.75,No
Male,0,No,No,37,Yes,No,Fiber optic,No,Yes,Yes,Yes,No internet service,No internet service,Month-to-month,No,Electronic check,101.22,3831.16,No
Male,0,Yes,No,16,Yes,No phone service,Fiber optic,No,No,No,Yes,No internet service,Yes,Month-to-month,No,Electronic check,66.35,1078.59,Yes
Male,0,No,No,57,No,No,DSL,Yes,Yes,No internet service,No,Yes,Yes,Month-to-month,No,Bank transfer (automatic),20.94,1123.59,No
Male,0,No,No,39,Yes,Yes,DSL,No,Yes,No internet service,Yes,Yes,Yes,Two year,No,Credit card (automatic),92.75,3661.58,No
Female,0,No,No,23,Yes,No,No,Yes,Yes,No internet service,No internet service,Yes,Yes,Month-to-month,Yes,Electronic check,84.48,1947.12,No
Male,0,No,Yes,11,Yes,No,Fiber optic,No internet service,Yes,Yes,No,Yes,Yes,Month-to-month,No,Electronic check,41.97,525.24,Yes
Male,0,No,No,18,No,No,Fiber optic,No internet service,No,No,No,Yes,No,Month-to-month,Yes,Bank transfer (automatic),73.95,1363.0,No
Female,1,Yes,Yes,28,No,No phone service,DSL,Yes,No,Yes,No internet service,No,No internet service,Two year,Yes,Mailed check,64.38,1865.39,No
Male,0,No,No,51,Yes,No,Fiber optic,No,Yes,No,No,No internet service,No internet service,Month-to-month,Yes,Bank transfer (automatic),39.86,2018.69,No
Male,0,No,No,16,Yes,Yes,No,No internet service,Yes,No,No,Yes,No,Month-to-month,Yes,Credit card (automatic),34.82,565.05,No
Male,0,Yes,No,72,Yes,Yes,DSL,Yes,Yes,No,Yes,No,No internet service,Two year,Yes,Credit card (automatic),18.0,1362.28,No
Male,0,Yes,No,20,Yes,No,DSL,Yes,No,No,Yes,Yes,Yes,Two year,No,Bank transfer (automatic),88.1,1728.27,No
Male,0,Yes,Yes,59,Yes,No,DSL,No,No,No internet service,No,No,No,Month-to-month,No,Credit card (automatic),46.87,2785.18,No
Female,0,No,No,19,Yes,Yes,DSL,Yes,No internet service,Yes,No,Yes,No internet service,Two year,No,Mailed check,80.78,1497.45,No
Male,0,Yes,No,52,Yes,Yes,Fiber optic,No internet service,No internet service,No,No,Yes,No,Month-to-month,Yes,Mailed check,94.33,4936.76,Yes
Male,0,No,No,62,Yes,No phone service,Fiber optic,No internet service,Yes,No,No,Yes,No,Month-to-month,No,Mailed check,39.05,2416.3,Yes
Male,0,Yes,Yes,56,Yes,Yes,Fiber optic,No internet service,Yes,Yes,No,Yes,Yes,Two year,Yes,Credit card (automatic),61.27,3439.96,No
Male,0,Yes,No,28,Yes,No,Fiber optic,Yes,No internet service,No,No,No internet service,Yes,One year,No,Mailed check,28.01,851.72,Yes
Male,0,No,No,0,Yes,Yes,Fiber optic,Yes,No,Yes,No,No,Yes,Month-to-month,No,Bank transfer (automatic),89.66,0.0,No
Female,0,Yes,Yes,58,Yes,Yes,DSL,No,Yes,No,No internet service,No,No,Month-to-month,No,Mailed check,19.39,1139.02,No
Male,0,No,No,63,Yes,No,No,No internet service,Yes,No,Yes,No,No,Month-to-month,Yes,Credit card (automatic),71.97,4585.31,Yes
Female,0,No,Yes,71,Yes,No phone service,Fiber optic,No,No,No,No internet service,No,No,One year,No,Electronic check,53.9,3810.65,No
Female,0,No,No,70,Yes,No,DSL,No internet service,Yes,No,Yes,No,No,Two year,Yes,Credit card (automatic),89.3,6235.4,No
Male,0,Yes,Yes,43,Yes,Yes,DSL,No internet service,Yes,No,No internet service,No internet service,Yes,Month-to-month,Yes,Bank transfer (automatic),61.94,2594.53,No
Male,0,No,No,47,Yes,No,Fiber optic,No,No,No internet service,Yes,No internet service,No,Two year,Yes,Bank transfer (automatic),120.0,5631.13,No
Male,0,No,No,14,No,No,DSL,Yes,No,No,No internet service,No,No,Month-to-month,Yes,Credit card (automatic),60.94,909.96,Yes
Male,0,No,No,34,Yes,Yes,No,Yes,Yes,No,No internet service,No internet service,No internet service,One year,Yes,Mailed check,68.67,2305.21,No
Female,0,No,No,22,Yes,Yes,Fiber optic,No,No,No,Yes,No internet service,Yes,Month-to-month,No,Mailed check,89.02,1942.56,No
Male,0,No,No,52,No,No phone service,No,No internet service,Yes,No,Yes,No internet service,Yes,One year,Yes,Electronic check,78.77,4064.15,No
Male,0,No,Yes,44,Yes,No,Fiber optic,No,Yes,No internet service,No,Yes,No internet service,Month-to-month,No,Mailed check,40.38,1708.04,Yes
Male,0,No,No,12,Yes,No,No,No internet service,Yes,No,No internet service,No,No,Two year,No,Bank transfer (automatic),73.19,852.23,No
Male,0,Yes,No,33,No,No,Fiber optic,No,No,Yes,No,Yes,Yes,Month-to-month,No,Mailed check,47.17,1542.85,Yes
Male,1,Yes,No,37,Yes,No,DSL,Yes,No,Yes,No,No internet service,Yes,Month-to-month,Yes,Credit card (automatic),117.62,4443.87,No
Male,0,Yes,Yes,69,No,No,Fiber optic,No internet service,No internet service,No internet service,Yes,Yes,No internet service,Two year,No,Credit card (automatic),18.0,1234.27,No
Female,0,Yes,Yes,67,Yes,Yes,Fiber optic,No,Yes,Yes,No,No internet service,No,Month-to-month,No,Electronic check,101.65,6832.1,No
Female,1,Yes,No,4,Yes,Yes,No,Yes,No internet service,No,Yes,No,Yes,Month-to-month,No,Bank transfer (automatic),62.21,254.95,No
Male,1,Yes,No,39,Yes,Yes,DSL,No internet service,No,Yes,No,No,Yes,Month-to-month,No,Credit card (automatic),25.26,1023.2,No
Male,1,No,No,69,Yes,No phone service,Fiber optic,No,Yes,No,Yes,No internet service,Yes,Two year,Yes,Bank transfer (automatic),24.33,1600.62,No
Male,0,Yes,No,20,Yes,Yes,No,No,No,No internet service,No internet service,No internet service,No,Month-to-month,No,Mailed check,68.12,1373.82,No
Female,0,No,No,27,Yes,No,Fiber optic,Yes,Yes,No internet service,No,Yes,No,Month-to-month,No,Electronic check,28.47,761.74,Yes
Male,0,Yes,No,2,Yes,No phone service,No,No,Yes,No internet service,No,Yes,Yes,Month-to-month,Yes,Electronic check,78.22,173.56,No
Female,0,Yes,No,22,No,Yes,DSL,No,No internet service,No,No,No,Yes,Two year,Yes,Mailed check,52.17,1182.69,No
Male,0,Yes,No,71,Yes,Yes,Fiber optic,Yes,Yes,Yes,No,Yes,No,Month-to-month,No,Credit card (automatic),74.21,5272.62,Yes
Male,0,Yes,Yes,18,Yes,No phone service,Fiber optic,Yes,Yes,Yes,No,No,Yes,Month-to-month,Yes,Bank transfer (automatic),19.41,326.69,Yes
Male,0,No,Yes,49,Yes,No,DSL,Yes,No,No,Yes,Yes,Yes,One year,No,Bank transfer (automatic),18.0,923.61,No
Male,0,No,Yes,57,Yes,No,DSL,No,No,No,No internet service,No,No,Month-to-month,Yes,Bank transfer (automatic),23.01,1341.44,No
Female,1,Yes,No,19,Yes,No,DSL,No internet service,No,Yes,No internet service,Yes,No,Month-to-month,No,Credit card (automatic),114.39,2223.83,Yes
Female,0,Yes,Yes,71,No,Yes,DSL,No,Yes,No,No,No,Yes,Two year,No,Mailed check,99.85,7088.95,No
Male,0,Yes,Yes,52,Yes,No,DSL,Yes,Yes,No internet service,Yes,No,No,Month-to-month,No,Bank transfer (automatic),85.1,4398.94,No
Male,0,No,No,8,Yes,No,DSL,Yes,No internet service,No,No,No internet service,Yes,One year,No,Credit card (automatic),89.98,811.46,No
Female,0,No,Yes,3,Yes,Yes,Fiber optic,Yes,No,No,No internet service,Yes,No,Two year,No,Bank transfer (automatic),77.05,186.43,No
Female,0,No,Yes,40,Yes,Yes,DSL,No,Yes,No,No,No,No,Month-to-month,No,Credit card (automatic),120.0,4852.73,Yes
Female,0,No,Yes,24,Yes,Yes,No,No internet service,Yes,No internet service,No internet service,Yes,No,Month-to-month,No,Mailed check,53.61,1338.92,No
Female,1,No,Yes,33,Yes,Yes,Fiber optic,Yes,Yes,No,Yes,No,Yes,Two year,No,Bank transfer (automatic),85.22,2844.9,No
Male,0,Yes,No,72,Yes,No phone service,DSL,No,No,No,No,Yes,Yes,One year,Yes,Mailed check,52.56,3781.4,Yes
Female,0,Yes,No,8,Yes,No,Fiber optic,Yes,No internet service,No,No,No internet service,Yes,Month-to-month,No,Electronic check,77.75,632.18,Yes
Male,0,No,No,12,Yes,Yes,No,Yes,No,No,No,No internet service,Yes,Month-to-month,Yes,Credit card (automatic),106.81,1252.38,Yes
Female,0,No,No,8,No,No,DSL,Yes,No,No,Yes,No,Yes,One year,No,Electronic check,46.63,297.49,No
Female,0,No,No,3,Yes,Yes,No,No,No,No internet service,No internet service,Yes,Yes,Month-to-month,Yes,Mailed check,18.0,36.8,No
Female,0,No,No,33,Yes,No phone service,Fiber optic,Yes,No,No internet service,Yes,Yes,Yes,Month-to-month,Yes,Mailed check,48.36,1590.12,No
Female,0,Yes,Yes,6,Yes,No,No,Yes,No,Yes,No,Yes,No internet service,Two year,Yes,Mailed check,18.0,52.26,No
Female,0,No,Yes,14,Yes,No,Fiber optic,No,No,No,No,Yes,Yes,Month-to-month,Yes,Bank transfer (automatic),69.78,926.21,Yes
Male,0,No,No,37,Yes,Yes,Fiber optic,No,No,No internet service,No,Yes,No internet service,Two year,Yes,Bank transfer (automatic),59.95,2182.99,Yes
Male,0,Yes,Yes,51,Yes,Yes,DSL,Yes,No,No,No internet service,No,No,One year,Yes,Mailed check,18.0,921.34,No
Female,0,No,Yes,6,Yes,Yes,DSL,Yes,Yes,No,No internet service,No,No,Month-to-month,No,Mailed check,18.0,145.59,No
Female,0,No,No,44,Yes,Yes,Fiber optic,No,No,No internet service,Yes,No internet service,No,One year,Yes,Bank transfer (automatic),64.66,2850.16,No
Male,0,Yes,No,58,Yes,No,DSL,No,No,No internet service,No,No,No,Month-to-month,Yes,Bank transfer (automatic),120.0,7069.2,Yes
Female,0,Yes,Yes,20,Yes,Yes,Fiber optic,No,Yes,Yes,No internet service,No internet service,No,Month-to-month,No,Credit card (automatic),56.35,1116.05,Yes
Female,0,Yes,Yes,27,Yes,No,Fiber optic,Yes,Yes,Yes,No internet service,Yes,No,Month-to-month,Yes,Mailed check,46.06,1244.34,No
Male,0,No,No,2,Yes,No,DSL,Yes,No,No internet service,No internet service,Yes,No internet service,One year,No,Bank transfer (automatic),20.89,107.85,No
Female,0,Yes,No,13,Yes,Yes,DSL,No,No internet service,No,No,No,Yes,One year,Yes,Bank transfer (automatic),85.45,1091.9,Yes
Female,1,No,Yes,1,Yes,Yes,DSL,No,Yes,No,No,No internet service,Yes,Two year,No,Electronic check,36.34,27.12,Yes
Male,1,No,No,28,Yes,No,Fiber optic,No,No internet service,No internet service,Yes,Yes,No,Two year,Yes,Mailed check,26.41,735.03,No
Male,0,Yes,No,17,Yes,Yes,Fiber optic,No,No,No internet service,No,Yes,No internet service,Month-to-month,Yes,Mailed check,100.32,1747.39,Yes
Male,0,No,No,36,Yes,Yes,Fiber optic,No,Yes,No,Yes,Yes,Yes,One year,No,Bank transfer (automatic),44.87,1626.67,No
Female,0,No,No,44,Yes,No,DSL,No,Yes,Yes,No,No,No internet service,Month-to-month,Yes,Electronic check,67.9,2982.24,Yes
Male,0,Yes,Yes,44,Yes,No,No,No,Yes,No internet service,No internet service,Yes,No internet service,Month-to-month,No,Credit card (automatic),83.42,3691.78,No
Male,0,Yes,No,23,Yes,No,Fiber optic,No,No internet service,Yes,Yes,No,No,Month-to-month,Yes,Mailed check,18.0,374.56,Yes
Male,0,No,No,45,Yes,No,Fiber optic,Yes,No internet service,Yes,No,No internet service,Yes,One year,No,Credit card (automatic),39.51,1810.69,No
Male,0,No,Yes,11,Yes,No,DSL,No internet service,No,No,No,Yes,No,Month-to-month,No,Mailed check,120.0,1379.82,Yes
Male,1,Yes,No,52,Yes,Yes,Fiber optic,Yes,Yes,No internet service,No,No internet service,Yes,Month-to-month,Yes,Bank transfer (automatic),41.17,2201.05,Yes
Male,0,Yes,Yes,44,Yes,No,No,No internet service,No internet service,No internet service,No,No,Yes,Month-to-month,No,Credit card (automatic),46.67,2031.77,No
Female,0,Yes,Yes,31,Yes,No,DSL,No,Yes,No internet service,Yes,Yes,No internet service,Month-to-month,Yes,Mailed check,52.17,1530.46,No
Female,0,No,No,17,Yes,No,Fiber optic,No,No internet service,Yes,No internet service,Yes,No,Two year,No,Credit card (automatic),97.12,1740.3,No
Male,0,Yes,Yes,12,Yes,No,Fiber optic,Yes,No,No,Yes,No,No,Two year,No,Bank transfer (automatic),114.51,1324.95,Yes
Male,0,No,No,3,Yes,No,DSL,No,No,Yes,Yes,No internet service,Yes,One year,Yes,Electronic check,70.98,215.7,No
Male,1,No,No,22,Yes,No,Fiber optic,No internet service,No,No internet service,No internet service,No,No,One year,Yes,Electronic check,65.74,1465.07,No
Female,0,Yes,No,61,Yes,Yes,DSL,No,Yes,No,No,No,No,One year,No,Credit card (automatic),51.43,3036.49,No
Female,0,No,No,53,Yes,No,Fiber optic,No,Yes,No internet service,No internet service,Yes,No,One year,No,Credit card (automatic),89.33,4762.09,Yes
Female,0,Yes,No,54,Yes,Yes,DSL,No,No internet service,Yes,No internet service,Yes,Yes,One year,No,Credit card (automatic),50.02,2745.62,No
Female,1,No,Yes,68,Yes,No,Fiber optic,Yes,No,No internet service,No internet service,Yes,No internet service,Month-to-month,No,Mailed check,59.55,4072.28,No
Female,0,Yes,No,39,Yes,No,DSL,No,Yes,Yes,Yes,Yes,No,Month-to-month,Yes,Bank transfer (automatic),116.78,4542.78,Yes
Female,0,No,No,13,Yes,No,Fiber optic,No internet service,No,Yes,Yes,No,No,Month-to-month,No,Credit card (automatic),69.26,882.33,Yes
Female,0,No,Yes,27,No,No,DSL,Yes,No internet service,Yes,Yes,Yes,No,Month-to-month,No,Electronic check,80.64,2138.3,Yes
Female,0,Yes,Yes,71,Yes,Yes,Fiber optic,No,Yes,No,No,No,Yes,Month-to-month,Yes,Mailed check,50.95,3626.17,Yes
Female,0,Yes,Yes,70,Yes,No,DSL,Yes,No,No,Yes,No,Yes,One year,Yes,Credit card (automatic),53.11,3703.22,No
Male,0,Yes,No,66,No,Yes,DSL,No internet service,Yes,No,No,Yes,Yes,One year,No,Mailed check,18.0,1080.36,No
Male,0,Yes,No,28,Yes,Yes,DSL,No,No internet service,No,No internet service,No internet service,No,Month-to-month,No,Credit card (automatic),93.63,2627.69,No
Male,0,No,No,60,Yes,Yes,Fiber optic,No internet service,Yes,Yes,Yes,No internet service,No,Month-to-month,Yes,Credit card (automatic),53.0,3249.59,No
Male,1,No,No,67,Yes,Yes,Fiber optic,Yes,No,No,Yes,Yes,Yes,One year,No,Mailed check,56.99,3766.95,No
Female,0,Yes,No,8,Yes,Yes,DSL,No internet service,No,No,No,Yes,No internet service,Month-to-month,Yes,Bank transfer (automatic),102.57,803.09,No
Female,0,No,No,16,Yes,Yes,Fiber optic,No,No,No internet service,Yes,Yes,No,Month-to-month,No,Bank transfer (automatic),99.98,1604.05,Yes
Male,0,No,No,48,Yes,No,Fiber optic,Yes,Yes,Yes,No,No,No internet service,Two year,Yes,Electronic check,46.03,2137.66,No
Female,0,No,No,62,Yes,No,No,No,No,Yes,No,No,No,Month-to-month,Yes,Bank transfer (automatic),52.22,3216.7,No
Male,1,Yes,No,45,Yes,No,DSL,No,No,Yes,Yes,No,Yes,Two year,Yes,Bank transfer (automatic),18.0,873.21,No
Female,0,Yes,No,12,No,Yes,Fiber optic,No internet service,No internet service,No,Yes,No,No,Two year,No,Mailed check,80.51,936.88,No
Male,0,Yes,No,44,Yes,Yes,Fiber optic,Yes,No,Yes,Yes,No,No,Two year,Yes,Mailed check,81.24,3508.8,No
Female,0,No,No,52,Yes,Yes,DSL,No internet service,Yes,Yes,No,No internet service,No,Month-to-month,No,Electronic check,43.18,2247.7,Yes
Female,0,Yes,No,16,Yes,No,DSL,No,Yes,No internet service,No,No internet service,No internet service,Month-to-month,Yes,Credit card (automatic),74.47,1157.72,No
Male,0,Yes,No,46,Yes,No,Fiber optic,No,No internet service,Yes,No,No,Yes,Month-to-month,No,Mailed check,88.24,4098.06,Yes
Female,0,Yes,No,61,No,No,Fiber optic,Yes,No internet service,No,Yes,Yes,Yes,Month-to-month,Yes,Mailed check,34.73,2169.05,No
Male,0,No,No,49,Yes,Yes,DSL,No,Yes,No,No,No,Yes,Month-to-month,Yes,Mailed check,57.97,2765.63,No
Male,1,Yes,No,42,Yes,Yes,Fiber optic,No internet service,No,Yes,No internet service,No,Yes,Two year,Yes,Bank transfer (automatic),70.53,3061.33,No
Male,0,Yes,No,67,Yes,Yes,DSL,No internet service,Yes,No,Yes,No internet service,Yes,Two year,Yes,Mailed check,79.51,5282.42,No
Male,0,Yes,Yes,71,Yes,No,Fiber optic,No,No internet service,No,No internet service,No,Yes,Two year,No,Electronic check,81.45,5751.61,No
Female,0,Yes,Yes,27,Yes,Yes,No,No internet service,Yes,Yes,No internet service,No internet service,Yes,Month-to-month,Yes,Electronic check,54.88,1466.39,No
Female,0,No,No,44,Yes,No phone service,Fiber optic,No internet service,No,No,Yes,No internet service,No internet service,One year,Yes,Mailed check,41.24,1857.49,No
Female,0,Yes,No,40,Yes,No phone service,Fiber optic,No internet service,No,No internet service,No,No,Yes,Month-to-month,Yes,Credit card (automatic),18.0,808.23,No
Male,0,Yes,No,35,Yes,No,Fiber optic,No,No internet service,No internet service,Yes,No,Yes,Month-to-month,Yes,Mailed check,55.31,1914.39,No
Female,0,No,No,32,Yes,No phone service,No,No internet service,No internet service,No,Yes,Yes,Yes,Two year,Yes,Electronic check,82.71,2674.29,Yes
Male,0,Yes,No,24,Yes,Yes,DSL,Yes,Yes,No internet service,No,No,No,Month-to-month,Yes,Credit card (automatic),119.56,2932.31,Yes
Female,0,Yes,Yes,18,Yes,Yes,Fiber optic,No,No internet service,No internet service,No,No,No,Month-to-month,No,Bank transfer (automatic),91.26,1608.56,No
Female,1,No,Yes,46,Yes,Yes,No,Yes,No,Yes,No internet service,Yes,No internet service,Two year,Yes,Mailed check,68.17,3129.52,No
Female,0,Yes,No,32,Yes,Yes,Fiber optic,Yes,No,Yes,No internet service,No,Yes,Month-to-month,No,Electronic check,63.91,2098.78,Yes
Male,0,Yes,Yes,66,Yes,Yes,DSL,No,No internet service,No internet service,No internet service,No internet service,Yes,Two year,Yes,Bank transfer (automatic),46.77,3104.13,No
Female,0,Yes,No,13,No,No,No,No internet service,Yes,No,Yes,Yes,Yes,Month-to-month,Yes,Electronic check,27.18,346.75,No
Female,0,No,No,32,No,Yes,DSL,Yes,No,Yes,No,Yes,No internet service,Two year,No,Bank transfer (automatic),90.82,2885.85,No
Male,0,No,No,41,Yes,No,Fiber optic,Yes,No internet service,Yes,No,No,Yes,Month-to-month,No,Electronic check,100.64,4139.16,Yes
Female,0,No,No,64,Yes,Yes,No,Yes,Yes,Yes,No,Yes,Yes,Month-to-month,Yes,Electronic check,28.65,1752.7,No
Male,0,No,No,46,No,Yes,Fiber optic,No,No internet service,No internet service,No internet service,No internet service,No internet service,Month-to-month,Yes,Bank transfer (automatic),101.67,4666.39,No
Female,0,Yes,Yes,34,Yes,No,No,Yes,No internet service,Yes,No,No,Yes,One year,Yes,Mailed check,71.84,2450.25,No
Male,0,Yes,No,31,Yes,No,Fiber optic,Yes,Yes,No,No,Yes,Yes,Two year,No,Electronic check,88.98,2771.17,No
Male,0,No,No,54,Yes,No,No,Yes,No internet service,No internet service,No,No,No,One year,No,Credit card (automatic),118.1,6396.17,No
Female,0,No,Yes,53,Yes,No phone service,No,Yes,Yes,No,Yes,No,Yes,Two year,No,Mailed check,26.46,1380.17,No
Male,0,Yes,Yes,50,Yes,No,DSL,No,No,Yes,Yes,No,Yes,Two year,Yes,Credit card (automatic),33.76,1698.18,No
Male,0,No,Yes,58,Yes,No,DSL,Yes,No,No,No,Yes,No internet service,Month-to-month,No,Electronic check,57.87,3318.25,No
Male,0,Yes,Yes,71,Yes,Yes,Fiber optic,No,Yes,Yes,No internet service,Yes,Yes,One year,No,Bank transfer (automatic),38.59,2763.39,No
Male,0,Yes,No,13,Yes,Yes,No,No,No internet service,No internet service,No,No,Yes,Month-to-month,Yes,Mailed check,43.51,544.51,No
Male,0,Yes,No,17,Yes,No,Fiber optic,Yes,No,No,Yes,Yes,Yes,Month-to-month,Yes,Bank transfer (automatic),91.5,1637.87,No
Male,0,Yes,No,54,No,No,No,No,No,No internet service,No internet service,No internet service,Yes,Month-to-month,Yes,Bank transfer (automatic),70.3,3806.61,No
Female,0,No,No,55,Yes,No,Fiber optic,No,No internet service,No,No,No internet service,No,Month-to-month,No,Credit card (automatic),71.97,3905.05,Yes
Male,0,No,No,48,Yes,No,Fiber optic,No internet service,Yes,No,Yes,No,No internet service,One year,No,Credit card (automatic),67.5,3207.79,No
Male,0,Yes,No,59,Yes,No,Fiber optic,No internet service,No,No internet service,Yes,No,No,Month-to-month,Yes,Mailed check,47.11,2829.96,No
Female,0,Yes,No,52,Yes,Yes,Fiber optic,No,No internet service,No,Yes,Yes,No,One year,Yes,Mailed check,71.65,3680.02,No
Female,0,No,No,70,Yes,Yes,DSL,No,No,Yes,No,No,Yes,Two year,No,Mailed check,60.62,4143.16,No
Female,0,Yes,No,5,Yes,No,No,No,No internet service,No internet service,No,Yes,No internet service,Month-to-month,Yes,Credit card (automatic),92.27,494.2,Yes
Female,0,No,No,69,No,No,DSL,No,No,No,No,Yes,No,One year,Yes,Credit card (automatic),85.2,5931.28,No
Female,0,Yes,No,7,Yes,Yes,No,Yes,Yes,Yes,No,Yes,No,One year,Yes,Bank transfer (automatic),78.54,438.55,No
Female,0,No,Yes,14,Yes,No phone service,Fiber optic,No,Yes,No,No,No internet service,No internet service,Month-to-month,Yes,Bank transfer (automatic),65.91,1010.29,Yes
Female,1,Yes,No,25,Yes,No phone service,DSL,No,No,No,No internet service,No internet service,No,Two year,No,Bank transfer (automatic),52.47,1296.27,No
Male,0,Yes,No,38,Yes,No,DSL,Yes,Yes,No,No internet service,No,No internet service,Month-to-month,Yes,Mailed check,29.69,1046.44,Yes
Male,0,Yes,Yes,2,Yes,Yes,No,No,No internet service,No,No internet service,No,No,Month-to-month,No,Electronic check,120.0,225.9,No
Female,0,Yes,No,56,Yes,No,DSL,No,Yes,Yes,No,No internet service,Yes,Month-to-month,Yes,Credit card (automatic),64.08,3663.0,No
Male,0,Yes,No,9,Yes,Yes,Fiber optic,No,No,No internet service,No internet service,No,No internet service,Month-to-month,Yes,Mailed check,86.04,669.69,Yes
Male,0,No,Yes,2,Yes,No,DSL,No,Yes,Yes,Yes,No,No,Month-to-month,No,Credit card (automatic),90.66,196.82,Yes
Male,0,Yes,No,45,No,Yes,Fiber optic,No internet service,No,No,Yes,Yes,Yes,Month-to-month,Yes,Electronic check,65.57,3031.31,No
Female,0,Yes,Yes,21,Yes,No,DSL,Yes,No,Yes,No,Yes,No,Month-to-month,Yes,Credit card (automatic),60.88,1273.98,No
Female,0,No,No,66,Yes,No,DSL,No,No internet service,No internet service,Yes,Yes,No,Two year,No,Credit card (automatic),47.47,3132.62,No
Male,0,No,Yes,64,Yes,No phone service,DSL,No,No,Yes,No,Yes,No internet service,Two year,Yes,Credit card (automatic),18.0,1193.15,No
Female,1,No,No,18,Yes,No,Fiber optic,Yes,Yes,No,No,No internet service,Yes,Month-to-month,Yes,Bank transfer (automatic),119.64,2174.27,Yes
Male,0,No,Yes,61,Yes,No phone service,Fiber optic,No,No internet service,Yes,Yes,No internet service,No internet service,Month-to-month,No,Electronic check,49.68,3003.86,Yes
Male,1,Yes,Yes,56,Yes,No phone service,Fiber optic,No,Yes,No,No internet service,Yes,Yes,Month-to-month,Yes,Mailed check,33.59,1919.52,No
Male,0,No,Yes,12,Yes,No,DSL,No,No internet service,Yes,No,Yes,No internet service,Two year,Yes,Mailed check,109.38,1369.19,No
Male,0,No,No,15,Yes,No,DSL,Yes,No internet service,No,Yes,Yes,No,Month-to-month,No,Mailed check,57.88,780.86,No
Female,0,No,No,15,Yes,Yes,Fiber optic,No,Yes,No,Yes,No internet service,No internet service,Month-to-month,Yes,Electronic check,69.06,1076.41,Yes
Female,0,Yes,No,51,Yes,No,DSL,No internet service,Yes,Yes,No,Yes,No,Month-to-month,No,Credit card (automatic),51.52,2565.35,No
Female,1,Yes,No,40,Yes,Yes,Fiber optic,No,No internet service,No,No internet service,No internet service,No,One year,Yes,Mailed check,19.71,782.73,No
Male,1,Yes,No,47,Yes,Yes,Fiber optic,Yes,No internet service,No,No,No internet service,Yes,Month-to-month,No,Electronic check,65.69,3050.61,Yes
Female,1,No,Yes,38,Yes,No,Fiber optic,No internet service,No,Yes,Yes,No internet service,Yes,Month-to-month,Yes,Bank transfer (automatic),63.7,2378.89,No
Male,0,No,No,12,Yes,No,DSL,Yes,No internet service,No,Yes,No,Yes,One year,No,Electronic check,52.95,699.16,No
Female,0,No,Yes,3,Yes,Yes,Fiber optic,No internet service,No internet service,No internet service,Yes,No internet service,No,One year,No,Bank transfer (automatic),96.16,320.99,Yes
Male,0,Yes,No,42,Yes,No,No,No internet service,No,No internet service,No internet service,No,No,One year,Yes,Electronic check,86.17,3683.69,No
Male,1,No,No,45,Yes,No,Fiber optic,No internet service,No,No internet service,No internet service,No internet service,Yes,Month-to-month,No,Bank transfer (automatic),107.28,4785.63,No
Male,0,No,No,46,Yes,No,Fiber optic,No,No,Yes,Yes,No,Yes,Two year,Yes,Mailed check,35.02,1657.5,Yes
Female,0,Yes,Yes,52,Yes,Yes,DSL,No,Yes,Yes,Yes,No,No,Month-to-month,No,Electronic check,82.61,4363.1,No
Female,0,No,No,24,Yes,No,DSL,Yes,No,No internet service,Yes,No internet service,Yes,Month-to-month,No,Bank transfer (automatic),120.0,2881.58,No
Female,0,Yes,Yes,40,Yes,Yes,No,No,No,Yes,No internet service,No internet service,No internet service,Month-to-month,Yes,Credit card (automatic),83.96,3322.56,Yes
Female,1,No,Yes,2,Yes,Yes,Fiber optic,No,No,No,No internet service,No,Yes,Month-to-month,Yes,Mailed check,83.8,159.38,Yes
Male,0,No,Yes,12,Yes,No,DSL,Yes,Yes,No,No,No,Yes,Month-to-month,Yes,Mailed check,66.32,744.65,No
Female,0,No,No,17,Yes,No,DSL,No,No internet service,No internet service,No internet service,Yes,No,Month-to-month,Yes,Bank transfer (automatic),87.2,1467.04,No
Female,0,No,No,36,Yes,No phone service,DSL,No internet service,No internet service,Yes,Yes,No internet service,Yes,Month-to-month,Yes,Bank transfer (automatic),38.32,1364.83,No
Male,0,No,No,42,No,No,No,No,Yes,No,No,No,No,Month-to-month,Yes,Electronic check,45.7,1835.34,Yes
Male,0,No,Yes,33,No,Yes,Fiber optic,No,No,No,No internet service,Yes,Yes,One year,Yes,Bank transfer (automatic),38.73,1306.19,No
Male,0,Yes,No,54,Yes,No,No,Yes,No internet service,No,No internet service,Yes,Yes,Month-to-month,No,Bank transfer (automatic),51.8,2759.64,No
Female,0,No,No,51,Yes,No phone service,Fiber optic,No,No,No,No,No,No,Two year,Yes,Credit card (automatic),62.93,3250.56,No
Male,1,Yes,Yes,35,Yes,Yes,No,No,No,Yes,Yes,No internet service,No internet service,Month-to-month,Yes,Mailed check,110.52,3916.43,Yes
Male,0,Yes,Yes,53,Yes,No phone service,DSL,Yes,Yes,Yes,No internet service,Yes,No,Month-to-month,Yes,Bank transfer (automatic),98.91,5155.91,No
Male,0,No,No,58,Yes,Yes,Fiber optic,No,Yes,No,No,No internet service,Yes,Month-to-month,No,Bank transfer (automatic),33.48,1975.66,No
Female,1,No,No,51,No,No,Fiber optic,No,No internet service,No,No,No,No,One year,No,Credit card (automatic),36.87,1911.19,No
Male,0,Yes,No,18,Yes,Yes,No,No,No,No,No,No internet service,No,One year,Yes,Bank transfer (automatic),47.12,901.41,Yes
Female,0,Yes,No,11,Yes,No,DSL,No internet service,No internet service,No internet service,No,No,Yes,Two year,No,Credit card (automatic),45.65,524.16,No
Female,0,Yes,Yes,10,Yes,Yes,Fiber optic,No,Yes,No,No,Yes,Yes,Month-to-month,No,Mailed check,98.54,876.1,Yes
Male,0,Yes,Yes,47,Yes,Yes,Fiber optic,Yes,No,No,Yes,No internet service,No internet service,Month-to-month,No,Mailed check,113.09,5256.95,Yes
Male,0,Yes,No,15,No,No,No,No internet service,Yes,No internet service,No,No,No,One year,Yes,Credit card (automatic),27.84,391.28,Yes
Female,1,No,No,70,Yes,No,No,Yes,No internet service,No,No,No,No,One year,Yes,Credit card (automatic),72.26,5021.0,No
Male,0,Yes,No,46,Yes,No,Fiber optic,No internet service,No internet service,No,No,No,Yes,Two year,Yes,Mailed check,55.78,2522.09,No
Male,0,Yes,No,66,Yes,Yes,No,No internet service,No,Yes,Yes,Yes,Yes,Month-to-month,Yes,Mailed check,18.0,1178.0,No
Female,0,Yes,No,30,Yes,No phone service,Fiber optic,No internet service,Yes,No,No,No internet service,No,One year,No,Credit card (automatic),43.41,1332.12,No
Female,0,No,Yes,7,Yes,Yes,No,No internet service,No,Yes,No,Yes,Yes,Month-to-month,Yes,Electronic check,60.25,492.1,Yes
Male,0,Yes,No,60,Yes,No,No,Yes,No,No,No,No internet service,No internet service,Month-to-month,No,Mailed check,30.46,1886.17,No
Female,0,Yes,No,43,Yes,No phone service,DSL,Yes,No internet service,Yes,Yes,No internet service,No,Month-to-month,Yes,Mailed check,48.78,2128.44,No
Male,0,Yes,Yes,49,No,No,Fiber optic,Yes,No,No,No internet service,Yes,Yes,One year,Yes,Credit card (automatic),85.71,4226.35,No
Male,0,No,No,34,Yes,No phone service,Fiber optic,No internet service,Yes,No,No,Yes,No,One year,No,Credit card (automatic),67.78,2305.12,No
Male,1,No,Yes,60,Yes,No,No,Yes,No,Yes,No,No,No,Month-to-month,No,Credit card (automatic),90.34,5421.87,No
Female,0,Yes,Yes,54,Yes,No,Fiber optic,No,No,No internet service,No,Yes,Yes,Month-to-month,No,Electronic check,30.83,1636.86,Yes
Male,0,Yes,No,65,Yes,No,DSL,Yes,No internet service,No,Yes,No,No internet service,Month-to-month,Yes,Credit card (automatic),24.14,1502.14,No
Male,0,Yes,No,13,Yes,No,Fiber optic,No,No internet service,Yes,No internet service,No,Yes,Month-to-month,No,Electronic check,79.19,1003.86,Yes
Male,0,No,Yes,3,Yes,No phone service,Fiber optic,Yes,No internet service,No,No,Yes,No,Month-to-month,Yes,Credit card (automatic),86.9,245.31,Yes
Female,0,No,No,16,Yes,No,No,No,No,No,No,No,No,Month-to-month,No,Credit card (automatic),18.0,329.47,No
Female,0,Yes,No,68,Yes,Yes,Fiber optic,No internet service,No,No,No,No,No,Two year,Yes,Electronic check,48.7,3364.62,Yes
Female,0,Yes,No,23,Yes,Yes,DSL,No,No internet service,No,No internet service,No,No,Month-to-month,No,Bank transfer (automatic),102.27,2292.72,No
Female,0,Yes,No,48,Yes,No,No,Yes,Yes,Yes,No internet service,Yes,Yes,Month-to-month,No,Mailed check,64.07,3068.66,No
Female,1,Yes,Yes,54,Yes,Yes,Fiber optic,No internet service,No,Yes,No internet service,No internet service,No internet service,Two year,No,Credit card (automatic),29.29,1550.94,No
Male,1,No,Yes,70,Yes,No,Fiber optic,No,No,No internet service,No,Yes,No,Month-to-month,No,Bank transfer (automatic),18.0,1248.26,No
Female,1,Yes,Yes,22,Yes,No,No,No,Yes,Yes,No,Yes,No internet service,One year,No,Electronic check,80.09,1627.96,No
Female,0,Yes,Yes,11,Yes,No,Fiber optic,No,No,No internet service,Yes,No internet service,Yes,Month-to-month,Yes,Credit card (automatic),74.45,656.6,Yes
Female,0,Yes,Yes,10,No,No,Fiber optic,No,No,No,No internet service,Yes,Yes,Two year,No,Electronic check,117.97,1176.51,No
Male,0,No,Yes,28,Yes,Yes,DSL,No,Yes,No internet service,No,Yes,Yes,Month-to-month,Yes,Electronic check,21.64,640.47,No
Female,0,No,No,61,Yes,No,No,No,No,Yes,No,No internet service,No,One year,Yes,Electronic check,37.22,2307.3,No
Female,0,Yes,No,52,Yes,No,DSL,Yes,No,No,No,No,No internet service,Month-to-month,No,Bank transfer (automatic),91.51,4718.5,No
Male,0,Yes,No,47,Yes,Yes,DSL,No,No,Yes,No,No,No,Two year,No,Electronic check,43.59,2106.58,No
Female,0,Yes,Yes,65,No,No,No,Yes,No,No internet service,No,No,No,Month-to-month,Yes,Mailed check,18.0,1176.46,No
Male,0,No,No,47,No,Yes,Fiber optic,No,Yes,No,No internet service,Yes,No,Month-to-month,Yes,Credit card (automatic),63.54,3023.59,Yes
Male,0,Yes,Yes,58,Yes,Yes,DSL,No,Yes,No,No,Yes,Yes,Month-to-month,Yes,Credit card (automatic),37.88,2217.51,No
Male,0,No,No,70,Yes,No,DSL,No internet service,No internet service,No internet service,No internet service,No,Yes,Two year,No,Mailed check,91.16,6426.02,No
Male,0,No,Yes,56,No,Yes,No,No,No internet service,Yes,Yes,No,Yes,One year,Yes,Credit card (automatic),48.7,2691.21,No
Male,0,No,No,2,Yes,No phone service,Fiber optic,No internet service,No internet service,Yes,Yes,No,No,Month-to-month,Yes,Mailed check,78.2,127.24,No
Female,0,Yes,No,31,Yes,No,Fiber optic,No,No,No,Yes,Yes,No,Month-to-month,Yes,Bank transfer (automatic),88.67,2697.59,No
Male,0,No,No,7,Yes,No,No,No,No,No,Yes,No,No internet service,Month-to-month,Yes,Electronic check,71.12,442.42,Yes
Male,0,No,Yes,29,Yes,Yes,Fiber optic,No,No internet service,No,Yes,No,Yes,Month-to-month,No,Bank transfer (automatic),120.0,3442.34,No
Female,0,Yes,No,14,Yes,No,DSL,No,No,No,Yes,No internet service,Yes,Month-to-month,No,Mailed check,71.78,974.56,No
Male,0,Yes,No,54,No,No,DSL,No,Yes,Yes,No,No internet service,No internet service,Two year,Yes,Electronic check,115.4,6336.04,No
Female,0,Yes,Yes,37,Yes,No,Fiber optic,No internet service,No,No,Yes,No,No,One year,Yes,Bank transfer (automatic),36.11,1418.03,No
Female,0,Yes,No,14,Yes,Yes,Fiber optic,No,No,Yes,No,No,No internet service,Two year,No,Electronic check,64.99,941.7,No
Female,1,Yes,No,29,Yes,No,DSL,No,No internet service,Yes,No internet service,Yes,Yes,Month-to-month,No,Electronic check,98.3,2823.36,No
Male,0,No,No,45,Yes,No phone service,Fiber optic,No,No internet service,Yes,No,No internet service,Yes,One year,Yes,Bank transfer (automatic),61.48,2767.07,No
Male,0,Yes,No,63,Yes,Yes,DSL,No,No internet service,No,No internet service,No,No,Month-to-month,Yes,Credit card (automatic),76.24,4884.12,No
Male,0,No,No,25,Yes,No phone service,No,Yes,Yes,No,No,No,No,Month-to-month,No,Mailed check,102.43,2545.23,No
Female,1,Yes,No,66,Yes,Yes,DSL,No internet service,No,No,No internet service,No internet service,No,Month-to-month,No,Bank transfer (automatic),73.69,4796.76,No
Male,0,No,No,35,Yes,Yes,Fiber optic,Yes,No internet service,No internet service,No,No,No internet service,Month-to-month,No,Bank transfer (automatic),20.04,833.67,No
Male,0,Yes,No,30,Yes,Yes,Fiber optic,Yes,No,No,No internet service,No,No,Two year,Yes,Credit card (automatic),67.99,2049.18,No
Male,0,No,No,39,Yes,Yes,Fiber optic,No,No,Yes,No,No,Yes,Month-to-month,No,Mailed check,84.98,3426.8,Yes
Female,1,Yes,No,72,Yes,Yes,Fiber optic,Yes,No internet service,No,No,No internet service,No internet service,Two year,No,Bank transfer (automatic),73.52,5300.4,No
Female,0,Yes,No,45,Yes,Yes,DSL,No internet service,No,No internet service,No internet service,No internet service,No internet service,One year,No,Electronic check,48.34,2186.03,No
Male,0,No,Yes,41,Yes,Yes,No,No internet service,No,Yes,Yes,No,No,Month-to-month,No,Mailed check,31.64,1354.54,No
Male,0,Yes,No,17,Yes,Yes,DSL,No,Yes,No internet service,No,No,No,Month-to-month,Yes,Credit card (automatic),43.34,744.21,No
Male,0,No,Yes,35,Yes,Yes,Fiber optic,No internet service,No internet service,No,No,Yes,No,Month-to-month,No,Bank transfer (automatic),86.04,3021.43,Yes
Male,0,No,Yes,49,Yes,Yes,DSL,No,No internet service,No,No,No internet service,No,Month-to-month,Yes,Electronic check,68.03,3391.32,No
Female,0,Yes,Yes,60,Yes,No phone service,DSL,Yes,No,No,Yes,No,No,One year,No,Mailed check,64.04,3934.52,No
Female,0,No,No,39,No,No phone service,Fiber optic,No internet service,No,Yes,No internet service,No internet service,No internet service,Two year,No,Bank transfer (automatic),75.6,2998.55,No
Female,0,No,Yes,2,Yes,No,Fiber optic,Yes,No,No internet service,No,Yes,No,Month-to-month,No,Mailed check,58.49,108.02,Yes
Female,0,Yes,No,6,Yes,Yes,No,No,Yes,No internet service,Yes,Yes,Yes,Two year,Yes,Electronic check,94.6,551.61,No
Male,1,No,No,30,Yes,Yes,No,No,Yes,No internet service,No,No internet service,No,Month-to-month,Yes,Electronic check,31.13,931.01,No
Male,0,No,Yes,64,Yes,Yes,No,No,No,Yes,Yes,Yes,No,Month-to-month,Yes,Mailed check,86.04,5519.58,No
Male,0,Yes,Yes,63,Yes,Yes,Fiber optic,No,Yes,No,No internet service,Yes,Yes,Month-to-month,Yes,Electronic check,101.4,6370.91,No
Female,0,Yes,No,2,Yes,No phone service,DSL,No,Yes,No,Yes,No internet service,No,Month-to-month,Yes,Electronic check,120.0,248.53,Yes
Male,0,No,No,34,No,No,Fiber optic,No,No internet service,No internet service,No internet service,No,No internet service,Month-to-month,No,Mailed check,79.01,2744.56,No
Female,0,Yes,No,14,Yes,Yes,Fiber optic,No internet service,No internet service,No,No,Yes,Yes,Month-to-month,Yes,Mailed check,21.91,284.1,No
Female,0,Yes,No,20,No,Yes,DSL,No,Yes,No internet service,No,No,No internet service,Month-to-month,Yes,Credit card (automatic),120.0,2435.24,Yes
Male,0,Yes,No,61,No,No,No,Yes,Yes,Yes,No internet service,No,No,Month-to-month,No,Bank transfer (automatic),115.87,7025.32,Yes
Male,0,No,No,27,Yes,No,Fiber optic,No,No internet service,No,No internet service,Yes,No,Month-to-month,No,Credit card (automatic),118.79,3184.04,No
Male,0,Yes,No,3,Yes,Yes,Fiber optic,No internet service,No internet service,No,Yes,No internet service,No internet service,Month-to-month,Yes,Credit card (automatic),51.36,207.08,No
Female,0,Yes,No,12,Yes,Yes,Fiber optic,No,No,No,No,No,No internet service,Month-to-month,Yes,Credit card (automatic),71.01,917.68,No
Male,0,No,No,50,Yes,No,No,Yes,Yes,Yes,No,No,Yes,One year,Yes,Credit card (automatic),64.46,3158.83,No
Female,1,Yes,Yes,47,Yes,Yes,DSL,No,Yes,No,No,No,No internet service,Two year,Yes,Bank transfer (automatic),54.68,2659.06,No
Male,0,No,No,38,Yes,No,Fiber optic,No,No internet service,No,No,No,Yes,Month-to-month,No,Mailed check,36.5,1409.72,No
Female,1,No,No,66,Yes,Yes,Fiber optic,Yes,No internet service,No,No,No,Yes,Month-to-month,No,Electronic check,93.06,6029.13,Yes
Female,0,No,No,57,Yes,Yes,Fiber optic,No,No,Yes,No internet service,Yes,No,One year,No,Electronic check,105.82,5977.44,Yes
Male,1,No,Yes,1,Yes,Yes,No,No internet service,No internet service,No internet service,No,No,No internet service,Month-to-month,No,Mailed check,101.3,146.79,No
Female,0,Yes,No,24,Yes,Yes,DSL,No,Yes,No internet service,Yes,No internet service,Yes,One year,No,Mailed check,44.25,1100.12,No
Female,0,No,Yes,10,Yes,No,No,No internet service,Yes,No internet service,No internet service,No,No,Month-to-month,No,Mailed check,44.71,484.29,No
Male,0,Yes,Yes,0,No,Yes,Fiber optic,Yes,Yes,No,No,No internet service,No,Month-to-month,No,Electronic check,88.88,0.0,Yes
Female,0,Yes,Yes,47,Yes,Yes,Fiber optic,No,Yes,No,Yes,No,No,Month-to-month,Yes,Credit card (automatic),93.99,4418.92,No
Male,0,Yes,No,47,Yes,No,DSL,Yes,No internet service,No,Yes,Yes,No,Month-to-month,Yes,Credit card (automatic),75.93,3550.32,Yes
Female,0,Yes,Yes,9,No,Yes,Fiber optic,Yes,No internet service,No internet service,No,Yes,No,Two year,Yes,Credit card (automatic),50.54,455.06,No
Male,0,No,No,29,Yes,Yes,Fiber optic,No,Yes,No,Yes,No internet service,No,Month-to-month,No,Bank transfer (automatic),100.11,2865.61,Yes
Male,0,Yes,Yes,34,Yes,Yes,DSL,No,No,Yes,No internet service,No,No,Two year,No,Credit card (automatic),104.88,3458.25,No
Female,0,No,No,18,Yes,Yes,Fiber optic,Yes,No,No,Yes,No,Yes,Month-to-month,Yes,Bank transfer (automatic),87.07,1412.2,Yes
Female,0,No,Yes,52,Yes,No,DSL,Yes,Yes,Yes,No,No internet service,Yes,Two year,No,Electronic check,47.89,2520.46,No
Female,0,No,Yes,33,No,Yes,Fiber optic,No,No internet service,No,No,No,Yes,Month-to-month,Yes,Bank transfer (automatic),42.78,1375.98,Yes
Female,0,Yes,No,31,Yes,No,Fiber optic,Yes,No,No,No,No internet service,No,Month-to-month,No,Mailed check,106.33,3257.44,Yes
Female,0,No,No,5,Yes,No,Fiber optic,No,No,No,No,No internet service,No internet service,One year,Yes,Mailed check,54.28,293.43,Yes
Male,0,Yes,Yes,12,Yes,No,DSL,No internet service,Yes,No,No,No,Yes,Month-to-month,Yes,Electronic check,55.61,671.12,No
Female,0,Yes,Yes,63,Yes,No phone service,DSL,No internet service,No,No internet service,No,No internet service,Yes,Two year,Yes,Credit card (automatic),77.92,4908.99,No
Male,0,No,Yes,6,Yes,Yes,No,Yes,No internet service,No,No,No,No,Month-to-month,Yes,Electronic check,52.47,387.94,Yes
Male,0,Yes,No,44,Yes,No,Fiber optic,No internet service,Yes,No,No internet service,No internet service,Yes,One year,Yes,Mailed check,92.94,4177.78,No
Female,0,Yes,No,44,Yes,No,No,No,Yes,Yes,No,No internet service,No internet service,Month-to-month,No,Credit card (automatic),67.55,3060.55,No
Male,0,No,No,64,Yes,No phone service,DSL,Yes,No,Yes,No,Yes,Yes,One year,Yes,Mailed check,48.9,3078.65,No
Male,0,Yes,Yes,18,Yes,No,Fiber optic,No,No,Yes,No,No internet service,No internet service,One year,No,Electronic check,68.33,1293.05,Yes
Male,0,No,No,46,Yes,Yes,DSL,No internet service,Yes,Yes,No,No,No,One year,Yes,Credit card (automatic),40.36,1798.89,Yes
Male,0,Yes,Yes,45,Yes,Yes,Fiber optic,Yes,Yes,No,No,No,No internet service,Month-to-month,Yes,Electronic check,47.63,2184.68,Yes
Female,1,Yes,Yes,28,Yes,Yes,No,Yes,Yes,Yes,No,No internet service,Yes,Two year,No,Mailed check,51.5,1404.4,No
Male,0,Yes,No,60,Yes,No phone service,DSL,No,No internet service,No,Yes,Yes,Yes,Two year,Yes,Credit card (automatic),95.3,5723.35,No
Female,0,Yes,No,64,Yes,No,Fiber optic,Yes,Yes,Yes,No internet service,Yes,Yes,Two year,No,Mailed check,83.67,5374.3,No
Female,0,Yes,Yes,22,Yes,No,Fiber optic,No,Yes,No,No internet service,Yes,No,One year,Yes,Credit card (automatic),27.14,606.7,No
Male,0,No,No,50,Yes,No,No,No,No internet service,Yes,No,No,Yes,Month-to-month,Yes,Bank transfer (automatic),57.13,2896.97,No
Female,0,No,No,62,Yes,Yes,DSL,No,No internet service,Yes,No,No internet service,No,Month-to-month,Yes,Bank transfer (automatic),33.92,2109.18,Yes
Female,0,No,No,21,Yes,Yes,No,No,No,No,No,No,No internet service,Two year,Yes,Mailed check,44.18,894.01,No
Female,0,Yes,No,70,Yes,No phone service,Fiber optic,No,No internet service,No,Yes,No internet service,Yes,Two year,Yes,Electronic check,52.67,3664.9,No
Male,1,No,No,32,Yes,No,DSL,No,No,Yes,No,Yes,Yes,Month-to-month,Yes,Bank transfer (automatic),76.07,2409.27,No
Female,0,No,No,43,No,No,Fiber optic,No internet service,Yes,Yes,No internet service,No internet service,Yes,Month-to-month,No,Bank transfer (automatic),75.59,3249.12,No
Female,1,No,No,6,Yes,Yes,DSL,No,No,Yes,No internet service,No,No internet service,Two year,Yes,Credit card (automatic),25.36,160.88,No
Female,0,Yes,No,1,Yes,No,Fiber optic,No,No,No internet service,Yes,No,No internet service,Month-to-month,No,Credit card (automatic),27.18,0.0,Yes
Male,0,No,Yes,16,Yes,Yes,Fiber optic,No,Yes,No,Yes,No internet service,Yes,Month-to-month,Yes,Credit card (automatic),51.93,793.27,Yes
Female,0,No,No,64,Yes,Yes,DSL,No internet service,Yes,No,No internet service,Yes,Yes,Two year,No,Mailed check,75.05,4824.44,No
Male,0,Yes,Yes,57,Yes,Yes,Fiber optic,No,No internet service,No,No internet service,No internet service,Yes,Two year,No,Electronic check,65.05,3761.72,No
Male,0,No,Yes,29,Yes,No,Fiber optic,No internet service,No,Yes,No,Yes,No,Two year,Yes,Electronic check,18.0,494.23,No
Male,0,Yes,No,25,Yes,Yes,DSL,No,Yes,No,No,No internet service,No,Month-to-month,No,Credit card (automatic),81.76,2054.13,Yes
Male,0,No,Yes,34,Yes,Yes,No,No,No internet service,No internet service,No,Yes,No,Month-to-month,Yes,Mailed check,18.0,604.24,Yes
Male,1,No,No,62,Yes,No,No,No,Yes,No internet service,Yes,Yes,Yes,One year,Yes,Credit card (automatic),81.81,5174.38,No
Male,0,No,No,70,Yes,No,DSL,No internet service,Yes,No,No,Yes,Yes,Month-to-month,No,Electronic check,88.01,6228.09,Yes
Female,0,Yes,No,27,Yes,Yes,No,Yes,No internet service,No,No,Yes,Yes,Month-to-month,No,Mailed check,120.0,3202.6,Yes
Male,0,Yes,Yes,24,Yes,Yes,No,No,Yes,Yes,No internet service,No,No,Two year,No,Credit card (automatic),81.73,1948.85,No
Female,0,No,Yes,60,Yes,No,DSL,No,No,No,No internet service,No,Yes,Two year,Yes,Credit card (automatic),120.0,7194.87,No
Female,0,Yes,No,30,Yes,No,DSL,No internet service,No,Yes,No internet service,Yes,Yes,Month-to-month,Yes,Electronic check,120.0,3563.42,Yes
Male,0,Yes,No,53,Yes,No,Fiber optic,No,Yes,No,No internet service,No internet service,Yes,Month-to-month,Yes,Mailed check,63.08,3302.44,No
Female,1,No,Yes,66,Yes,No,No,Yes,Yes,No,No internet service,Yes,Yes,Month-to-month,Yes,Electronic check,60.21,4022.36,No
Female,0,No,Yes,50,Yes,Yes,No,No internet service,No,No,No,Yes,No,Month-to-month,Yes,Mailed check,120.0,5887.19,No
Female,0,Yes,No,57,Yes,No,DSL,No,No internet service,No,Yes,No,Yes,Month-to-month,Yes,Mailed check,102.93,5865.25,No
Female,0,Yes,Yes,33,Yes,No,DSL,Yes,No,No,Yes,No,No internet service,Month-to-month,Yes,Credit card (automatic),120.0,3999.21,No
Male,0,Yes,No,58,Yes,No,Fiber optic,No internet service,Yes,Yes,No,Yes,Yes,Month-to-month,No,Electronic check,66.25,3918.69,No
Female,0,No,No,20,Yes,No phone service,DSL,No internet service,No,No internet service,No,No,No,Two year,Yes,Mailed check,34.59,741.5,No
Male,0,No,No,55,Yes,Yes,DSL,No,Yes,No internet service,No internet service,Yes,No,Month-to-month,No,Bank transfer (automatic),53.15,2851.11,No
Female,0,No,No,36,Yes,Yes,Fiber optic,Yes,No internet service,No internet service,No,No,No internet service,One year,Yes,Credit card (automatic),66.08,2409.76,No
Female,0,No,Yes,63,Yes,Yes,Fiber optic,No internet service,Yes,No internet service,Yes,No internet service,No internet service,One year,No,Electronic check,50.1,3256.01,Yes
Male,0,No,No,18,Yes,Yes,Fiber optic,Yes,No internet service,No internet service,No,Yes,Yes,One year,Yes,Mailed check,18.0,279.84,Yes
Female,0,No,No,52,Yes,No,No,No,Yes,Yes,No internet service,No internet service,No,Two year,Yes,Credit card (automatic),63.5,3270.25,No
Female,0,Yes,No,70,Yes,No,DSL,No,Yes,No internet service,No internet service,Yes,Yes,One year,No,Electronic check,76.42,5348.21,No
Female,0,No,No,62,Yes,No,Fiber optic,No internet service,No,Yes,Yes,Yes,Yes,Two year,No,Electronic check,21.51,1363.29,No
Male,0,Yes,No,61,Yes,Yes,Fiber optic,No internet service,No,Yes,Yes,No,No,Month-to-month,Yes,Credit card (automatic),78.62,4855.31,No
Female,0,No,Yes,71,Yes,No,DSL,No internet service,No,No,No,Yes,No,One year,Yes,Mailed check,54.45,3858.73,No
Male,0,No,No,18,No,Yes,Fiber optic,Yes,No internet service,No,Yes,Yes,No internet service,Month-to-month,No,Credit card (automatic),78.96,1482.03,No
Female,0,Yes,No,1,Yes,Yes,No,No,No internet service,No,No,No,No,Two year,Yes,Bank transfer (automatic),117.36,94.05,No
Male,0,No,No,5,Yes,No,Fiber optic,No,Yes,No,No,Yes,Yes,Month-to-month,No,Credit card (automatic),29.36,76.52,Yes
Male,0,Yes,No,28,Yes,Yes,No,Yes,Yes,No,Yes,No,No,Month-to-month,Yes,Electronic check,18.0,520.41,No
Female,0,No,No,40,Yes,No phone service,DSL,No internet service,No internet service,Yes,Yes,No,No,One year,Yes,Bank transfer (automatic),74.19,2965.67,No
Female,0,Yes,No,50,Yes,Yes,DSL,Yes,No internet service,No,No internet service,Yes,No internet service,Month-to-month,Yes,Bank transfer (automatic),54.18,2708.4,Yes
Male,0,No,No,4,Yes,No,Fiber optic,No,Yes,Yes,Yes,No internet service,Yes,One year,Yes,Mailed check,80.81,358.42,Yes
Male,0,Yes,Yes,40,Yes,No,No,No,No internet service,No,Yes,Yes,Yes,Two year,No,Credit card (automatic),43.48,1734.36,No
Female,0,Yes,No,61,Yes,Yes,Fiber optic,No internet service,No,Yes,Yes,Yes,No,Two year,Yes,Mailed check,87.55,5395.84,No
Male,1,Yes,No,29,Yes,No,Fiber optic,No,Yes,No,Yes,No internet service,No internet service,Month-to-month,Yes,Credit card (automatic),40.09,1256.25,No
Female,0,Yes,No,61,Yes,Yes,Fiber optic,No,No internet service,Yes,No,No,No internet service,Month-to-month,Yes,Electronic check,61.9,3808.2,Yes
Female,0,Yes,No,26,No,Yes,DSL,No,Yes,No,Yes,No,No internet service,One year,Yes,Mailed check,79.14,2106.09,No
Female,0,No,No,49,Yes,No,Fiber optic,No,No,No internet service,No,Yes,No internet service,One year,Yes,Electronic check,62.89,2965.41,No
Female,0,Yes,No,51,Yes,No phone service,DSL,Yes,No,Yes,No internet service,No,Yes,One year,Yes,Electronic check,96.02,4926.83,No
Male,1,Yes,No,48,No,No phone service,Fiber optic,Yes,Yes,No,No internet service,No,No,One year,No,Bank transfer (automatic),101.54,4878.98,No
Female,0,Yes,Yes,61,Yes,No,Fiber optic,No,No,Yes,Yes,Yes,No internet service,One year,No,Mailed check,85.92,5221.19,No
Male,1,No,Yes,59,Yes,No,Fiber optic,Yes,No,No,Yes,No internet service,No internet service,Month-to-month,No,Credit card (automatic),85.68,4970.33,Yes
Female,1,No,No,53,Yes,No,No,Yes,Yes,No,No,No internet service,No,Two year,Yes,Mailed check,65.72,3510.46,No
Male,1,No,No,4,Yes,No,DSL,No internet service,No,No,Yes,No internet service,No,Month-to-month,No,Electronic check,30.82,80.94,No
Female,0,No,Yes,8,Yes,No,DSL,Yes,No,Yes,No internet service,No internet service,Yes,Month-to-month,No,Bank transfer (automatic),100.79,739.28,Yes
Male,0,Yes,Yes,33,Yes,No,Fiber optic,No,No internet service,No,No,Yes,No,One year,Yes,Mailed check,18.0,674.82,No
Male,0,Yes,No,35,Yes,No phone service,No,No,No internet service,No,Yes,Yes,No,Month-to-month,No,Bank transfer (automatic),18.0,607.39,No
Female,0,Yes,No,19,Yes,No,Fiber optic,No,Yes,No,No internet service,Yes,No,One year,No,Bank transfer (automatic),65.36,1182.15,No
Female,0,No,No,62,Yes,No,No,No,No,No,Yes,Yes,No,Month-to-month,No,Electronic check,46.35,2875.8,No
Female,0,No,Yes,66,Yes,Yes,Fiber optic,Yes,Yes,No internet service,Yes,No internet service,No internet service,Month-to-month,No,Mailed check,64.83,4276.16,No
Female,0,No,No,29,Yes,Yes,No,No,Yes,No,No internet service,No internet service,No internet service,Month-to-month,No,Mailed check,41.48,1252.19,Yes
Male,0,Yes,No,68,No,No,No,Yes,No,No,No,No internet service,Yes,One year,No,Mailed check,80.5,5485.96,No
Female,0,Yes,No,69,Yes,Yes,Fiber optic,No,Yes,Yes,No internet service,No,No,Month-to-month,No,Bank transfer (automatic),49.91,3485.83,Yes
Male,0,Yes,No,2,No,Yes,Fiber optic,No,No internet service,No,Yes,No,Yes,One year,Yes,Credit card (automatic),58.39,23.41,No
Male,0,No,Yes,48,Yes,No phone service,Fiber optic,No internet service,No internet service,No,Yes,No,Yes,Two year,No,Mailed check,52.21,2545.04,No
Female,0,Yes,No,41,Yes,No,No,Yes,No,No internet service,Yes,No internet service,No,Month-to-month,Yes,Electronic check,114.86,4769.55,No
Male,1,No,Yes,23,Yes,Yes,DSL,No,No,Yes,Yes,Yes,No,Two year,No,Bank transfer (automatic),18.48,396.48,No
Male,0,Yes,Yes,43,Yes,No,No,No internet service,No internet service,Yes,No,No,Yes,Two year,Yes,Credit card (automatic),108.32,4693.96,No
Male,0,No,No,0,Yes,Yes,Fiber optic,No internet service,Yes,No,No,No,No,Two year,Yes,Mailed check,32.86,0.0,Yes
Male,1,No,No,53,Yes,No,Fiber optic,No internet service,Yes,No internet service,No,No internet service,Yes,One year,No,Credit card (automatic),23.97,1320.99,No
Female,0,No,No,51,Yes,No,DSL,Yes,Yes,No,Yes,Yes,No,Month-to-month,No,Bank transfer (automatic),44.51,2218.0,No
Female,1,No,No,35,Yes,No,Fiber optic,No,No,Yes,No,No,No internet service,Month-to-month,Yes,Credit card (automatic),49.4,1775.2,Yes
Female,0,No,No,37,No,Yes,DSL,Yes,No internet service,Yes,Yes,No internet service,Yes,One year,Yes,Bank transfer (automatic),78.71,2877.59,No
Female,0,No,No,43,Yes,Yes,No,No internet service,Yes,No internet service,No,No,No,Month-to-month,No,Credit card (automatic),28.51,1211.69,No
Male,0,No,Yes,46,Yes,Yes,DSL,Yes,Yes,No,No internet service,Yes,Yes,One year,Yes,Credit card (automatic),41.64,1873.0,No
Male,0,No,No,28,Yes,Yes,Fiber optic,No internet service,No internet service,Yes,No,No,No,Month-to-month,Yes,Bank transfer (automatic),100.68,2857.41,Yes
Female,0,No,Yes,50,Yes,No,Fiber optic,No,No internet service,No,Yes,Yes,No internet service,Month-to-month,No,Credit card (automatic),59.79,2985.24,Yes
Female,0,No,No,40,No,No,Fiber optic,No internet service,No,No,No,No,Yes,One year,No,Electronic check,31.57,1188.07,No
Female,0,No,Yes,63,Yes,Yes,Fiber optic,Yes,Yes,No,No internet service,No,No,Month-to-month,No,Mailed check,105.38,6642.73,No
Male,0,No,No,47,Yes,Yes,Fiber optic,No,Yes,No internet service,No,No internet service,Yes,Month-to-month,No,Credit card (automatic),46.81,2208.56,No
Female,1,Yes,No,21,Yes,Yes,DSL,Yes,No internet service,Yes,No,Yes,No,Two year,No,Credit card (automatic),28.16,531.82,No
Female,1,Yes,No,16,Yes,No,No,No,Yes,No internet service,No internet service,Yes,No,Month-to-month,No,Credit card (automatic),21.27,350.25,No
Female,0,No,No,4,Yes,Yes,DSL,No internet service,No internet service,No internet service,No,No,No,Month-to-month,No,Mailed check,66.59,293.14,No
Male,0,No,No,60,No,Yes,No,No,No internet service,Yes,Yes,Yes,No,Month-to-month,Yes,Bank transfer (automatic),89.62,5283.6,No
Male,0,No,No,5,Yes,Yes,Fiber optic,No,No,Yes,No,No,No,Month-to-month,Yes,Mailed check,24.47,59.11,No
Male,0,Yes,No,52,No,No,DSL,No,No internet service,No,No,No internet service,No,Month-to-month,No,Credit card (automatic),53.8,2809.4,No
Male,0,No,No,16,Yes,Yes,Fiber optic,No,Yes,Yes,No,No,No,One year,Yes,Bank transfer (automatic),116.09,1873.84,Yes
Male,1,No,Yes,58,Yes,No,Fiber optic,No,No internet service,No,No,Yes,Yes,Two year,Yes,Credit card (automatic),56.76,3284.65,No
Male,0,Yes,Yes,38,Yes,No,Fiber optic,No,No,No,No internet service,No,Yes,Two year,Yes,Bank transfer (automatic),77.2,2987.88,No
Male,0,No,Yes,53,Yes,Yes,DSL,Yes,Yes,No,Yes,Yes,Yes,Month-to-month,No,Credit card (automatic),61.19,3203.98,No
Male,0,No,Yes,47,Yes,Yes,No,No,No internet service,No internet service,No,No internet service,No,One year,Yes,Credit card (automatic),101.94,4816.81,No
Female,1,Yes,No,36,Yes,No phone service,Fiber optic,No,No internet service,No internet service,No internet service,No,Yes,Two year,No,Bank transfer (automatic),87.24,3106.54,No
Female,0,No,Yes,47,Yes,No,Fiber optic,No internet service,No,Yes,Yes,No internet service,No,Month-to-month,No,Electronic check,79.18,3839.45,Yes
Male,0,No,Yes,67,Yes,Yes,Fiber optic,No,No,No,Yes,No internet service,No,Month-to-month,Yes,Mailed check,40.5,2741.79,No
Male,0,Yes,Yes,26,Yes,Yes,DSL,No,No internet service,No,No,No internet service,Yes,Two year,Yes,Bank transfer (automatic),120.0,3044.29,No
Female,0,Yes,No,26,Yes,Yes,DSL,No internet service,No internet service,No,No,Yes,No,Two year,Yes,Mailed check,25.5,758.27,No
Male,0,No,No,71,Yes,No,DSL,Yes,No,No,No internet service,No internet service,No,Month-to-month,Yes,Electronic check,74.15,5172.24,No
Male,1,Yes,No,62,Yes,No phone service,No,Yes,No,No internet service,No,No internet service,Yes,Month-to-month,No,Electronic check,72.18,4526.78,Yes
Male,0,Yes,No,51,Yes,No,DSL,No internet service,No,No,Yes,No,Yes,Month-to-month,No,Bank transfer (automatic),67.13,3376.19,No
Female,0,Yes,Yes,46,Yes,Yes,Fiber optic,No,No,No,Yes,No internet service,Yes,Month-to-month,Yes,Electronic check,103.35,4818.78,Yes
Female,0,No,No,20,Yes,No,DSL,Yes,Yes,No internet service,No,Yes,No internet service,Month-to-month,Yes,Electronic check,40.06,786.05,Yes
Female,0,No,No,56,Yes,No phone service,DSL,No,No internet service,No,Yes,No internet service,No,Month-to-month,No,Credit card (automatic),71.45,3930.68,No
Female,0,No,Yes,41,Yes,Yes,DSL,No,No,Yes,Yes,Yes,No,One year,Yes,Credit card (automatic),46.52,1937.03,No
Female,0,Yes,No,47,Yes,No phone service,No,No,Yes,Yes,Yes,Yes,No,One year,Yes,Electronic check,81.74,3778.15,No
Male,0,No,No,26,Yes,No,DSL,No,Yes,Yes,Yes,No,No,One year,Yes,Credit card (automatic),55.31,1390.58,No
Female,0,Yes,No,71,Yes,Yes,DSL,No,Yes,Yes,Yes,Yes,No,One year,No,Electronic check,49.05,3429.28,No
Male,0,Yes,No,32,Yes,Yes,DSL,No internet service,Yes,No,No internet service,Yes,No internet service,Month-to-month,No,Credit card (automatic),46.27,1457.82,No
Male,0,Yes,Yes,34,Yes,Yes,Fiber optic,Yes,No,Yes,No,Yes,No internet service,Month-to-month,No,Electronic check,18.0,580.12,Yes
Female,1,Yes,Yes,15,Yes,No,No,No,No internet service,Yes,No,No,No,Month-to-month,Yes,Electronic check,61.02,913.58,Yes
Female,0,No,Yes,35,Yes,No,No,No,Yes,Yes,Yes,Yes,No,Month-to-month,Yes,Mailed check,33.65,1132.59,No
Male,0,No,Yes,65,Yes,No,DSL,No,No internet service,No,No internet service,No internet service,Yes,Two year,No,Electronic check,18.0,1076.06,No
Male,0,Yes,Yes,55,Yes,Yes,DSL,No internet service,Yes,Yes,Yes,No,No,One year,No,Mailed check,68.59,3799.13,No
Male,0,No,No,16,Yes,No phone service,Fiber optic,No,No,No,No internet service,No,No,Month-to-month,Yes,Bank transfer (automatic),22.62,381.35,Yes
Female,0,No,Yes,19,Yes,Yes,DSL,Yes,No internet service,No internet service,No internet service,Yes,No,Month-to-month,Yes,Electronic check,114.38,2170.01,No
Female,0,No,No,7,Yes,Yes,No,No,No,Yes,No internet service,Yes,Yes,Month-to-month,Yes,Electronic check,33.68,237.86,No
Female,0,Yes,No,17,Yes,Yes,DSL,No internet service,Yes,Yes,No,Yes,No internet service,Month-to-month,No,Mailed check,93.34,1632.6,Yes
Female,0,No,No,17,Yes,Yes,Fiber optic,No internet service,No,Yes,No,Yes,No internet service,Month-to-month,Yes,Electronic check,107.44,1847.53,Yes
Female,0,Yes,No,17,Yes,No phone service,DSL,No,No,Yes,No internet service,No,Yes,Month-to-month,No,Credit card (automatic),81.61,1424.16,No
Male,0,No,No,1,Yes,Yes,No,No,Yes,Yes,No,No,Yes,Month-to-month,Yes,Mailed check,24.74,27.18,Yes
Female,1,Yes,No,71,No,Yes,DSL,No,Yes,Yes,No,No,Yes,Month-to-month,Yes,Mailed check,120.0,8574.99,No
Male,0,No,No,50,Yes,No,DSL,Yes,Yes,No,No,Yes,Yes,One year,Yes,Credit card (automatic),91.29,4604.94,No
Male,0,Yes,No,9,Yes,No,Fiber optic,No,Yes,No,Yes,No,No internet service,One year,Yes,Electronic check,87.5,699.24,No
Male,1,Yes,No,13,Yes,Yes,DSL,No internet service,No,No,No internet service,No,Yes,Two year,No,Bank transfer (automatic),39.66,457.85,No
Female,1,No,Yes,25,Yes,Yes,DSL,No,No internet service,No internet service,No,Yes,No,Month-to-month,No,Bank transfer (automatic),54.52,1312.35,No
Female,0,No,No,46,Yes,Yes,DSL,No,Yes,No,Yes,No,Yes,Two year,Yes,Bank transfer (automatic),19.63,918.84,Yes
Female,0,No,No,29,Yes,No,No,No internet service,No,No internet service,No,Yes,No,One year,Yes,Mailed check,24.45,770.97,No
Male,0,No,No,55,Yes,No,DSL,Yes,Yes,No,No,No internet service,Yes,Month-to-month,No,Mailed check,106.47,5863.96,Yes
Male,0,Yes,Yes,41,No,No phone service,DSL,Yes,No,No,Yes,No,Yes,Month-to-month,Yes,Credit card (automatic),86.02,3558.93,Yes
Male,0,No,No,3,Yes,Yes,No,Yes,No internet service,No,No,Yes,No internet service,Month-to-month,Yes,Electronic check,44.35,0.0,Yes
Male,0,Yes,No,10,Yes,No,No,No,Yes,No,Yes,Yes,Yes,Month-to-month,Yes,Credit card (automatic),61.02,635.78,Yes
Male,0,Yes,Yes,23,Yes,No,Fiber optic,No internet service,No internet service,No,Yes,No internet service,Yes,Month-to-month,Yes,Mailed check,104.91,2376.71,No
Male,0,No,No,66,Yes,Yes,Fiber optic,No,Yes,No,No,Yes,No,Two year,Yes,Bank transfer (automatic),95.91,6416.76,No
Female,0,No,No,36,Yes,No,No,Yes,Yes,No,No,Yes,Yes,Month-to-month,Yes,Electronic check,33.36,1304.45,Yes
Female,0,No,No,1,Yes,No,DSL,Yes,Yes,No,No,No,No,Month-to-month,Yes,Bank transfer (automatic),43.63,46.46,Yes
Female,0,No,No,11,Yes,No,Fiber optic,No internet service,Yes,No,No,Yes,No internet service,Month-to-month,No,Electronic check,66.84,733.38,Yes
Female,0,No,No,20,Yes,No,DSL,No,Yes,Yes,No internet service,No internet service,Yes,Month-to-month,Yes,Bank transfer (automatic),89.46,1804.74,Yes
Male,0,Yes,No,68,Yes,No,DSL,No internet service,No,Yes,Yes,No,No,Two year,Yes,Electronic check,30.73,2084.4,No
Male,1,Yes,Yes,70,Yes,No,DSL,No internet service,No,No internet service,No,No internet service,Yes,Two year,No,Bank transfer (automatic),25.82,1843.38,No
Female,0,No,No,63,Yes,No phone service,Fiber optic,No,Yes,No internet service,No internet service,Yes,No,Month-to-month,Yes,Credit card (automatic),46.77,2932.28,Yes
Male,0,Yes,No,67,Yes,No,No,No,Yes,Yes,Yes,Yes,No internet service,Month-to-month,Yes,Mailed check,18.0,1170.51,No
Female,0,Yes,No,42,No,Yes,Fiber optic,No,Yes,Yes,Yes,Yes,No,Two year,Yes,Credit card (automatic),68.69,2889.74,No
Female,0,Yes,No,53,Yes,No,Fiber optic,No,No internet service,No internet service,Yes,No,No,Month-to-month,No,Bank transfer (automatic),18.0,947.8,No
Female,1,No,Yes,61,Yes,Yes,Fiber optic,No,Yes,No,Yes,No,Yes,One year,Yes,Electronic check,116.62,7130.64,No
Male,0,Yes,No,72,Yes,Yes,Fiber optic,Yes,Yes,Yes,Yes,No,Yes,Two year,No,Credit card (automatic),28.77,2085.09,No
Female,0,No,No,11,Yes,No,Fiber optic,No,Yes,Yes,No,Yes,No,One year,No,Bank transfer (automatic),18.92,273.33,No
Female,0,No,Yes,0,Yes,No,Fiber optic,No internet service,Yes,No,No,Yes,Yes,Month-to-month,No,Mailed check,100.09,0.0,Yes
Female,0,Yes,Yes,71,Yes,No,DSL,No,No,Yes,Yes,Yes,No,Two year,No,Electronic check,71.99,5090.83,No
Male,0,No,Yes,32,Yes,No phone service,Fiber optic,No,Yes,No,Yes,No internet service,Yes,Two year,Yes,Credit card (automatic),41.76,1349.45,No
Male,0,No,No,63,Yes,No,DSL,No internet service,Yes,No,No,No internet service,No,One year,Yes,Mailed check,73.67,4563.65,No
Female,0,No,Yes,67,Yes,No phone service,Fiber optic,No,No internet service,No,No internet service,Yes,Yes,Month-to-month,Yes,Bank transfer (automatic),108.72,7196.22,No
Male,0,No,Yes,13,Yes,No,No,No,No internet service,Yes,Yes,Yes,No,Two year,Yes,Electronic check,75.14,979.92,No
Male,0,Yes,No,13,Yes,Yes,DSL,No,No internet service,No internet service,No,Yes,No internet service,Two year,No,Bank transfer (automatic),93.81,1198.01,No
Male,1,No,No,8,Yes,No,DSL,No internet service,No internet service,Yes,No,Yes,No internet service,Two year,Yes,Electronic check,20.01,110.67,No
Male,0,Yes,Yes,72,Yes,No,No,No,No,No,No,No internet service,No,Month-to-month,Yes,Mailed check,77.45,5577.52,No
Male,0,No,Yes,25,Yes,No,No,Yes,No internet service,Yes,Yes,No internet service,Yes,One year,No,Mailed check,56.3,1345.67,Yes
Male,0,No,Yes,48,Yes,No,DSL,No,No,Yes,Yes,Yes,No internet service,One year,No,Mailed check,71.89,3369.24,No
Male,1,No,Yes,16,Yes,No,DSL,Yes,No internet service,No,No,Yes,No,Month-to-month,No,Credit card (automatic),58.36,827.88,No
Male,0,Yes,Yes,67,Yes,Yes,DSL,No internet service,No internet service,Yes,No internet service,No,No,Month-to-month,No,Credit card (automatic),24.8,1640.73,No
Male,0,Yes,No,59,Yes,Yes,Fiber optic,No,No,No,No,Yes,Yes,One year,Yes,Credit card (automatic),70.74,4161.41,No
Male,0,Yes,Yes,2,Yes,No,No,No internet service,No internet service,Yes,No internet service,Yes,No,Two year,Yes,Bank transfer (automatic),92.06,203.08,No
Female,0,Yes,No,24,Yes,No phone service,DSL,Yes,Yes,No,No,No,No,Two year,Yes,Credit card (automatic),48.62,1170.33,No
Female,0,Yes,No,20,Yes,Yes,Fiber optic,Yes,Yes,Yes,No,Yes,No,Month-to-month,Yes,Electronic check,100.7,2051.46,Yes
Male,0,No,No,11,Yes,No phone service,No,No,No,No internet service,No,No,No internet service,Month-to-month,Yes,Mailed check,58.38,658.48,Yes
Female,0,Yes,No,53,Yes,No phone service,Fiber optic,Yes,No,No,Yes,Yes,Yes,Month-to-month,No,Bank transfer (automatic),108.23,5723.01,No
Female,0,No,No,0,Yes,Yes,DSL,No,No internet service,No,No,Yes,Yes,Two year,No,Bank transfer (automatic),64.17,77.4,No
Male,0,Yes,No,0,Yes,No,No,No,No internet service,No,No internet service,Yes,Yes,Month-to-month,No,Credit card (automatic),80.36,0.0,No
Male,0,No,No,44,No,Yes,Fiber optic,No,No,No,No internet service,Yes,No,One year,No,Electronic check,53.76,2430.38,No
Male,0,No,Yes,45,Yes,No,DSL,No internet service,Yes,Yes,No,Yes,Yes,One year,Yes,Mailed check,69.56,3125.93,No
Female,0,No,Yes,47,No,Yes,Fiber optic,No,Yes,No internet service,No,No,No,Two year,Yes,Bank transfer (automatic),61.5,2851.26,No
Female,0,No,No,6,Yes,No phone service,No,No,No,No,No,No,No internet service,Month-to-month,No,Mailed check,29.42,186.91,Yes
Male,0,Yes,No,9,Yes,No,DSL,No,No,No internet service,No,No,No internet service,One year,Yes,Electronic check,80.03,824.5,Yes
Male,0,No,No,14,Yes,Yes,DSL,No,Yes,No,No,Yes,Yes,Two year,No,Mailed check,69.75,993.04,No
Male,0,Yes,No,39,Yes,No,DSL,No,Yes,Yes,Yes,No internet service,No internet service,One year,Yes,Credit card (automatic),109.59,4377.27,No
Female,0,Yes,No,10,Yes,Yes,No,No,No,No,No internet service,Yes,No,Month-to-month,No,Mailed check,41.69,535.12,No
Female,0,No,No,55,Yes,No,DSL,No,No internet service,No,No,No internet service,No internet service,Month-to-month,No,Bank transfer (automatic),18.0,963.64,No
Female,0,No,No,45,Yes,No phone service,DSL,Yes,Yes,Yes,No,Yes,No,Two year,No,Credit card (automatic),111.49,4921.58,No
Female,0,No,No,44,Yes,Yes,DSL,No internet service,No,No,Yes,No,No,Month-to-month,Yes,Credit card (automatic),40.96,1784.59,Yes
Male,0,Yes,No,12,Yes,No,No,Yes,No,No,Yes,Yes,No,One year,Yes,Credit card (automatic),66.56,737.49,No
Male,0,Yes,No,26,Yes,Yes,DSL,No,No,Yes,No internet service,Yes,Yes,One year,Yes,Credit card (automatic),18.0,445.82,No
Male,0,Yes,Yes,49,Yes,No,Fiber optic,Yes,No internet service,Yes,No internet service,No,No,Two year,Yes,Bank transfer (automatic),46.33,2305.58,No
Male,0,Yes,No,60,Yes,Yes,DSL,No,Yes,No,No,Yes,No,Month-to-month,No,Electronic check,76.67,4630.43,No
Female,0,Yes,Yes,12,Yes,Yes,No,Yes,No internet service,Yes,No,No,No,One year,No,Electronic check,35.5,412.62,No
Female,0,Yes,Yes,11,No,No,Fiber optic,No internet service,Yes,No internet service,No,Yes,No,Month-to-month,Yes,Credit card (automatic),43.29,561.47,Yes
Male,1,Yes,No,28,Yes,Yes,DSL,No,No,Yes,Yes,No internet service,Yes,Month-to-month,Yes,Electronic check,18.0,540.2,Yes
Male,1,No,Yes,19,Yes,No,DSL,No internet service,Yes,No internet service,Yes,Yes,Yes,Month-to-month,No,Bank transfer (automatic),110.24,2130.08,No
Female,0,Yes,No,30,Yes,No,DSL,Yes,No internet service,No internet service,No,No,No,Two year,Yes,Electronic check,30.43,840.8,No
Male,0,No,Yes,7,Yes,Yes,Fiber optic,No,Yes,No internet service,No internet service,No,No,Two year,Yes,Electronic check,22.44,198.28,No
Female,0,Yes,No,23,Yes,Yes,No,No,No,Yes,No,Yes,Yes,Month-to-month,Yes,Bank transfer (automatic),18.0,356.86,Yes
Male,0,No,Yes,38,Yes,Yes,DSL,No,No internet service,Yes,No,Yes,No,Month-to-month,Yes,Electronic check,36.25,1399.47,Yes
Male,0,No,No,32,Yes,No,Fiber optic,No,No,Yes,Yes,No internet service,Yes,One year,Yes,Credit card (automatic),94.96,3095.85,Yes
Male,0,Yes,Yes,41,Yes,Yes,DSL,No internet service,No internet service,No internet service,No internet service,No internet service,No internet service,One year,Yes,Credit card (automatic),97.15,3960.82,No
Male,0,No,No,14,Yes,No,Fiber optic,No,No internet service,No internet service,No internet service,Yes,No,One year,No,Bank transfer (automatic),51.7,673.14,Yes
Male,0,Yes,No,67,Yes,Yes,DSL,No,Yes,Yes,Yes,Yes,No,Two year,No,Credit card (automatic),21.36,1385.7,No
Male,0,No,No,64,Yes,Yes,DSL,No,No,Yes,No,Yes,Yes,Two year,Yes,Credit card (automatic),52.23,3351.35,No
Male,0,Yes,Yes,31,Yes,Yes,DSL,No internet service,No,No,No,No,Yes,Month-to-month,Yes,Credit card (automatic),55.43,1808.95,Yes
Female,0,No,Yes,10,Yes,Yes,Fiber optic,No,No internet service,Yes,No,No,Yes,Month-to-month,No,Credit card (automatic),81.39,761.33,Yes
Female,0,Yes,Yes,36,Yes,Yes,DSL,Yes,Yes,No,No internet service,Yes,No,One year,No,Credit card (automatic),67.24,2429.47,No
Female,0,Yes,No,18,Yes,Yes,No,No,No,No internet service,No,Yes,Yes,Two year,Yes,Electronic check,108.22,1904.74,No
Female,0,No,No,50,Yes,No,No,No,Yes,No,Yes,Yes,Yes,Month-to-month,Yes,Bank transfer (automatic),32.24,1541.09,Yes
Female,0,Yes,No,33,Yes,Yes,No,Yes,No,No,Yes,No,No internet service,One year,Yes,Mailed check,24.64,854.85,No
Male,1,No,Yes,70,Yes,No phone service,No,No,Yes,Yes,No,Yes,No,Month-to-month,Yes,Bank transfer (automatic),58.2,4047.29,Yes
Male,0,Yes,No,59,Yes,No,No,Yes,Yes,Yes,No,Yes,No internet service,Two year,No,Bank transfer (automatic),61.1,3673.04,No
Female,1,No,No,52,Yes,Yes,DSL,Yes,No,No,No internet service,No internet service,Yes,One year,Yes,Bank transfer (automatic),88.19,4520.62,No
Male,1,Yes,Yes,11,Yes,No phone service,DSL,No internet service,No internet service,No internet service,No internet service,No,No internet service,Month-to-month,No,Electronic check,63.4,783.61,Yes
Female,0,No,No,61,Yes,No,Fiber optic,No,No,No,No internet service,No internet service,No internet service,Month-to-month,Yes,Bank transfer (automatic),57.16,3525.67,Yes
Female,0,No,No,65,Yes,No,Fiber optic,Yes,No,Yes,Yes,Yes,No internet service,Month-to-month,No,Bank transfer (automatic),104.29,6751.31,Yes
Male,0,Yes,Yes,47,Yes,Yes,No,Yes,No,Yes,Yes,No internet service,Yes,Two year,Yes,Electronic check,18.0,890.39,No
Male,1,Yes,Yes,39,Yes,Yes,DSL,Yes,No,No,Yes,No internet service,Yes,One year,Yes,Credit card (automatic),120.0,4715.65,No
Male,0,Yes,Yes,23,Yes,No,Fiber optic,No internet service,No,Yes,Yes,No,No internet service,One year,No,Mailed check,72.81,1767.77,Yes
Female,0,No,No,49,Yes,Yes,Fiber optic,No,No,Yes,No internet service,Yes,Yes,Month-to-month,Yes,Credit card (automatic),18.0,813.96,No
Male,0,Yes,Yes,67,No,No,No,Yes,No,Yes,No internet service,Yes,No,Month-to-month,Yes,Bank transfer (automatic),55.45,3685.41,No
Female,0,Yes,Yes,42,Yes,No,Fiber optic,No internet service,Yes,No,No,Yes,No,Month-to-month,Yes,Credit card (automatic),18.0,711.35,No
Female,0,Yes,No,16,Yes,Yes,DSL,No,No internet service,No,No internet service,Yes,No internet service,Month-to-month,Yes,Electronic check,40.17,623.35,No
Female,0,Yes,Yes,54,Yes,No,DSL,No,No,Yes,No,No internet service,No,Month-to-month,Yes,Mailed check,44.64,2335.69,Yes
Male,0,No,Yes,33,Yes,Yes,No,No,No,Yes,No,No internet service,Yes,Month-to-month,No,Credit card (automatic),120.0,3887.09,Yes
Male,1,No,No,69,Yes,Yes,No,No,No,No,No,Yes,No,Month-to-month,No,Bank transfer (automatic),59.13,4084.57,Yes
Female,0,No,Yes,59,Yes,No phone service,No,No internet service,Yes,No,No,No internet service,No,One year,Yes,Mailed check,61.21,3558.01,Yes
Male,1,No,No,50,Yes,Yes,Fiber optic,No,No,No,No,No,No,Two year,No,Bank transfer (automatic),29.98,1494.19,No
Male,0,No,No,72,Yes,No,DSL,No,No,Yes,Yes,Yes,No,Month-to-month,No,Credit card (automatic),120.0,8633.56,No
Male,0,Yes,No,34,No,No,Fiber optic,Yes,No internet service,No internet service,No,Yes,Yes,One year,No,Credit card (automatic),76.68,2559.47,No
Female,0,Yes,No,33,Yes,No,No,No internet service,No,No,No,Yes,No internet service,Month-to-month,Yes,Bank transfer (automatic),37.1,1278.45,No
Female,0,No,Yes,15,No,No,DSL,No internet service,No,No,No internet service,Yes,Yes,Month-to-month,Yes,Mailed check,40.3,545.56,No
Male,0,No,No,17,Yes,Yes,Fiber optic,No,No internet service,No internet service,No,Yes,No,Two year,Yes,Mailed check,28.46,513.39,No
Female,0,No,No,37,Yes,No,Fiber optic,No,No,No internet service,No internet service,Yes,Yes,Month-to-month,Yes,Mailed check,66.71,2420.64,No
Male,0,Yes,No,42,Yes,No phone service,Fiber optic,No,Yes,No internet service,No internet service,Yes,Yes,Month-to-month,Yes,Credit card (automatic),40.21,1692.32,No
Male,1,Yes,No,31,No,Yes,Fiber optic,No internet service,No internet service,No,No,Yes,No,Month-to-month,Yes,Credit card (automatic),47.69,1481.56,No
Male,1,Yes,No,6,No,Yes,Fiber optic,No,No,No,Yes,Yes,No,Month-to-month,Yes,Bank transfer (automatic),97.84,558.16,Yes
Male,0,No,No,45,Yes,No,DSL,Yes,No internet service,Yes,No,Yes,No,One year,Yes,Bank transfer (automatic),37.4,1718.99,Yes
Female,0,No,No,60,Yes,Yes,DSL,Yes,No,No internet service,No internet service,No,Yes,Month-to-month,Yes,Electronic check,64.73,3932.99,Yes
Female,0,No,No,17,No,No,No,No internet service,No,Yes,No,No,No internet service,Month-to-month,Yes,Electronic check,45.59,770.68,No
Female,0,Yes,No,70,Yes,No,No,No internet service,No,No internet service,No internet service,No,No,Two year,Yes,Electronic check,63.89,4549.88,No
Male,1,No,No,39,Yes,Yes,DSL,No,Yes,No,No,No internet service,No,Month-to-month,Yes,Bank transfer (automatic),59.46,2293.58,Yes
Male,0,Yes,No,49,Yes,No,DSL,Yes,No internet service,Yes,Yes,Yes,Yes,Month-to-month,Yes,Mailed check,52.87,2602.54,No
Male,0,Yes,No,4,Yes,Yes,Fiber optic,No,No,No,No,No internet service,Yes,Two year,No,Electronic check,99.52,374.5,Yes
Female,1,No,No,53,Yes,Yes,Fiber optic,No,No,No,No,Yes,No,Month-to-month,No,Bank transfer (automatic),94.7,5068.16,Yes
Male,0,Yes,No,57,Yes,No,DSL,Yes,Yes,No internet service,Yes,Yes,Yes,Two year,Yes,Credit card (automatic),18.0,1036.59,No
Female,1,Yes,Yes,21,Yes,Yes,Fiber optic,No internet service,No internet service,Yes,No,No,No,Two year,No,Mailed check,18.0,428.81,No
Female,0,No,No,37,Yes,No,Fiber optic,No,No internet service,No internet service,Yes,Yes,Yes,Month-to-month,Yes,Electronic check,100.49,3709.17,Yes
Female,0,No,Yes,48,Yes,No,DSL,No,No,No internet service,Yes,Yes,No,Month-to-month,Yes,Credit card (automatic),59.81,2826.72,No
Female,0,Yes,No,0,Yes,No,No,No,Yes,No,Yes,No,No,Month-to-month,Yes,Mailed check,65.03,0.0,No
Female,0,No,No,35,Yes,Yes,DSL,No,Yes,Yes,No,Yes,Yes,Two year,No,Mailed check,105.27,3720.77,No
Female,0,Yes,Yes,27,No,No,DSL,Yes,Yes,No internet service,No internet service,No internet service,Yes,Month-to-month,Yes,Credit card (automatic),36.76,943.36,No
Male,0,No,No,34,Yes,No phone service,Fiber optic,No,No,No,No,No internet service,No internet service,Two year,Yes,Electronic check,66.16,2323.8,No
Male,0,No,No,59,Yes,No,Fiber optic,Yes,No internet service,No,No internet service,Yes,Yes,Two year,Yes,Electronic check,64.29,3811.51,Yes
Female,0,No,Yes,61,Yes,Yes,No,No internet service,No,No internet service,No,No,No,Two year,No,Credit card (automatic),97.36,5879.7,No
Female,0,No,No,45,Yes,No,DSL,No internet service,No,No,No internet service,No internet service,Yes,Two year,Yes,Credit card (automatic),65.07,2950.25,No
Male,0,Yes,No,60,Yes,No phone service,DSL,No,No,Yes,No,No internet service,No,One year,Yes,Credit card (automatic),53.58,3179.76,No
Female,0,Yes,Yes,64,Yes,No,DSL,Yes,Yes,Yes,No,No,No,Two year,Yes,Bank transfer (automatic),45.34,2826.34,No
Female,0,Yes,No,25,Yes,Yes,DSL,No,Yes,No,Yes,Yes,Yes,Month-to-month,No,Mailed check,76.15,1928.58,No
Male,0,Yes,No,34,Yes,Yes,Fiber optic,No,No,Yes,No internet service,Yes,Yes,One year,Yes,Electronic check,51.52,1759.88,No
Female,0,No,Yes,56,Yes,Yes,Fiber optic,No internet service,Yes,Yes,No,No internet service,No internet service,One year,No,Electronic check,18.0,1059.99,Yes
Female,0,Yes,Yes,62,Yes,Yes,Fiber optic,No,No,No,No,Yes,No,Month-to-month,Yes,Credit card (automatic),66.68,4153.77,Yes
Female,0,Yes,No,3,Yes,Yes,No,No internet service,Yes,No,No,No,Yes,Month-to-month,Yes,Mailed check,18.0,20.74,Yes
Male,0,Yes,No,41,Yes,No phone service,Fiber optic,Yes,No internet service,No internet service,No,Yes,No,One year,Yes,Credit card (automatic),98.38,4086.7,No
Male,0,No,Yes,44,Yes,No,Fiber optic,No,No internet service,Yes,Yes,Yes,No internet service,Month-to-month,Yes,Mailed check,32.54,1395.91,Yes
Male,1,Yes,Yes,38,Yes,Yes,DSL,No,No,No internet service,Yes,Yes,No,Month-to-month,No,Credit card (automatic),77.1,2893.67,No
Female,0,No,No,64,Yes,No,Fiber optic,No,No,No,Yes,Yes,No,Month-to-month,No,Credit card (automatic),88.85,5678.01,Yes
Female,0,Yes,No,21,Yes,Yes,Fiber optic,No internet service,No,No internet service,Yes,Yes,Yes,Two year,No,Mailed check,88.7,1790.06,No
Male,0,Yes,No,10,Yes,No,Fiber optic,No internet service,No,No internet service,Yes,No internet service,No,Month-to-month,No,Electronic check,117.74,1227.26,No
Female,0,No,No,36,Yes,Yes,Fiber optic,No internet service,No internet service,No,No,No,No internet service,Two year,Yes,Electronic check,51.17,1833.62,No
Female,1,No,No,50,Yes,Yes,DSL,No,No internet service,No,Yes,No,No,Month-to-month,No,Bank transfer (automatic),78.01,3897.88,Yes
Female,0,No,No,57,Yes,Yes,DSL,No,No,No internet service,Yes,No,No internet service,Month-to-month,No,Mailed check,64.69,3793.41,No
Female,0,No,No,6,Yes,No,No,Yes,Yes,No,No,No,No internet service,Month-to-month,Yes,Electronic check,63.83,410.36,No
Female,0,Yes,No,7,Yes,Yes,No,Yes,No,No,No,Yes,No,One year,Yes,Electronic check,68.31,423.19,No
Male,0,Yes,No,50,Yes,No,No,No,Yes,No,No,No internet service,No,Two year,Yes,Mailed check,37.28,1930.69,No
Female,0,No,No,22,Yes,No,No,Yes,No,Yes,Yes,No,No internet service,One year,Yes,Electronic check,83.33,1842.5,No
Male,0,Yes,No,8,Yes,No,DSL,Yes,Yes,No internet service,No,No,Yes,One year,Yes,Mailed check,51.43,355.7,Yes
Female,0,No,No,45,Yes,No,Fiber optic,No,No internet service,No,No,No internet service,No,Month-to-month,No,Electronic check,99.3,4479.23,Yes
Male,0,No,No,37,Yes,No phone service,No,Yes,No,Yes,No,Yes,No,One year,No,Credit card (automatic),64.72,2394.37,No
Female,0,Yes,Yes,12,Yes,Yes,No,No,Yes,Yes,Yes,No,No,Month-to-month,No,Mailed check,69.79,774.03,No
Male,0,No,No,6,Yes,Yes,DSL,No,Yes,No,No,No,No,Month-to-month,Yes,Mailed check,82.62,510.6,No
Female,0,Yes,No,10,Yes,No phone service,Fiber optic,No,No,No internet service,No,No,No,Two year,Yes,Electronic check,51.55,540.2,No
Male,0,Yes,Yes,49,No,No,DSL,No,No,No,No internet service,No internet service,No internet service,Two year,Yes,Mailed check,18.0,772.55,No
Female,1,Yes,No,66,Yes,Yes,No,No,No,No internet service,No,No internet service,No internet service,Month-to-month,Yes,Bank transfer (automatic),107.29,7077.62,Yes
Male,0,No,Yes,40,Yes,No phone service,Fiber optic,No,No internet service,Yes,No internet service,Yes,Yes,Two year,No,Bank transfer (automatic),101.72,4131.24,No
Female,1,Yes,No,28,Yes,Yes,Fiber optic,Yes,No,No,No internet service,Yes,No,One year,No,Mailed check,58.2,1606.99,No
Male,0,No,Yes,36,Yes,No,Fiber optic,No,No,Yes,Yes,Yes,No internet service,Month-to-month,Yes,Bank transfer (automatic),47.21,1719.29,Yes
Male,0,No,No,55,Yes,Yes,Fiber optic,No,No,Yes,No,No,Yes,Month-to-month,Yes,Electronic check,18.0,1009.11,Yes
Female,0,No,No,15,Yes,Yes,DSL,Yes,No,No,No,No,Yes,Two year,Yes,Electronic check,76.21,1025.06,No
Female,0,No,Yes,43,Yes,No,Fiber optic,No,No internet service,Yes,No,Yes,No,One year,Yes,Mailed check,26.85,1129.56,No
Male,0,Yes,No,49,Yes,No,No,No internet service,No,Yes,Yes,No,Yes,Month-to-month,Yes,Electronic check,72.95,3621.75,Yes
Female,0,Yes,Yes,70,Yes,No,DSL,No,No,Yes,Yes,No,No internet service,One year,No,Electronic check,61.5,4328.96,No
Male,0,Yes,No,5,Yes,No phone service,DSL,Yes,Yes,Yes,No internet service,No,No internet service,One year,No,Bank transfer (automatic),56.66,334.28,No
Male,1,No,No,17,Yes,No,No,No,No internet service,No,No,Yes,No,Month-to-month,No,Electronic check,57.33,970.13,No
Male,0,No,Yes,18,No,No,Fiber optic,Yes,No,No internet service,No internet service,No,Yes,One year,No,Electronic check,64.93,1228.17,No
Female,0,No,No,50,Yes,Yes,No,No,No,Yes,Yes,Yes,Yes,Month-to-month,No,Bank transfer (automatic),18.0,954.22,No
Male,0,No,Yes,65,Yes,Yes,DSL,Yes,No internet service,Yes,Yes,No,Yes,One year,No,Credit card (automatic),100.58,6630.4,No
Male,0,No,No,2,Yes,No,No,No,No internet service,Yes,Yes,No,Yes,Two year,No,Mailed check,47.07,172.61,No
Female,0,Yes,No,53,Yes,No,No,No,Yes,No internet service,No,Yes,No internet service,Two year,Yes,Mailed check,54.42,2886.71,No
Female,0,No,No,48,Yes,No,DSL,No,Yes,Yes,No internet service,Yes,Yes,One year,Yes,Credit card (automatic),31.0,1396.87,No
Female,1,No,No,27,Yes,Yes,Fiber optic,No,No internet service,No,No,No internet service,Yes,Two year,Yes,Bank transfer (automatic),75.62,2012.39,No
Female,0,Yes,No,37,Yes,No,DSL,Yes,No,Yes,Yes,No,No,Two year,Yes,Bank transfer (automatic),68.75,2516.94,No
Male,0,No,No,27,Yes,No,Fiber optic,Yes,No internet service,No,No,No internet service,No internet service,Month-to-month,No,Electronic check,18.0,464.43,Yes
Male,0,Yes,No,31,Yes,Yes,Fiber optic,No,No,No,No,No,Yes,Two year,Yes,Electronic check,83.6,2556.52,No
Male,1,No,Yes,40,Yes,No,No,No,No,Yes,No,Yes,No,Month-to-month,Yes,Mailed check,111.55,4524.72,Yes
Male,0,No,No,35,Yes,No,DSL,Yes,No,No,No,Yes,Yes,Month-to-month,Yes,Mailed check,58.91,2063.78,No
Female,0,No,Yes,35,Yes,No phone service,DSL,Yes,Yes,No,No,Yes,Yes,One year,Yes,Bank transfer (automatic),18.0,640.68,No
Male,0,Yes,Yes,65,Yes,Yes,DSL,No,No internet service,No,No internet service,Yes,Yes,Month-to-month,Yes,Electronic check,45.29,2930.69,No
Male,0,No,No,9,Yes,Yes,Fiber optic,No,No,Yes,No,Yes,No internet service,Month-to-month,Yes,Bank transfer (automatic),28.69,219.25,Yes
Female,0,No,No,69,Yes,Yes,No,No,No,No,No,No internet service,No internet service,Two year,Yes,Credit card (automatic),80.68,5594.21,No
Male,0,Yes,No,71,Yes,No,Fiber optic,No,Yes,No,No,Yes,No,Month-to-month,Yes,Mailed check,55.03,3912.07,Yes
Male,0,No,No,62,Yes,Yes,DSL,No internet service,No,Yes,No,No,Yes,Two year,Yes,Mailed check,68.83,4326.99,No
Male,0,No,No,21,Yes,No,DSL,No internet service,No internet service,No internet service,No internet service,Yes,No internet service,Month-to-month,Yes,Bank transfer (automatic),108.05,2334.13,Yes
Male,0,No,No,19,Yes,No,DSL,Yes,No internet service,Yes,No,Yes,No,Two year,No,Electronic check,74.33,1425.67,Yes
Male,0,Yes,Yes,32,Yes,No,Fiber optic,No,No internet service,No internet service,No,Yes,No,Month-to-month,Yes,Electronic check,28.05,908.56,No
Male,0,No,No,14,Yes,Yes,DSL,Yes,Yes,No,No internet service,No internet service,No,One year,Yes,Credit card (automatic),54.03,737.1,No
Female,0,No,No,6,Yes,Yes,No,No,Yes,No,No,Yes,No,Month-to-month,No,Credit card (automatic),60.87,430.38,Yes
Female,0,Yes,No,49,No,Yes,DSL,No,No,Yes,No,No internet service,Yes,One year,Yes,Credit card (automatic),31.09,1570.31,No
Male,0,Yes,No,9,Yes,No phone service,No,No,No internet service,Yes,No,Yes,Yes,Month-to-month,Yes,Bank transfer (automatic),89.48,833.55,No
Male,0,No,No,36,Yes,No,DSL,Yes,No,No,No internet service,Yes,Yes,Month-to-month,No,Mailed check,85.6,3073.96,No
Female,0,No,No,58,Yes,No,No,No,Yes,No internet service,Yes,Yes,Yes,Month-to-month,Yes,Bank transfer (automatic),28.95,1699.67,No
Male,1,No,No,62,Yes,No,No,No internet service,No,No internet service,No,Yes,No internet service,One year,Yes,Bank transfer (automatic),52.27,3273.73,No
Male,0,Yes,No,20,Yes,Yes,No,Yes,No,No internet service,No,Yes,Yes,Two year,No,Electronic check,83.99,1642.18,No
Male,0,Yes,No,36,Yes,Yes,No,No,Yes,Yes,Yes,Yes,No internet service,Month-to-month,No,Credit card (automatic),74.98,2706.25,No
Female,0,Yes,Yes,44,Yes,Yes,DSL,No internet service,Yes,Yes,No internet service,Yes,Yes,One year,Yes,Mailed check,71.9,3118.91,No
Male,0,Yes,Yes,13,No,No,DSL,Yes,Yes,No,Yes,Yes,No internet service,One year,No,Credit card (automatic),36.26,452.59,No
Female,0,No,Yes,42,No,No,Fiber optic,Yes,Yes,No internet service,Yes,Yes,Yes,Month-to-month,No,Credit card (automatic),42.68,1817.0,No
Male,0,No,No,32,Yes,No,No,No,Yes,Yes,No,No,No,Month-to-month,Yes,Credit card (automatic),26.51,906.35,Yes
Female,0,No,No,2,Yes,No,DSL,No,Yes,No,No,Yes,Yes,Month-to-month,No,Mailed check,44.79,69.54,No
Female,0,Yes,No,43,Yes,No,No,No internet service,No,No internet service,No internet service,Yes,Yes,Month-to-month,Yes,Electronic check,35.21,1447.74,Yes
Male,0,No,Yes,34,Yes,No phone service,Fiber optic,No,Yes,No,No internet service,Yes,No,Month-to-month,No,Mailed check,120.0,4080.45,Yes
Female,0,Yes,No,24,Yes,Yes,DSL,No,No,No internet service,No,No internet service,No internet service,Month-to-month,No,Mailed check,100.27,2412.17,No
Male,0,Yes,No,7,Yes,No phone service,DSL,No,Yes,Yes,No,No,Yes,Month-to-month,Yes,Electronic check,91.46,598.85,No
Female,0,No,No,61,No,No,DSL,Yes,Yes,No,Yes,No internet service,No internet service,Two year,No,Mailed check,102.15,6205.87,No
Male,1,No,No,17,Yes,Yes,DSL,No,No internet service,No,No,Yes,No,Two year,No,Mailed check,101.05,1712.94,No
Male,1,No,No,27,Yes,No,Fiber optic,No,No internet service,No,No,Yes,No,Two year,No,Bank transfer (automatic),38.59,1088.13,No
Female,0,Yes,Yes,11,Yes,No,DSL,No,No,Yes,Yes,No internet service,No,One year,Yes,Mailed check,85.41,877.17,No
Male,0,No,Yes,63,Yes,No,Fiber optic,No internet service,No,No,No,No,No internet service,Month-to-month,Yes,Bank transfer (automatic),58.96,3705.92,Yes
Male,0,No,Yes,1,Yes,Yes,Fiber optic,No,Yes,No,Yes,Yes,Yes,Month-to-month,No,Bank transfer (automatic),28.89,98.53,Yes
Female,0,No,No,58,Yes,No phone service,No,Yes,No internet service,No,No internet service,Yes,Yes,Month-to-month,Yes,Bank transfer (automatic),79.14,4559.31,Yes
Male,0,Yes,Yes,36,Yes,No,Fiber optic,No internet service,Yes,No internet service,No internet service,Yes,No internet service,One year,Yes,Credit card (automatic),73.71,2678.82,Yes
Male,0,No,No,3,Yes,No,Fiber optic,No,Yes,Yes,No,No internet service,No internet service,Two year,No,Electronic check,50.44,151.18,No
Female,0,No,No,40,Yes,Yes,No,No internet service,No,No,No,Yes,Yes,Month-to-month,Yes,Credit card (automatic),72.99,2949.72,No
Female,0,No,No,44,Yes,Yes,DSL,Yes,Yes,No internet service,Yes,No,Yes,Month-to-month,Yes,Electronic check,64.15,2823.52,No
Male,0,Yes,No,33,Yes,No,DSL,Yes,No,No internet service,No,Yes,No internet service,One year,Yes,Mailed check,63.99,2128.58,No
Male,0,Yes,Yes,12,Yes,No,No,No,Yes,No,No,Yes,No,Two year,Yes,Bank transfer (automatic),106.77,1327.07,No
Female,0,Yes,No,6,Yes,No phone service,DSL,No,Yes,No internet service,Yes,No,No,Month-to-month,Yes,Credit card (automatic),94.73,600.43,Yes
Female,0,Yes,No,31,Yes,No,DSL,No internet service,No,Yes,No,No internet service,No internet service,Month-to-month,Yes,Mailed check,18.0,591.8,Yes
Male,1,No,Yes,22,Yes,No phone service,Fiber optic,Yes,No,No,No internet service,Yes,Yes,Two year,Yes,Credit card (automatic),25.95,612.47,No
Female,0,Yes,No,48,Yes,Yes,Fiber optic,Yes,Yes,No internet service,Yes,Yes,Yes,Month-to-month,No,Mailed check,56.96,2721.0,No
Male,0,Yes,No,71,Yes,Yes,Fiber optic,No,Yes,No internet service,No,Yes,No,One year,Yes,Credit card (automatic),105.43,7433.4,No
Male,1,Yes,No,46,Yes,Yes,DSL,Yes,Yes,No,No internet service,No,No,Two year,No,Mailed check,18.0,918.7,No
Male,1,Yes,No,36,Yes,Yes,Fiber optic,Yes,No internet service,Yes,No,Yes,Yes,Two year,Yes,Mailed check,62.9,2282.59,No
Male,0,Yes,No,47,Yes,No,No,Yes,No,Yes,No,No,No internet service,Month-to-month,No,Credit card (automatic),76.62,3658.82,No
Male,0,No,No,28,Yes,No,Fiber optic,Yes,No,No internet service,Yes,No internet service,No internet service,Month-to-month,No,Mailed check,53.01,1379.17,Yes
Female,0,No,Yes,36,Yes,Yes,Fiber optic,No,Yes,No internet service,No internet service,No,Yes,Month-to-month,No,Bank transfer (automatic),42.64,1618.8,No
Female,0,Yes,Yes,22,Yes,Yes,DSL,No internet service,No,Yes,No,No internet service,Yes,One year,No,Bank transfer (automatic),33.91,716.13,No
Female,0,Yes,Yes,37,Yes,Yes,Fiber optic,No,Yes,No internet service,No internet service,No internet service,No,One year,Yes,Bank transfer (automatic),18.0,676.86,No
Female,0,Yes,No,43,Yes,Yes,DSL,No,No,Yes,No internet service,No,Yes,Two year,Yes,Bank transfer (automatic),91.26,3902.85,No
Male,0,Yes,No,4,Yes,No,Fiber optic,No,No,Yes,No,No,No,Month-to-month,No,Electronic check,63.21,170.8,Yes
Male,0,No,No,51,No,Yes,Fiber optic,No,No internet service,No,No,Yes,Yes,One year,No,Credit card (automatic),106.73,5454.6,Yes
Male,0,No,No,39,Yes,No phone service,Fiber optic,No internet service,No internet service,Yes,No,Yes,No,Month-to-month,Yes,Bank transfer (automatic),82.81,3308.78,Yes
Male,0,No,No,10,Yes,No,No,No,Yes,No internet service,No internet service,Yes,Yes,Month-to-month,No,Bank transfer (automatic),37.07,348.92,No
Female,0,No,No,1,No,No,DSL,Yes,No internet service,Yes,No internet service,Yes,No internet service,Month-to-month,Yes,Bank transfer (automatic),28.24,3.6,No
Male,0,Yes,No,34,Yes,Yes,Fiber optic,No internet service,Yes,Yes,No internet service,No,No,Month-to-month,No,Electronic check,109.13,3779.39,No
Male,0,No,Yes,44,Yes,No phone service,Fiber optic,No,Yes,No,No,No internet service,No,Two year,Yes,Credit card (automatic),118.3,5215.8,No
Female,0,No,No,48,Yes,No,Fiber optic,Yes,Yes,No,No,No internet service,No internet service,Month-to-month,No,Mailed check,89.46,4254.55,Yes
Female,0,No,No,34,Yes,Yes,DSL,No,No,Yes,Yes,No,No,Month-to-month,Yes,Electronic check,60.24,2017.96,No
Female,1,Yes,Yes,71,Yes,Yes,DSL,No,No,No,No internet service,Yes,No internet service,Month-to-month,No,Bank transfer (automatic),44.01,3107.33,No
Female,0,No,No,31,Yes,No,No,Yes,Yes,Yes,Yes,Yes,Yes,Month-to-month,No,Bank transfer (automatic),117.34,3675.46,Yes
Male,0,No,No,67,Yes,Yes,Fiber optic,No,Yes,Yes,No internet service,No internet service,No,Month-to-month,Yes,Electronic check,69.89,4595.26,No
Male,0,No,Yes,70,Yes,Yes,Fiber optic,No,Yes,Yes,No internet service,No internet service,No,Two year,No,Credit card (automatic),30.26,2114.39,No
Female,0,Yes,Yes,38,Yes,Yes,No,No internet service,No internet service,No,Yes,No,No internet service,Two year,No,Credit card (automatic),51.87,1976.53,No
Male,0,No,Yes,47,Yes,Yes,DSL,No internet service,No,No,No,Yes,Yes,Month-to-month,Yes,Mailed check,18.0,872.72,Yes
Male,0,No,No,36,No,Yes,No,Yes,Yes,Yes,Yes,No,No internet service,One year,Yes,Electronic check,60.4,2193.87,No
Male,0,No,No,59,Yes,No,DSL,No,No internet service,No,No,No internet service,Yes,Month-to-month,Yes,Credit card (automatic),79.86,4696.11,No
Female,0,No,No,3,Yes,No,Fiber optic,No internet service,Yes,No,No,No,No,Month-to-month,Yes,Electronic check,79.5,181.1,Yes
Male,1,No,No,22,Yes,No,Fiber optic,No,No,No,Yes,No internet service,No,One year,Yes,Credit card (automatic),39.0,882.03,No
Female,0,Yes,No,13,Yes,Yes,Fiber optic,No,No,Yes,No,Yes,Yes,Month-to-month,Yes,Credit card (automatic),73.96,1014.01,No
Male,0,No,No,4,Yes,Yes,DSL,Yes,Yes,No internet service,Yes,No internet service,Yes,Month-to-month,Yes,Bank transfer (automatic),84.72,308.08,Yes
Male,1,Yes,No,65,Yes,Yes,Fiber optic,No internet service,Yes,No,No,No,No,Month-to-month,Yes,Credit card (automatic),53.35,3428.23,Yes
Male,0,No,No,23,Yes,No,DSL,No,No,Yes,No,No,Yes,Month-to-month,No,Credit card (automatic),75.05,1720.19,Yes
Female,0,Yes,No,17,No,Yes,DSL,Yes,No internet service,Yes,No,Yes,No,Month-to-month,No,Electronic check,43.15,762.21,Yes
Male,0,No,No,26,Yes,No,DSL,No internet service,No,No,Yes,Yes,Yes,Month-to-month,No,Credit card (automatic),30.77,796.16,No
Female,0,No,No,23,Yes,Yes,Fiber optic,No internet service,No,No,Yes,No,Yes,Month-to-month,Yes,Credit card (automatic),90.73,2140.3,Yes
Female,0,No,No,28,Yes,No,Fiber optic,No,No internet service,No,Yes,Yes,Yes,One year,Yes,Electronic check,41.86,1195.08,No
Female,0,No,Yes,10,Yes,No,DSL,No,No,No internet service,No,Yes,Yes,Month-to-month,Yes,Credit card (automatic),104.44,1052.93,Yes
Male,0,No,Yes,17,Yes,Yes,DSL,No,Yes,No,Yes,No,No,Month-to-month,No,Electronic check,67.96,1064.07,No
Male,0,No,No,3,Yes,No,DSL,No,No internet service,Yes,No internet service,Yes,Yes,Month-to-month,Yes,Electronic check,61.29,236.24,No
Male,0,Yes,Yes,32,Yes,No,Fiber optic,No,No,No,No,Yes,No internet service,Two year,Yes,Electronic check,84.43,2582.74,No
Male,0,Yes,No,41,Yes,No,Fiber optic,No internet service,Yes,No,No,Yes,Yes,Month-to-month,No,Electronic check,56.87,2228.06,Yes
Female,0,Yes,No,31,Yes,No,Fiber optic,No,No,Yes,Yes,No,No,Two year,Yes,Bank transfer (automatic),61.07,1863.58,No
Female,0,Yes,Yes,50,Yes,Yes,No,No,No,No internet service,No,Yes,Yes,Month-to-month,No,Bank transfer (automatic),78.46,3977.05,No
Female,0,No,Yes,3,Yes,No,Fiber optic,Yes,Yes,No,No internet service,No,No internet service,Two year,No,Bank transfer (automatic),42.09,131.62,No
Male,0,No,Yes,19,Yes,Yes,No,Yes,Yes,No internet service,No,Yes,Yes,Month-to-month,Yes,Bank transfer (automatic),110.24,2080.45,Yes
Female,0,No,Yes,66,No,Yes,Fiber optic,No,No,No,Yes,Yes,Yes,Month-to-month,No,Electronic check,99.51,6567.87,Yes
Male,0,Yes,No,67,No,Yes,Fiber optic,No internet service,No,No internet service,No internet service,Yes,Yes,Month-to-month,Yes,Electronic check,84.43,5715.31,No
Female,0,Yes,No,61,No,Yes,Fiber optic,No,No,No,No internet service,Yes,Yes,One year,No,Electronic check,22.5,1268.46,No
Male,0,No,No,57,Yes,Yes,DSL,No,Yes,No internet service,Yes,Yes,No internet service,One year,Yes,Electronic check,91.31,5206.45,Yes
Male,1,No,No,46,Yes,No,Fiber optic,No,No,No,No internet service,No,Yes,Month-to-month,No,Bank transfer (automatic),87.7,3994.69,No
Female,0,Yes,No,58,No,No,No,No,No internet service,No,No,No internet service,Yes,Month-to-month,No,Credit card (automatic),51.43,2955.85,No
Female,0,No,No,5,No,No,DSL,No internet service,No,Yes,No,No internet service,Yes,One year,Yes,Bank transfer (automatic),90.94,508.05,No
Female,0,No,No,39,Yes,No,DSL,No internet service,No,Yes,No,No internet service,No internet service,Two year,No,Electronic check,68.3,2614.18,No
Female,0,Yes,No,22,Yes,No,Fiber optic,Yes,Yes,No,Yes,Yes,No,Two year,No,Electronic check,18.0,357.78,No
Male,0,No,Yes,51,Yes,Yes,Fiber optic,No internet service,No,No internet service,No,No,No,One year,No,Credit card (automatic),47.81,2447.25,No
Female,0,Yes,Yes,3,No,Yes,Fiber optic,No,No internet service,No,No,Yes,No,Month-to-month,No,Electronic check,90.58,235.34,Yes
Female,0,No,Yes,36,Yes,No phone service,DSL,No internet service,Yes,No,Yes,Yes,No internet service,Month-to-month,No,Credit card (automatic),71.37,2632.83,No
Female,0,Yes,Yes,41,Yes,No,DSL,No internet service,Yes,No,No internet service,Yes,No,Two year,Yes,Electronic check,18.0,768.07,No
Male,0,Yes,No,43,Yes,Yes,Fiber optic,No,No,No internet service,Yes,Yes,Yes,Two year,No,Credit card (automatic),64.33,2739.4,No
Male,0,No,Yes,41,Yes,Yes,Fiber optic,No,No,No,No,No internet service,Yes,Two year,No,Mailed check,55.88,2359.95,No
Female,1,Yes,No,28,Yes,Yes,Fiber optic,No internet service,No internet service,No,Yes,No internet service,Yes,One year,No,Mailed check,19.48,587.53,Yes
Male,0,No,No,18,Yes,No phone service,Fiber optic,No,No,No internet service,No,No,Yes,Two year,No,Mailed check,50.52,962.8,No
Female,0,Yes,No,31,Yes,No,Fiber optic,Yes,No internet service,No internet service,No,Yes,Yes,Two year,Yes,Mailed check,86.29,2633.27,No
Male,0,Yes,No,43,Yes,Yes,DSL,No,Yes,No,No internet service,No,No,One year,Yes,Electronic check,26.02,1165.34,No
Male,0,Yes,Yes,54,Yes,No phone service,DSL,No,Yes,No internet service,Yes,Yes,Yes,One year,Yes,Electronic check,70.24,3734.98,No
Male,0,No,No,4,Yes,No,Fiber optic,No internet service,No,No internet service,No,No internet service,Yes,Month-to-month,Yes,Electronic check,55.64,252.01,Yes
Male,0,No,Yes,45,Yes,No,Fiber optic,No,No,No,No,Yes,Yes,One year,Yes,Mailed check,113.77,5057.63,No
Female,0,Yes,No,44,Yes,No,DSL,No internet service,Yes,No,Yes,Yes,No internet service,Two year,No,Credit card (automatic),87.49,3789.44,No
Female,0,No,No,20,Yes,No,DSL,No,Yes,No internet service,No internet service,No,No,Month-to-month,Yes,Credit card (automatic),39.92,790.79,No
Female,0,No,No,21,Yes,Yes,No,No,No,No,Yes,No,No internet service,One year,Yes,Mailed check,120.0,2512.99,No
Male,0,No,No,29,No,No,DSL,No internet service,No internet service,No internet service,No,No internet service,No,Month-to-month,Yes,Electronic check,24.76,719.39,Yes
Female,0,No,No,22,Yes,Yes,No,Yes,No,No,Yes,No,No,Two year,Yes,Mailed check,84.7,1880.0,No
Female,1,No,Yes,4,Yes,No,No,Yes,No internet service,Yes,No,Yes,Yes,One year,Yes,Bank transfer (automatic),51.82,214.37,No
Female,0,No,Yes,62,Yes,Yes,Fiber optic,Yes,No,No,No internet service,No,Yes,Two year,No,Credit card (automatic),97.91,6132.56,Yes
Male,0,Yes,No,58,Yes,Yes,Fiber optic,Yes,No internet service,Yes,No,Yes,Yes,One year,Yes,Mailed check,45.0,2598.35,No
Male,0,Yes,No,51,No,No phone service,Fiber optic,No,No internet service,Yes,No,Yes,Yes,Month-to-month,Yes,Mailed check,54.53,2771.11,Yes
Male,1,Yes,No,64,Yes,No,DSL,Yes,No internet service,No internet service,Yes,No,Yes,Month-to-month,No,Mailed check,91.73,5810.86,Yes
Female,0,Yes,Yes,38,Yes,Yes,Fiber optic,No internet service,Yes,Yes,No,No internet service,No,Two year,Yes,Mailed check,44.79,1693.67,No
Female,0,No,No,2,Yes,No phone service,No,No internet service,No,Yes,Yes,No,No,Month-to-month,No,Electronic check,61.94,62.43,Yes
Female,0,Yes,No,41,Yes,No,Fiber optic,No,No,No,No,No internet service,No,One year,No,Credit card (automatic),85.95,3487.06,Yes
Male,0,Yes,No,70,Yes,Yes,No,Yes,Yes,No internet service,No,No,No,Month-to-month,Yes,Bank transfer (automatic),50.66,3511.85,Yes
Male,0,No,No,26,No,Yes,No,No,No internet service,Yes,Yes,No,Yes,Two year,Yes,Electronic check,18.0,470.01,No
Female,0,Yes,No,27,Yes,No,DSL,No internet service,No internet service,No,No,No,Yes,Month-to-month,Yes,Mailed check,47.6,1326.91,Yes
Male,1,Yes,Yes,53,Yes,Yes,Fiber optic,No,No internet service,Yes,No internet service,Yes,Yes,Two year,Yes,Mailed check,51.82,2698.68,No
Male,0,Yes,No,14,Yes,No phone service,Fiber optic,Yes,Yes,No,No internet service,No internet service,No internet service,One year,Yes,Mailed check,41.87,668.58,No
Male,0,No,Yes,52,Yes,Yes,No,Yes,Yes,No internet service,Yes,No,Yes,Month-to-month,Yes,Mailed check,81.9,4284.6,No
Male,0,Yes,Yes,71,Yes,Yes,DSL,Yes,Yes,No internet service,Yes,Yes,No,One year,Yes,Credit card (automatic),32.0,2231.66,No
Female,0,Yes,No,69,Yes,Yes,Fiber optic,No,Yes,No,No,Yes,No,Two year,No,Mailed check,84.86,5915.2,Yes
Male,1,No,No,3,Yes,Yes,Fiber optic,No,Yes,No internet service,No internet service,No,No internet service,Two year,Yes,Bank transfer (automatic),82.29,236.97,No
Male,0,No,No,16,Yes,No,Fiber optic,No internet service,Yes,No,No,No,No,Month-to-month,No,Electronic check,62.1,983.53,Yes
Male,0,No,No,33,No,No,DSL,Yes,No,Yes,No internet service,Yes,Yes,Two year,No,Credit card (automatic),113.58,3711.95,No
Male,0,No,No,5,Yes,Yes,No,Yes,Yes,Yes,No,Yes,No internet service,Month-to-month,Yes,Mailed check,38.84,218.93,No
Female,0,Yes,Yes,35,Yes,Yes,Fiber optic,No internet service,No internet service,No,Yes,No,Yes,Month-to-month,Yes,Bank transfer (automatic),57.23,1959.89,No
Female,0,Yes,No,38,Yes,No,Fiber optic,No internet service,No,No,Yes,No,No internet service,One year,Yes,Electronic check,23.81,858.88,No
Male,0,Yes,Yes,65,Yes,Yes,DSL,No,No,No internet service,No internet service,Yes,No,Month-to-month,No,Electronic check,120.0,7710.84,Yes
Male,0,Yes,No,7,Yes,No,Fiber optic,No internet service,No,No,Yes,No,No,Month-to-month,Yes,Credit card (automatic),85.99,651.56,Yes
Male,1,Yes,No,14,Yes,Yes,No,No,Yes,No internet service,Yes,Yes,No,One year,No,Electronic check,45.34,612.84,No
Male,0,Yes,No,62,Yes,Yes,DSL,No internet service,No internet service,No internet service,No,No,Yes,One year,No,Mailed check,80.62,5085.58,No
Male,1,No,No,64,Yes,Yes,No,No internet service,Yes,No internet service,Yes,No internet service,No,Month-to-month,No,Mailed check,115.48,7417.3,No
Male,0,No,Yes,58,No,Yes,Fiber optic,No internet service,No,No,No internet service,No,No internet service,One year,Yes,Bank transfer (automatic),73.52,4308.05,No
Female,0,Yes,No,9,Yes,No,No,Yes,Yes,No,No,No,No,One year,Yes,Bank transfer (automatic),23.27,260.46,No
Male,0,No,Yes,6,Yes,Yes,Fiber optic,No,No internet service,No,No,Yes,No internet service,One year,Yes,Electronic check,83.76,510.63,Yes
Female,0,Yes,Yes,11,Yes,Yes,DSL,Yes,No internet service,Yes,No internet service,No internet service,Yes,Two year,Yes,Credit card (automatic),38.83,450.69,No
Female,0,Yes,Yes,45,Yes,No,Fiber optic,No,Yes,Yes,No internet service,No,Yes,Month-to-month,Yes,Mailed check,80.18,3663.34,No
Male,0,No,No,31,Yes,No,DSL,Yes,No internet service,Yes,Yes,No,No internet service,One year,No,Electronic check,41.88,1324.86,No
Female,0,Yes,No,31,No,No,DSL,No,No,Yes,No internet service,Yes,Yes,One year,No,Credit card (automatic),76.57,2337.83,No
Female,0,Yes,No,60,Yes,Yes,Fiber optic,Yes,No,No,No,Yes,No internet service,One year,Yes,Electronic check,65.07,3875.88,Yes
Female,0,Yes,No,68,Yes,Yes,DSL,No,Yes,No internet service,No,Yes,Yes,Month-to-month,Yes,Credit card (automatic),18.0,1232.92,No
Female,0,No,No,60,Yes,No,No,No,Yes,Yes,No internet service,No,No,Month-to-month,Yes,Bank transfer (automatic),57.92,3416.33,No
Female,0,No,No,45,No,No,Fiber optic,Yes,No internet service,No,Yes,Yes,Yes,Month-to-month,No,Mailed check,72.29,3231.96,No
Female,0,Yes,No,67,Yes,No,No,No internet service,Yes,No,No internet service,No,No,One year,Yes,Bank transfer (automatic),99.0,6613.01,No
Male,0,No,No,54,Yes,Yes,Fiber optic,Yes,No internet service,Yes,No,No,No,Month-to-month,Yes,Mailed check,35.22,1838.38,Yes
Female,0,No,No,0,Yes,Yes,Fiber optic,Yes,No,No,Yes,No,No,Month-to-month,Yes,Credit card (automatic),66.68,14.55,No
Female,1,No,Yes,66,Yes,No,DSL,No,Yes,No,Yes,No,No,One year,No,Credit card (automatic),67.95,4528.86,No
Female,0,No,No,48,Yes,No,Fiber optic,No,No,No internet service,No,Yes,Yes,Two year,Yes,Electronic check,19.27,945.32,No
Male,0,Yes,No,24,No,Yes,Fiber optic,Yes,No,No internet service,No,Yes,No,Month-to-month,Yes,Credit card (automatic),120.0,2782.74,No
Female,0,Yes,Yes,15,No,No phone service,No,No,No internet service,Yes,No internet service,No internet service,No internet service,Two year,Yes,Credit card (automatic),33.31,458.04,No
Male,0,No,No,12,Yes,Yes,DSL,No,No,Yes,No internet service,Yes,No,Month-to-month,Yes,Electronic check,52.22,675.41,No
Female,0,No,Yes,51,Yes,No,Fiber optic,No internet service,Yes,No,No,Yes,No,Month-to-month,Yes,Electronic check,82.07,4215.82,Yes
Male,0,No,Yes,35,Yes,No,Fiber optic,Yes,No,Yes,Yes,No internet service,No internet service,One year,No,Mailed check,80.62,2868.35,No
Male,1,No,Yes,71,Yes,No,Fiber optic,Yes,No,Yes,No,Yes,Yes,Month-to-month,No,Credit card (automatic),120.0,8490.48,Yes
Female,0,No,No,43,Yes,No,DSL,No,No internet service,No internet service,No,Yes,No,Two year,Yes,Electronic check,46.99,2015.5,No
Female,0,No,No,46,Yes,Yes,Fiber optic,No,Yes,Yes,Yes,Yes,No,Month-to-month,No,Mailed check,87.44,4101.22,No
Male,0,No,No,19,Yes,Yes,No,Yes,No,No,No,Yes,No,Month-to-month,Yes,Mailed check,52.16,943.43,No
Female,0,No,Yes,17,Yes,No,No,Yes,No,No,No internet service,No,No,One year,No,Bank transfer (automatic),82.27,1393.53,No
Male,0,No,No,53,Yes,Yes,Fiber optic,No,Yes,Yes,No,Yes,No,One year,No,Electronic check,72.83,3870.1,Yes
Male,0,Yes,No,11,Yes,No,No,No,No,No internet service,Yes,No,No internet service,Two year,Yes,Bank transfer (automatic),18.0,181.18,No
Male,0,Yes,Yes,24,Yes,No,No,Yes,No internet service,No internet service,No,Yes,No,Month-to-month,Yes,Mailed check,48.09,1137.35,Yes
Male,1,No,No,59,Yes,Yes,Fiber optic,No,Yes,Yes,No,No,Yes,Month-to-month,Yes,Credit card (automatic),39.11,2439.22,Yes
Male,0,No,Yes,33,Yes,No,Fiber optic,Yes,No,No internet service,No internet service,No internet service,Yes,Month-to-month,No,Electronic check,75.43,2500.72,No
Female,0,No,Yes,12,No,Yes,Fiber optic,No,No,Yes,No internet service,No,No internet service,One year,No,Electronic check,64.38,802.72,No
Male,0,No,No,37,Yes,Yes,DSL,No,No,Yes,Yes,Yes,Yes,One year,Yes,Mailed check,89.19,3376.53,Yes
Male,0,Yes,No,11,Yes,No,Fiber optic,No internet service,Yes,Yes,No internet service,Yes,No,Two year,No,Electronic check,109.09,1156.38,Yes
Female,0,Yes,Yes,35,Yes,No,Fiber optic,No,Yes,No,No internet service,No,Yes,One year,No,Mailed check,30.09,1024.64,No
Male,0,No,Yes,27,Yes,Yes,DSL,No,Yes,No,No,Yes,No internet service,Two year,Yes,Electronic check,35.3,877.04,No
Female,0,Yes,Yes,38,Yes,Yes,No,No,No internet service,Yes,No,No internet service,No internet service,Two year,Yes,Electronic check,52.25,1961.04,No
Female,0,Yes,Yes,42,Yes,No,DSL,No,No,Yes,No,Yes,No,Month-to-month,Yes,Credit card (automatic),88.2,3702.41,No
Female,0,Yes,Yes,30,Yes,Yes,DSL,Yes,Yes,No,No internet service,No,Yes,Month-to-month,No,Mailed check,19.03,575.19,No
Male,1,Yes,No,1,Yes,No phone service,Fiber optic,No internet service,Yes,No,No,Yes,Yes,Month-to-month,No,Bank transfer (automatic),120.0,133.54,Yes
Male,0,No,No,41,Yes,No,Fiber optic,No internet service,Yes,Yes,No,Yes,No,Month-to-month,No,Credit card (automatic),93.97,3847.86,No
Male,1,Yes,No,30,Yes,Yes,DSL,No,Yes,No,Yes,No internet service,No,Month-to-month,No,Mailed check,66.12,2007.95,Yes
Female,1,No,No,60,Yes,No,DSL,Yes,No,No,No internet service,No,Yes,Month-to-month,Yes,Electronic check,102.24,6154.36,No
Male,0,Yes,No,55,Yes,Yes,DSL,No,No,Yes,No,Yes,Yes,Month-to-month,Yes,Mailed check,57.85,3139.4,No
Female,0,No,Yes,13,Yes,No,DSL,No,No,No internet service,No internet service,Yes,Yes,Month-to-month,No,Mailed check,18.0,269.12,No
Male,0,Yes,Yes,13,No,Yes,DSL,Yes,Yes,No,No,No internet service,Yes,Month-to-month,No,Credit card (automatic),101.3,1378.54,No
Female,0,No,No,28,Yes,Yes,Fiber optic,No internet service,Yes,No internet service,No,No,Yes,Month-to-month,No,Mailed check,89.84,2582.05,Yes
Male,0,No,Yes,49,Yes,No,DSL,No,No,Yes,No,No internet service,No internet service,Month-to-month,Yes,Electronic check,81.06,3980.37,Yes
Male,0,Yes,Yes,49,Yes,No,DSL,No internet service,No,No,No,Yes,No,Month-to-month,No,Bank transfer (automatic),79.1,3924.49,No
Male,1,No,Yes,62,Yes,No,Fiber optic,No internet service,Yes,Yes,No,No internet service,Yes,Month-to-month,Yes,Bank transfer (automatic),44.89,2859.46,No
Female,0,No,No,72,Yes,Yes,Fiber optic,No,No,No,No,No,No,Two year,Yes,Electronic check,18.0,1333.7,No
Female,0,Yes,No,64,No,No phone service,Fiber optic,No,Yes,No internet service,Yes,Yes,Yes,Month-to-month,Yes,Bank transfer (automatic),18.0,1133.7,Yes
Male,0,Yes,No,67,Yes,Yes,DSL,Yes,Yes,No internet service,No internet service,No,Yes,Two year,No,Credit card (automatic),18.0,1237.31,No
Male,1,No,No,70,Yes,Yes,DSL,No,No,No internet service,Yes,No,No,One year,Yes,Mailed check,63.24,4441.84,No
Female,0,No,No,10,Yes,Yes,No,No,Yes,Yes,No internet service,No internet service,No,Month-to-month,No,Mailed check,21.48,278.2,Yes
Female,1,Yes,No,13,Yes,No,Fiber optic,No,No internet service,No,No internet service,Yes,Yes,Month-to-month,No,Bank transfer (automatic),18.0,256.44,No
Female,0,Yes,Yes,2,Yes,Yes,No,No,No internet service,No,No,No,Yes,Month-to-month,Yes,Bank transfer (automatic),29.48,64.42,No
Male,0,No,Yes,7,No,Yes,Fiber optic,No,Yes,Yes,No,No,Yes,Month-to-month,Yes,Bank transfer (automatic),65.25,507.15,Yes
Female,0,No,Yes,42,Yes,No,Fiber optic,No,No internet service,Yes,Yes,Yes,Yes,One year,Yes,Credit card (automatic),91.83,3886.54,No
Male,0,No,Yes,8,Yes,No,No,No,No,Yes,Yes,No,No internet service,Two year,Yes,Mailed check,120.0,1043.43,No
Female,0,Yes,Yes,18,Yes,Yes,No,Yes,No internet service,No,No,Yes,No,Two year,Yes,Mailed check,120.0,2169.29,No
Male,0,No,Yes,11,Yes,No,Fiber optic,No,No internet service,Yes,Yes,Yes,Yes,One year,No,Electronic check,53.36,676.64,No
Female,0,Yes,No,26,Yes,Yes,DSL,No internet service,No internet service,No internet service,No,No,No,Month-to-month,Yes,Electronic check,27.91,753.56,No
Female,0,Yes,No,57,Yes,No,Fiber optic,Yes,Yes,No,No internet service,Yes,No internet service,Month-to-month,Yes,Credit card (automatic),85.18,4882.5,No
Female,0,No,No,24,No,No,Fiber optic,No internet service,No,No,No,No,No,One year,Yes,Mailed check,58.68,1378.89,No
Female,1,No,No,44,No,No,No,Yes,No,No,Yes,Yes,Yes,Two year,Yes,Mailed check,62.09,2681.16,No
Female,0,Yes,No,47,Yes,No,Fiber optic,No internet service,Yes,Yes,No internet service,No,No,Month-to-month,No,Electronic check,55.43,2691.37,Yes
Male,0,Yes,No,49,Yes,Yes,DSL,No internet service,No internet service,No internet service,Yes,No internet service,No internet service,Two year,Yes,Electronic check,45.8,2235.54,No
Female,0,No,No,43,Yes,No,Fiber optic,No,No internet service,Yes,No,No,No,Month-to-month,No,Mailed check,85.79,3739.23,Yes
Female,0,No,Yes,58,Yes,No,DSL,Yes,No internet service,No internet service,No,No internet service,No,Month-to-month,Yes,Credit card (automatic),92.09,5274.93,No
Female,0,No,Yes,32,Yes,Yes,Fiber optic,Yes,No,No,No,Yes,Yes,Two year,Yes,Bank transfer (automatic),60.92,1941.37,No
Male,0,No,No,27,Yes,Yes,Fiber optic,Yes,Yes,No,No,No,No,Two year,Yes,Credit card (automatic),74.71,2072.68,No
Female,0,Yes,No,17,No,No,DSL,No internet service,No,No internet service,Yes,No,No,One year,No,Mailed check,41.84,758.64,No
Male,0,No,Yes,54,Yes,No,No,Yes,No,Yes,No,No,No internet service,Month-to-month,Yes,Bank transfer (automatic),55.23,3003.85,Yes
Female,0,No,Yes,32,Yes,Yes,Fiber optic,No,No,No,No,No,Yes,Month-to-month,Yes,Credit card (automatic),47.91,1506.69,Yes
Female,0,No,No,14,Yes,No phone service,No,No,No,No,No,Yes,Yes,Month-to-month,No,Credit card (automatic),77.83,1104.61,Yes
Male,0,No,Yes,60,Yes,Yes,Fiber optic,No,Yes,No internet service,No,No internet service,Yes,One year,Yes,Mailed check,60.69,3624.98,No
Female,0,No,No,10,Yes,No,No,No internet service,No,No,No internet service,No,No internet service,Month-to-month,Yes,Electronic check,72.15,725.3,No
Male,0,Yes,Yes,35,Yes,No,Fiber optic,No,No,No internet service,Yes,No,Yes,One year,Yes,Credit card (automatic),43.31,1497.38,No
Male,0,Yes,No,14,Yes,No phone service,No,No,No,No internet service,Yes,No,Yes,Month-to-month,Yes,Credit card (automatic),120.0,1530.44,Yes
Female,0,No,Yes,52,Yes,Yes,Fiber optic,No,No,No internet service,No internet service,No,No internet service,Month-to-month,No,Electronic check,56.79,2890.36,No
Male,1,Yes,No,61,No,No,DSL,No internet service,Yes,No internet service,No,No,Yes,One year,Yes,Credit card (automatic),18.79,1181.19,No
Female,0,Yes,Yes,47,Yes,No,DSL,Yes,No,No,No internet service,Yes,No internet service,Two year,Yes,Credit card (automatic),96.27,4525.33,No
Female,0,No,No,14,No,Yes,No,No,No,No,No internet service,Yes,No,Month-to-month,No,Electronic check,19.23,324.63,No
Male,0,No,No,62,Yes,No phone service,Fiber optic,No internet service,No internet service,Yes,No,No,No internet service,Two year,No,Mailed check,39.21,2377.83,Yes
Male,0,Yes,No,42,Yes,No,DSL,Yes,Yes,No,No,No,No internet service,Month-to-month,Yes,Mailed check,67.04,2881.41,No
Male,0,No,No,49,Yes,No,Fiber optic,Yes,No,No internet service,No internet service,Yes,No,One year,No,Mailed check,47.43,2352.5,No
Male,0,No,No,59,Yes,No,DSL,No,No internet service,No internet service,No internet service,No,No,Two year,Yes,Bank transfer (automatic),55.97,3223.39,No
Female,0,No,No,58,Yes,No,No,No internet service,Yes,Yes,Yes,No,Yes,Month-to-month,No,Mailed check,52.96,3087.15,Yes
Female,0,No,No,14,No,No,Fiber optic,Yes,No,No,No,No internet service,Yes,Month-to-month,Yes,Bank transfer (automatic),53.84,781.9,Yes
Male,0,Yes,No,28,Yes,Yes,DSL,Yes,No,No,No internet service,Yes,No,Month-to-month,Yes,Bank transfer (automatic),18.0,501.06,No
Female,0,Yes,No,39,Yes,No,DSL,No,No,No,Yes,No,No,Month-to-month,Yes,Bank transfer (automatic),86.56,3471.81,No
Female,0,Yes,Yes,30,No,No,Fiber optic,No,No,Yes,No,No internet service,No internet service,One year,No,Electronic check,70.74,2114.15,No
Female,0,No,No,72,Yes,No,No,Yes,No internet service,Yes,No,Yes,Yes,Month-to-month,Yes,Bank transfer (automatic),68.93,4882.53,No
Female,0,No,No,10,Yes,No,Fiber optic,No internet service,Yes,No internet service,No,No,No internet service,Month-to-month,Yes,Bank transfer (automatic),57.84,604.14,No
Male,0,No,No,61,Yes,No,Fiber optic,No,Yes,Yes,Yes,No internet service,Yes,One year,No,Electronic check,47.01,2842.43,No
Male,0,No,No,7,Yes,No phone service,Fiber optic,No,Yes,Yes,Yes,No,No internet service,One year,No,Credit card (automatic),76.05,536.43,No
Female,0,No,No,50,Yes,No,Fiber optic,No,No,No,No,Yes,Yes,Month-to-month,No,Credit card (automatic),99.84,4979.84,Yes
Male,0,No,No,56,Yes,Yes,No,No internet service,No,No,No,Yes,Yes,One year,No,Bank transfer (automatic),82.24,4644.06,No
Male,0,Yes,No,3,No,No,Fiber optic,Yes,Yes,No,Yes,Yes,No internet service,One year,No,Mailed check,119.83,296.98,No
Male,0,Yes,No,35,Yes,No,DSL,No,No internet service,Yes,No,No internet service,No,Month-to-month,Yes,Credit card (automatic),52.72,1894.62,No
Female,0,No,No,18,Yes,Yes,DSL,Yes,No,No internet service,Yes,No internet service,No,One year,Yes,Mailed check,56.56,1037.32,No
Female,0,Yes,No,23,Yes,No phone service,Fiber optic,No,Yes,Yes,No,No,No internet service,Two year,Yes,Electronic check,100.69,2352.21,Yes
Female,0,Yes,No,40,Yes,Yes,Fiber optic,No,Yes,Yes,No,No internet service,Yes,Month-to-month,No,Credit card (automatic),40.0,1479.05,No
Male,0,No,No,48,Yes,No,Fiber optic,Yes,Yes,No,No,Yes,Yes,One year,Yes,Electronic check,73.92,3626.64,No
Female,0,Yes,No,45,Yes,No phone service,Fiber optic,No,No,No,No internet service,Yes,No,Two year,Yes,Bank transfer (automatic),89.05,3949.36,No
Female,0,No,No,35,Yes,No,Fiber optic,Yes,Yes,Yes,No,No,Yes,Two year,No,Credit card (automatic),104.15,3696.87,No
Male,0,Yes,Yes,9,Yes,No,DSL,No internet service,No,Yes,No,No internet service,No internet service,One year,Yes,Bank transfer (automatic),39.03,281.55,Yes
Female,0,Yes,No,6,Yes,No phone service,Fiber optic,No,No,Yes,No internet service,No,Yes,One year,Yes,Bank transfer (automatic),64.21,358.04,No
Female,0,Yes,No,11,Yes,No,Fiber optic,No,No internet service,No internet service,No,No internet service,No,One year,No,Electronic check,64.13,724.06,No
Male,0,No,Yes,47,Yes,No phone service,No,No,No internet service,Yes,No,No,No,One year,Yes,Credit card (automatic),18.0,826.58,No
Male,0,Yes,Yes,36,Yes,No,DSL,No,Yes,Yes,No,No,No internet service,Month-to-month,No,Credit card (automatic),41.02,1471.7,No
Male,1,No,No,35,Yes,No,DSL,No,No,No internet service,No,No internet service,No,Month-to-month,Yes,Credit card (automatic),77.83,2644.47,Yes
Female,0,No,No,59,Yes,No,DSL,No,Yes,No,No internet service,Yes,No internet service,Month-to-month,Yes,Bank transfer (automatic),106.63,6346.45,No
Female,1,No,No,7,Yes,Yes,DSL,Yes,Yes,No,No internet service,Yes,Yes,Month-to-month,No,Credit card (automatic),66.34,466.69,Yes
Female,0,Yes,No,6,Yes,No,Fiber optic,Yes,No,No,Yes,No,No,Month-to-month,Yes,Mailed check,36.63,297.66,No
Male,0,Yes,No,42,Yes,No phone service,Fiber optic,No internet service,No,No,No,Yes,No internet service,Month-to-month,Yes,Mailed check,43.23,1883.6,Yes
Male,0,No,No,57,Yes,No,Fiber optic,Yes,No,Yes,Yes,No,No internet service,Two year,No,Bank transfer (automatic),18.0,984.68,No
Female,0,No,Yes,45,Yes,Yes,Fiber optic,No,No internet service,No,No,Yes,Yes,Two year,Yes,Electronic check,103.51,4663.01,No
Female,0,No,No,33,Yes,Yes,DSL,No,No internet service,No,Yes,No,No internet service,One year,Yes,Mailed check,98.33,3269.77,No
Male,0,Yes,Yes,71,Yes,Yes,Fiber optic,No,Yes,Yes,Yes,No,No internet service,Two year,Yes,Electronic check,24.35,1737.09,No
Male,0,No,No,21,Yes,No,DSL,No,No,No,No,Yes,No internet service,Two year,No,Credit card (automatic),109.21,2268.16,No
Male,1,Yes,No,20,Yes,Yes,DSL,Yes,No internet service,Yes,No internet service,No internet service,No,Two year,Yes,Mailed check,88.14,1763.47,No
Male,1,Yes,No,14,Yes,No phone service,No,No,No,No internet service,Yes,No,No,Month-to-month,No,Bank transfer (automatic),63.87,845.83,Yes
Female,0,Yes,No,4,Yes,No phone service,DSL,No,No,No internet service,No internet service,No internet service,No internet service,Month-to-month,Yes,Bank transfer (automatic),28.94,145.86,Yes
Male,0,Yes,Yes,16,Yes,Yes,DSL,Yes,No internet service,No,Yes,Yes,No internet service,Month-to-month,Yes,Electronic check,49.33,814.9,No
Female,0,No,No,71,Yes,No,Fiber optic,No,Yes,No internet service,No,Yes,Yes,Month-to-month,Yes,Bank transfer (automatic),74.82,5245.11,Yes
Female,0,Yes,Yes,18,Yes,No,Fiber optic,No,Yes,No,No internet service,No internet service,No,Two year,Yes,Electronic check,37.56,797.87,Yes
Female,0,No,Yes,4,Yes,Yes,DSL,No internet service,No,Yes,Yes,Yes,No,Month-to-month,Yes,Electronic check,41.89,181.18,Yes
Male,0,Yes,No,22,Yes,No phone service,DSL,Yes,No,No internet service,Yes,Yes,No internet service,Month-to-month,Yes,Mailed check,29.28,613.26,No
Male,0,No,Yes,13,Yes,Yes,Fiber optic,No internet service,Yes,No,No,No,No,Month-to-month,No,Mailed check,59.78,745.0,Yes
Male,0,Yes,No,9,Yes,No,No,No internet service,No,No,No,No,No,Month-to-month,Yes,Bank transfer (automatic),37.51,409.48,No
Male,1,Yes,No,30,Yes,No,No,Yes,Yes,Yes,No internet service,No,Yes,One year,Yes,Electronic check,61.66,1767.36,No
Female,0,Yes,Yes,12,Yes,No,No,No,No,No,No,No,No internet service,One year,Yes,Mailed check,81.41,989.68,No
Male,1,Yes,Yes,21,No,No,Fiber optic,Yes,Yes,No,No,Yes,Yes,Month-to-month,No,Credit card (automatic),77.0,1688.42,Yes
Male,0,No,No,36,No,No,DSL,No,Yes,No,No,No,Yes,One year,No,Bank transfer (automatic),110.63,3897.96,Yes
Female,0,Yes,No,38,Yes,No,DSL,No,Yes,No internet service,No,Yes,No internet service,One year,No,Bank transfer (automatic),75.88,2844.26,No
Male,0,No,No,9,Yes,No,DSL,No,Yes,No,No,No,No,One year,Yes,Credit card (automatic),59.09,531.24,No
Female,0,Yes,No,30,Yes,No phone service,DSL,Yes,No,Yes,No,No,Yes,Month-to-month,Yes,Credit card (automatic),110.62,3331.96,No
Female,0,No,No,42,Yes,No,Fiber optic,No,No,No,No,Yes,Yes,Month-to-month,Yes,Credit card (automatic),67.12,2857.06,Yes
Female,0,No,No,35,Yes,Yes,Fiber optic,No internet service,No,No internet service,No internet service,Yes,Yes,Month-to-month,Yes,Mailed check,54.68,1884.41,No
Female,0,Yes,Yes,34,Yes,No,DSL,No,No,Yes,Yes,Yes,Yes,One year,No,Credit card (automatic),51.12,1736.8,No
Female,0,Yes,No,67,Yes,No,Fiber optic,No,Yes,No,No,No internet service,Yes,Month-to-month,Yes,Bank transfer (automatic),109.9,7476.0,No
Female,0,Yes,No,54,Yes,No,DSL,Yes,No,Yes,Yes,No,No,Month-to-month,No,Mailed check,56.0,3048.59,Yes
Female,0,No,No,67,Yes,No,Fiber optic,No,No internet service,No,No,No,Yes,Month-to-month,No,Electronic check,60.97,4001.21,Yes
Female,0,Yes,No,46,No,No,Fiber optic,No,Yes,Yes,No,Yes,Yes,One year,Yes,Credit card (automatic),81.67,3725.3,No
Male,0,No,No,5,Yes,No,DSL,No,No internet service,No,No,Yes,No,One year,No,Bank transfer (automatic),50.61,144.96,No
Male,0,No,Yes,27,Yes,Yes,Fiber optic,Yes,Yes,No,No internet service,No,Yes,Month-to-month,Yes,Credit card (automatic),64.9,1766.41,Yes
Male,0,No,No,29,Yes,Yes,No,No,Yes,No,No internet service,No internet service,Yes,One year,Yes,Electronic check,47.41,1331.01,No
Male,1,No,No,26,Yes,No,Fiber optic,No,Yes,No internet service,Yes,Yes,No internet service,Month-to-month,Yes,Mailed check,63.62,1588.0,No
Female,0,No,No,68,Yes,No,Fiber optic,No,No,No internet service,Yes,No internet service,Yes,Month-to-month,Yes,Electronic check,64.98,4351.25,No
Male,0,Yes,Yes,38,Yes,Yes,Fiber optic,No,Yes,Yes,Yes,No internet service,Yes,Month-to-month,Yes,Mailed check,55.55,2199.18,Yes
Female,0,No,No,34,Yes,No,No,No internet service,No,Yes,No,No internet service,No,Month-to-month,Yes,Bank transfer (automatic),91.02,3116.98,Yes
Male,0,No,No,43,Yes,No,DSL,No internet service,No internet service,No,No internet service,Yes,No internet service,Two year,No,Bank transfer (automatic),89.55,3793.89,No
Male,0,Yes,No,14,No,Yes,No,No,No,No,Yes,No,Yes,One year,Yes,Bank transfer (automatic),120.0,1657.94,No
Male,0,No,Yes,31,Yes,No,Fiber optic,No internet service,No internet service,Yes,No,No internet service,No internet service,One year,No,Electronic check,18.0,580.18,No
Female,0,Yes,No,28,Yes,Yes,No,Yes,Yes,Yes,No,No,No internet service,Month-to-month,No,Credit card (automatic),42.63,1168.91,No
Male,0,No,Yes,62,Yes,Yes,No,Yes,No internet service,No,No,Yes,No,Month-to-month,No,Credit card (automatic),68.18,4249.71,Yes
Female,0,No,No,5,Yes,No,Fiber optic,Yes,No internet service,No,No,No internet service,Yes,Month-to-month,Yes,Electronic check,72.69,360.16,No
Female,0,Yes,No,26,Yes,Yes,DSL,No,Yes,No internet service,No internet service,No,Yes,One year,Yes,Credit card (automatic),105.84,2782.59,No
Male,0,No,Yes,27,Yes,No,Fiber optic,No,No,Yes,Yes,No internet service,Yes,Month-to-month,No,Electronic check,18.0,492.64,Yes
Male,1,Yes,No,4,Yes,No,No,No,Yes,No internet service,No,Yes,No,Month-to-month,No,Credit card (automatic),95.72,361.84,Yes
Male,0,Yes,No,40,Yes,No phone service,Fiber optic,No internet service,Yes,No,No,No,Yes,One year,Yes,Mailed check,43.85,1769.6,No
Female,0,Yes,No,55,Yes,No,No,No,No,Yes,No internet service,No,No internet service,Two year,No,Bank transfer (automatic),32.81,1765.82,No
Male,0,No,No,53,Yes,Yes,Fiber optic,No internet service,No,No internet service,Yes,No,No,Month-to-month,Yes,Credit card (automatic),70.33,3711.59,Yes
Female,0,Yes,No,17,Yes,No phone service,No,Yes,No,No internet service,No internet service,Yes,No internet service,Month-to-month,No,Electronic check,61.65,1054.48,No
Female,1,Yes,No,42,Yes,No,Fiber optic,No,No,Yes,Yes,No,Yes,Month-to-month,Yes,Mailed check,120.0,5026.01,No
Male,0,No,No,28,Yes,Yes,Fiber optic,No,Yes,Yes,No,No internet service,No,One year,Yes,Credit card (automatic),85.51,2440.91,No
Male,1,Yes,No,9,Yes,Yes,Fiber optic,Yes,No,No internet service,Yes,Yes,No internet service,Month-to-month,No,Credit card (automatic),87.7,846.36,No
Female,0,Yes,No,5,Yes,No phone service,DSL,No internet service,Yes,Yes,Yes,No,Yes,One year,Yes,Electronic check,56.18,215.9,No
Female,0,Yes,Yes,3,Yes,No,Fiber optic,No,Yes,No internet service,No,No internet service,No,One year,Yes,Mailed check,58.34,200.02,No
Female,0,Yes,No,33,Yes,No phone service,Fiber optic,Yes,Yes,Yes,No,No,No,Month-to-month,No,Bank transfer (automatic),23.19,796.07,Yes
Male,0,Yes,No,32,Yes,Yes,DSL,Yes,No,No,No,No,Yes,Month-to-month,Yes,Electronic check,77.22,2567.6,No
Female,1,Yes,No,3,Yes,No,Fiber optic,Yes,Yes,Yes,No internet service,No,Yes,Month-to-month,Yes,Credit card (automatic),21.36,173.33,Yes
Male,0,No,No,43,Yes,Yes,Fiber optic,No internet service,Yes,Yes,Yes,No,Yes,Month-to-month,No,Bank transfer (automatic),31.62,1368.69,Yes
Female,0,No,No,30,Yes,No,DSL,Yes,Yes,No,No,Yes,No,Month-to-month,No,Credit card (automatic),68.2,2048.07,Yes
Female,0,Yes,No,65,Yes,No,Fiber optic,No,No,No,Yes,No internet service,No,Month-to-month,Yes,Electronic check,47.29,3072.25,Yes
Male,0,Yes,No,57,Yes,Yes,Fiber optic,Yes,Yes,Yes,No,No,No,One year,No,Mailed check,40.43,2278.5,Yes
Female,0,Yes,No,59,Yes,Yes,No,No,Yes,No internet service,No,Yes,Yes,Month-to-month,Yes,Bank transfer (automatic),48.17,2866.2,No
Male,0,No,Yes,1,Yes,No,DSL,Yes,Yes,No internet service,Yes,No internet service,No,One year,Yes,Electronic check,80.74,15.42,No
Male,0,Yes,No,35,Yes,Yes,Fiber optic,No,No,No internet service,No,Yes,Yes,Month-to-month,No,Electronic check,83.14,2943.94,Yes
Female,0,Yes,No,69,Yes,No,DSL,No,No,No,Yes,No,Yes,One year,No,Bank transfer (automatic),28.66,1984.11,No
Male,1,No,No,59,Yes,Yes,DSL,No,Yes,No,No,Yes,Yes,Two year,Yes,Mailed check,79.84,4769.8,No
Male,0,Yes,No,22,Yes,No,Fiber optic,No,Yes,No internet service,No internet service,No,Yes,Two year,Yes,Credit card (automatic),90.23,1952.52,No
Female,0,Yes,Yes,46,Yes,Yes,DSL,No internet service,No,No internet service,No,Yes,No,Month-to-month,Yes,Bank transfer (automatic),120.0,5497.3,Yes
Male,0,No,Yes,45,No,No,DSL,No,No,Yes,No internet service,No,No,One year,Yes,Electronic check,79.73,3672.27,No
Male,0,No,No,43,Yes,No,Fiber optic,No internet service,No,No,Yes,No,Yes,Two year,No,Bank transfer (automatic),18.0,648.19,Yes
Male,0,Yes,No,18,Yes,Yes,Fiber optic,Yes,No,Yes,No internet service,No internet service,Yes,Month-to-month,No,Bank transfer (automatic),84.53,1609.95,Yes
Female,0,No,No,48,Yes,Yes,Fiber optic,Yes,No,Yes,No,No,Yes,One year,No,Mailed check,97.28,4582.81,No
Male,0,Yes,No,57,Yes,No phone service,No,No,No,Yes,No internet service,No,Yes,Two year,Yes,Mailed check,97.86,5646.27,No
Female,1,No,Yes,6,Yes,No,DSL,No internet service,No,No internet service,No,No,Yes,Month-to-month,Yes,Credit card (automatic),106.23,626.32,No
Female,0,No,Yes,40,Yes,Yes,Fiber optic,Yes,No internet service,Yes,No,No,No internet service,Month-to-month,Yes,Bank transfer (automatic),105.41,4198.89,No
Male,0,No,No,14,Yes,Yes,Fiber optic,Yes,No,No,No,No internet service,No internet service,One year,Yes,Mailed check,64.65,975.8,No
Male,0,No,No,52,Yes,Yes,No,No,No,No,No,Yes,No,Month-to-month,No,Mailed check,69.74,3658.8,Yes
Male,0,No,No,22,Yes,No,Fiber optic,No,No internet service,No,Yes,No internet service,Yes,Month-to-month,Yes,Electronic check,42.75,1046.77,Yes
Female,0,No,No,72,Yes,No,Fiber optic,No,No,Yes,No,Yes,Yes,Month-to-month,Yes,Mailed check,31.88,2452.13,No
Male,1,No,No,64,Yes,No,Fiber optic,No,No internet service,No,No,Yes,No internet service,Month-to-month,No,Bank transfer (automatic),37.42,2346.39,Yes
Male,1,Yes,Yes,59,Yes,No,Fiber optic,No,No internet service,Yes,No internet service,Yes,Yes,Month-to-month,No,Bank transfer (automatic),91.96,5445.58,No
Male,1,Yes,No,9,Yes,Yes,Fiber optic,No,No,No internet service,No internet service,No,No,Month-to-month,Yes,Electronic check,38.5,345.53,No
Male,1,No,No,57,Yes,Yes,Fiber optic,No internet service,No,Yes,Yes,Yes,Yes,Month-to-month,No,Electronic check,70.98,4046.56,Yes
Male,0,No,Yes,46,Yes,No,DSL,No internet service,No internet service,Yes,Yes,Yes,No,One year,Yes,Electronic check,79.87,3636.17,No
Female,0,Yes,No,14,Yes,No,DSL,Yes,No,Yes,No,Yes,No,Month-to-month,No,Bank transfer (automatic),82.47,1047.33,Yes
Female,0,No,No,8,Yes,No phone service,DSL,No,No,Yes,No,No internet service,Yes,Month-to-month,Yes,Bank transfer (automatic),106.97,846.99,No
Male,0,No,No,12,Yes,No,No,Yes,No internet service,No,Yes,No internet service,Yes,Month-to-month,Yes,Credit card (automatic),78.24,963.07,No
Male,0,No,No,22,Yes,Yes,No,No internet service,No,No,No,No internet service,No,Month-to-month,No,Mailed check,69.56,1498.05,No
Male,0,No,No,32,Yes,No,Fiber optic,No,No,Yes,Yes,No,No internet service,Month-to-month,Yes,Electronic check,112.63,3671.91,Yes
Male,0,Yes,Yes,8,Yes,Yes,DSL,No internet service,Yes,No,No,No internet service,Yes,Month-to-month,Yes,Mailed check,37.8,366.16,Yes
Female,0,Yes,Yes,2,Yes,No,DSL,Yes,No,No,Yes,Yes,Yes,One year,Yes,Mailed check,65.33,119.99,No
Male,0,Yes,Yes,72,Yes,No,Fiber optic,Yes,No internet service,No,No internet service,Yes,No internet service,Month-to-month,Yes,Credit card (automatic),57.8,4133.99,Yes
Female,0,Yes,No,24,Yes,No,Fiber optic,No internet service,No,No,Yes,Yes,No internet service,Month-to-month,No,Bank transfer (automatic),78.21,1960.38,Yes
Female,0,No,Yes,70,Yes,Yes,DSL,No internet service,No internet service,Yes,No,No,No internet service,One year,Yes,Mailed check,77.3,5432.21,No
Male,0,No,No,35,No,No,No,No,Yes,Yes,No,Yes,Yes,Month-to-month,Yes,Electronic check,24.09,797.37,No
Female,0,No,Yes,19,Yes,Yes,Fiber optic,Yes,Yes,No,Yes,Yes,No internet service,One year,No,Electronic check,21.59,412.27,No
Female,0,No,No,53,Yes,Yes,DSL,Yes,No,No internet service,Yes,Yes,No,Two year,Yes,Bank transfer (automatic),36.16,1966.7,No
Female,0,Yes,Yes,18,Yes,Yes,DSL,No,Yes,Yes,Yes,No internet service,No,Month-to-month,Yes,Bank transfer (automatic),64.86,1226.25,Yes
Female,0,Yes,No,59,Yes,No,Fiber optic,No,Yes,No,Yes,No internet service,No,Two year,Yes,Bank transfer (automatic),27.96,1659.67,No
Male,0,Yes,Yes,36,Yes,No,DSL,No internet service,Yes,Yes,Yes,No internet service,Yes,Two year,Yes,Electronic check,18.0,651.16,No
Male,0,Yes,No,2,Yes,Yes,Fiber optic,Yes,No,Yes,No,Yes,Yes,Month-to-month,Yes,Bank transfer (automatic),37.25,107.8,Yes
Female,0,No,No,18,Yes,No,Fiber optic,No,No internet service,No internet service,No,Yes,Yes,Two year,No,Credit card (automatic),52.31,916.07,No
Male,0,Yes,No,52,Yes,Yes,No,No,Yes,No internet service,Yes,No,No,One year,No,Credit card (automatic),39.41,2159.79,No
Male,0,Yes,Yes,45,No,Yes,Fiber optic,Yes,Yes,Yes,Yes,Yes,Yes,Two year,No,Electronic check,79.16,3535.57,No
Male,0,Yes,Yes,55,Yes,No,Fiber optic,No,No internet service,No internet service,No,No,Yes,One year,No,Credit card (automatic),80.48,4421.19,No
Male,0,No,No,69,Yes,Yes,No,No,No internet service,Yes,No,No internet service,No,One year,No,Mailed check,110.23,7589.73,Yes
Male,0,Yes,No,30,Yes,Yes,DSL,No,No internet service,No internet service,Yes,Yes,No,Month-to-month,No,Bank transfer (automatic),77.31,2366.46,No
Female,0,No,No,52,Yes,Yes,Fiber optic,No,Yes,No internet service,Yes,No,Yes,Month-to-month,No,Credit card (automatic),36.9,2059.38,No
Male,0,Yes,No,33,Yes,Yes,DSL,No internet service,No,Yes,Yes,Yes,No,Month-to-month,No,Bank transfer (automatic),71.93,2443.59,No
Male,0,No,No,30,Yes,No,Fiber optic,No,Yes,Yes,No internet service,No internet service,No internet service,Month-to-month,No,Credit card (automatic),64.02,1899.98,Yes
Male,0,Yes,No,59,No,No,Fiber optic,Yes,No,No internet service,Yes,Yes,No,Two year,Yes,Bank transfer (automatic),88.06,5218.59,No
Male,0,No,No,10,Yes,No,Fiber optic,Yes,No,Yes,Yes,No,No internet service,Month-to-month,Yes,Electronic check,81.15,841.55,No
Female,0,No,No,5,Yes,Yes,DSL,No internet service,No,No,No,Yes,Yes,One year,Yes,Mailed check,74.99,373.3,Yes
Female,0,No,Yes,26,Yes,No phone service,Fiber optic,No,No,Yes,No internet service,No internet service,Yes,Month-to-month,No,Bank transfer (automatic),102.66,2631.23,No
Female,0,No,No,6,Yes,No,No,No,No internet service,No,No,Yes,No,Month-to-month,No,Mailed check,106.75,719.22,Yes
Female,0,Yes,Yes,48,Yes,No,No,No internet service,Yes,Yes,Yes,No,No internet service,Month-to-month,No,Bank transfer (automatic),40.7,2012.96,No
Male,0,Yes,No,71,Yes,No phone service,DSL,No,Yes,No,Yes,No,Yes,Month-to-month,Yes,Electronic check,31.36,2315.69,No
Female,0,Yes,No,59,Yes,No,DSL,Yes,No internet service,No internet service,No internet service,No,Yes,Two year,Yes,Mailed check,20.48,1297.97,No
Male,0,No,No,32,Yes,Yes,DSL,Yes,No,No internet service,No internet service,Yes,No,Month-to-month,Yes,Credit card (automatic),82.05,2742.65,No
Male,0,Yes,No,46,Yes,No,DSL,No internet service,Yes,No,No internet service,No internet service,No,Month-to-month,No,Mailed check,32.65,1532.99,Yes
Male,1,Yes,No,43,Yes,Yes,Fiber optic,No,Yes,Yes,No,Yes,No internet service,Month-to-month,No,Bank transfer (automatic),50.75,2200.01,No
Male,0,No,No,26,Yes,Yes,Fiber optic,No,Yes,No internet service,No,No,No,Month-to-month,No,Mailed check,84.99,2227.78,No
Male,0,No,No,21,Yes,Yes,DSL,No internet service,No,Yes,Yes,No internet service,No,Month-to-month,Yes,Electronic check,104.14,2183.56,Yes
Female,0,Yes,Yes,46,Yes,No,DSL,No,Yes,No,No,No,No,Month-to-month,Yes,Mailed check,51.33,2444.71,No
Female,0,No,Yes,47,No,Yes,Fiber optic,No,No internet service,No,No,Yes,No internet service,Month-to-month,Yes,Mailed check,115.24,5370.44,Yes
Female,0,No,No,29,Yes,No,Fiber optic,No,No,No,No,No,Yes,Month-to-month,Yes,Mailed check,56.56,1686.15,No
Female,0,Yes,Yes,1,Yes,Yes,Fiber optic,No,No internet service,No internet service,Yes,Yes,Yes,Month-to-month,No,Credit card (automatic),115.12,72.51,Yes
Male,0,Yes,No,14,Yes,No,DSL,No,Yes,Yes,No internet service,No,Yes,Two year,Yes,Mailed check,31.82,368.5,No
Female,1,No,No,46,Yes,Yes,Fiber optic,Yes,Yes,Yes,No,No,No,Month-to-month,Yes,Bank transfer (automatic),66.83,3001.24,Yes
Male,0,No,No,26,Yes,No,No,No internet service,No internet service,No internet service,No internet service,No,No,Month-to-month,Yes,Bank transfer (automatic),55.28,1492.91,Yes
Female,0,Yes,No,70,Yes,No,Fiber optic,No internet service,Yes,No,No,No internet service,Yes,One year,Yes,Mailed check,88.44,6106.72,Yes
Male,1,Yes,No,26,Yes,Yes,Fiber optic,No,Yes,No,Yes,No internet service,Yes,One year,Yes,Mailed check,49.76,1257.84,No
Male,0,No,No,12,Yes,No,Fiber optic,No,No,Yes,No,No internet service,No,One year,No,Credit card (automatic),85.99,1002.58,No
Female,1,No,No,54,Yes,Yes,DSL,No,No,No,No internet service,No internet service,No internet service,Two year,Yes,Electronic check,80.83,4280.94,No
Male,0,No,Yes,16,Yes,No,Fiber optic,No internet service,Yes,No,Yes,No,Yes,Month-to-month,No,Bank transfer (automatic),111.66,1722.62,Yes
Male,0,Yes,No,58,No,No,No,No,No,Yes,No,No,No,Month-to-month,Yes,Credit card (automatic),27.26,1594.06,No
Female,0,Yes,No,9,Yes,Yes,Fiber optic,No,Yes,Yes,No internet service,Yes,Yes,Month-to-month,No,Bank transfer (automatic),80.22,730.95,Yes
Male,0,No,No,32,Yes,No,Fiber optic,No,Yes,Yes,No,No,No,Two year,Yes,Bank transfer (automatic),113.1,3643.83,Yes
Female,1,Yes,No,36,No,Yes,Fiber optic,Yes,No internet service,No internet service,Yes,No,Yes,Month-to-month,No,Mailed check,85.34,3148.23,Yes
Female,0,No,No,7,Yes,No,Fiber optic,Yes,Yes,Yes,No,No,Yes,One year,Yes,Bank transfer (automatic),103.51,648.56,No
Female,0,No,No,32,Yes,No,No,No,No internet service,No internet service,No,Yes,No,One year,Yes,Electronic check,32.34,1154.11,No
Male,0,Yes,No,6,Yes,No,DSL,No,No,No,No,No internet service,Yes,Month-to-month,Yes,Electronic check,19.79,85.05,Yes
Male,0,No,No,33,Yes,No,No,No,Yes,No,No,Yes,No internet service,Month-to-month,No,Electronic check,86.56,2853.04,Yes
Male,0,Yes,Yes,70,Yes,No,Fiber optic,Yes,No,Yes,No internet service,No,No internet service,Month-to-month,Yes,Credit card (automatic),86.97,6064.17,No
Female,0,No,No,6,No,No,DSL,Yes,No,Yes,Yes,No internet service,No,Month-to-month,No,Electronic check,27.63,146.82,Yes
Male,0,Yes,No,40,Yes,No,Fiber optic,Yes,No,Yes,Yes,Yes,No,Month-to-month,No,Electronic check,57.43,2205.85,No
Female,0,Yes,Yes,54,Yes,No,Fiber optic,Yes,Yes,Yes,Yes,No,Yes,Month-to-month,Yes,Bank transfer (automatic),54.48,2928.64,Yes
Female,0,No,No,6,Yes,No,DSL,No internet service,Yes,Yes,No,Yes,Yes,One year,Yes,Credit card (automatic),64.19,400.9,No
Male,0,No,Yes,17,Yes,No phone service,Fiber optic,No,No,Yes,Yes,No,Yes,Two year,Yes,Mailed check,55.99,947.76,No
Female,0,Yes,No,42,Yes,No phone service,DSL,Yes,No internet service,No,No,No,Yes,One year,Yes,Credit card (automatic),65.67,2731.14,No
Male,0,No,No,39,Yes,Yes,Fiber optic,No,No internet service,Yes,No internet service,No internet service,No,One year,Yes,Credit card (automatic),108.84,4264.57,No
Male,0,Yes,No,52,No,Yes,Fiber optic,No,Yes,No,Yes,No internet service,No,Month-to-month,No,Mailed check,87.9,4558.28,No
Male,0,Yes,No,13,No,No,Fiber optic,No internet service,Yes,Yes,No,Yes,No,Month-to-month,No,Mailed check,48.83,701.74,No
Male,0,Yes,Yes,20,Yes,No phone service,No,Yes,No internet service,Yes,No,No internet service,No,Month-to-month,No,Mailed check,120.0,2421.25,Yes
Male,0,Yes,Yes,56,Yes,Yes,No,Yes,Yes,No internet service,Yes,Yes,Yes,Month-to-month,Yes,Bank transfer (automatic),59.26,3347.56,No
Female,0,Yes,No,45,Yes,No,No,No,Yes,No,Yes,Yes,No internet service,One year,No,Bank transfer (automatic),67.06,3107.87,No
Female,0,Yes,No,25,Yes,No,Fiber optic,No internet service,No internet service,Yes,No internet service,No internet service,No,Two year,Yes,Bank transfer (automatic),64.25,1613.89,No
Female,0,Yes,No,23,Yes,No phone service,Fiber optic,Yes,No,No internet service,No internet service,Yes,No,Month-to-month,Yes,Electronic check,56.44,1301.28,Yes
Male,0,Yes,No,4,Yes,No,Fiber optic,Yes,Yes,No,No internet service,Yes,Yes,Month-to-month,No,Mailed check,61.09,280.34,Yes
Male,0,Yes,No,41,Yes,Yes,Fiber optic,Yes,Yes,No,No,Yes,Yes,Month-to-month,No,Bank transfer (automatic),18.0,749.06,No
Male,0,No,No,42,Yes,Yes,DSL,No,Yes,No,No,No internet service,Yes,Month-to-month,Yes,Bank transfer (automatic),48.33,1973.02,No
Female,1,Yes,No,31,Yes,No phone service,Fiber optic,No,Yes,Yes,No internet service,Yes,No,One year,No,Credit card (automatic),120.0,3716.9,No
Male,0,No,Yes,5,Yes,No phone service,Fiber optic,No internet service,No,No,No,No internet service,Yes,One year,Yes,Bank transfer (automatic),73.23,335.75,No
Female,0,No,No,66,Yes,No,Fiber optic,No internet service,Yes,Yes,No internet service,Yes,Yes,One year,No,Mailed check,59.43,3954.23,No
Female,1,No,No,6,Yes,No phone service,DSL,No,Yes,Yes,No,No,No,One year,Yes,Mailed check,94.32,505.3,Yes
Male,0,No,Yes,28,Yes,Yes,DSL,No internet service,No internet service,No internet service,No,No internet service,No,Month-to-month,Yes,Electronic check,50.59,1434.71,No
Male,0,No,No,33,Yes,No,DSL,Yes,No internet service,No,No,Yes,Yes,Two year,No,Electronic check,83.75,2638.89,No
Female,0,Yes,No,6,Yes,Yes,No,No,No internet service,No internet service,No internet service,No internet service,No internet service,One year,No,Credit card (automatic),108.23,644.35,Yes
Male,0,No,No,57,Yes,No,DSL,No internet service,No,Yes,No internet service,Yes,Yes,Month-to-month,Yes,Electronic check,71.62,4130.93,Yes
Female,1,No,No,30,Yes,Yes,No,No,No,Yes,Yes,No,No,Month-to-month,No,Mailed check,18.0,521.52,No
Male,1,No,Yes,72,Yes,Yes,No,Yes,Yes,Yes,Yes,Yes,No internet service,Two year,No,Electronic check,50.8,3705.93,No
Male,0,No,No,44,Yes,No,No,Yes,Yes,No internet service,No,No,No,Month-to-month,No,Electronic check,79.69,3506.06,No
Female,0,Yes,Yes,46,Yes,No,Fiber optic,No,Yes,No,No,No,Yes,Month-to-month,No,Bank transfer (automatic),79.78,3742.44,Yes
Male,1,No,No,71,Yes,No phone service,No,No internet service,No internet service,Yes,No internet service,No internet service,No,Month-to-month,No,Mailed check,86.21,6250.86,No
Female,0,No,No,72,Yes,No,DSL,No,No,No,Yes,No,Yes,Two year,No,Credit card (automatic),18.0,1387.14,No
Male,0,Yes,No,72,Yes,Yes,DSL,Yes,No internet service,No internet service,No internet service,No internet service,Yes,Month-to-month,Yes,Electronic check,76.46,5499.89,No
Female,1,Yes,Yes,39,Yes,No,No,No,Yes,No,No,Yes,Yes,One year,No,Electronic check,56.03,2186.86,No
Female,0,No,No,29,Yes,No phone service,DSL,No internet service,No,Yes,No internet service,Yes,Yes,Two year,Yes,Credit card (automatic),58.32,1645.51,No
Male,0,No,No,61,Yes,No,DSL,No,No,Yes,No internet service,No,Yes,Two year,Yes,Credit card (automatic),43.49,2711.67,No
Female,0,No,No,70,Yes,No,DSL,Yes,Yes,Yes,No internet service,Yes,No internet service,Two year,Yes,Mailed check,91.57,6481.76,No
Male,1,No,No,16,Yes,Yes,Fiber optic,No internet service,No,No,No,No,Yes,Month-to-month,Yes,Credit card (automatic),75.49,1178.3,No
Male,0,Yes,Yes,4,Yes,Yes,Fiber optic,No internet service,Yes,Yes,No internet service,Yes,Yes,Month-to-month,Yes,Electronic check,83.1,353.05,Yes
Male,0,Yes,No,0,No,No phone service,DSL,No,Yes,No internet service,No internet service,Yes,Yes,Month-to-month,No,Mailed check,94.65,0.0,No
Female,0,Yes,No,30,Yes,Yes,Fiber optic,No,No,No,No,No internet service,No,Month-to-month,Yes,Mailed check,38.51,1062.8,No
Female,0,Yes,No,34,Yes,No,Fiber optic,No,No,Yes,No,No,No,Two year,Yes,Credit card (automatic),92.66,3231.42,No
Male,0,Yes,No,71,Yes,Yes,No,No internet service,No internet service,No,No internet service,Yes,No internet service,Two year,Yes,Mailed check,93.83,6588.34,No
Male,0,Yes,No,29,Yes,No,DSL,No internet service,Yes,No,Yes,Yes,No,Month-to-month,Yes,Electronic check,57.23,1725.76,No
Female,0,No,No,14,No,Yes,DSL,No internet service,Yes,Yes,No internet service,Yes,Yes,Month-to-month,Yes,Electronic check,93.9,1294.32,Yes
Male,0,No,No,55,Yes,No,Fiber optic,Yes,Yes,No,No,No,No,Month-to-month,Yes,Electronic check,59.97,3286.72,Yes
Male,1,Yes,Yes,59,Yes,No phone service,No,No internet service,No internet service,Yes,No,Yes,Yes,Month-to-month,No,Mailed check,18.0,1086.84,No
Female,0,Yes,Yes,26,Yes,Yes,DSL,No,No internet service,Yes,No,No internet service,No,Month-to-month,Yes,Credit card (automatic),74.43,1940.07,Yes
Male,1,Yes,No,1,Yes,No,DSL,No internet service,No,Yes,No,No,Yes,One year,Yes,Electronic check,37.53,69.16,No
Female,0,No,Yes,63,Yes,Yes,DSL,No,No internet service,No,Yes,No internet service,No internet service,One year,Yes,Bank transfer (automatic),63.12,3917.15,No
Male,0,Yes,No,4,Yes,No,Fiber optic,No internet service,Yes,Yes,No,No internet service,No,Two year,Yes,Credit card (automatic),108.37,430.99,Yes
Female,0,Yes,No,67,Yes,Yes,Fiber optic,Yes,Yes,Yes,No internet service,Yes,No,Month-to-month,Yes,Mailed check,60.63,4070.19,Yes
Male,0,No,No,12,Yes,No,Fiber optic,No,No internet service,No,No internet service,No,Yes,Month-to-month,Yes,Electronic check,109.2,1303.72,Yes
Male,1,No,No,22,Yes,Yes,Fiber optic,Yes,No internet service,Yes,No,No,Yes,Two year,Yes,Mailed check,50.4,1088.94,No
Female,0,Yes,No,49,Yes,Yes,Fiber optic,Yes,Yes,Yes,No,No,Yes,Month-to-month,No,Electronic check,78.24,3893.35,No
Male,0,Yes,Yes,72,Yes,No,DSL,No,Yes,Yes,No,Yes,No,Month-to-month,Yes,Mailed check,73.23,5286.59,No
Female,0,Yes,No,36,Yes,No phone service,Fiber optic,No,No internet service,Yes,Yes,No internet service,No,Month-to-month,No,Bank transfer (automatic),59.47,2111.56,No
Male,0,No,Yes,29,Yes,Yes,Fiber optic,No,Yes,No,No internet service,No internet service,Yes,Two year,Yes,Mailed check,59.34,1682.12,No
Female,0,No,No,22,Yes,No,DSL,Yes,No internet service,Yes,No internet service,Yes,No,One year,No,Mailed check,33.82,637.0,No
Female,0,Yes,No,33,Yes,No,Fiber optic,Yes,No,No,Yes,Yes,Yes,Two year,Yes,Mailed check,79.94,2623.31,No
Female,0,No,No,63,Yes,Yes,Fiber optic,Yes,No,No,No,No,Yes,Month-to-month,No,Electronic check,96.18,6061.17,No
Female,0,Yes,No,54,Yes,No,Fiber optic,No,No,No,Yes,No internet service,No,One year,Yes,Credit card (automatic),18.0,886.17,No
Male,0,Yes,No,70,Yes,No,DSL,No,No,No internet service,Yes,No,No,One year,No,Mailed check,89.72,6297.75,No
Male,0,Yes,No,8,No,No,Fiber optic,No,Yes,No internet service,Yes,Yes,Yes,Month-to-month,No,Credit card (automatic),31.36,214.89,No
Female,0,No,No,3,Yes,Yes,DSL,No internet service,Yes,No,Yes,Yes,No,Two year,Yes,Electronic check,94.52,234.11,No
Female,0,Yes,No,65,Yes,No,DSL,Yes,No,Yes,No,No,Yes,One year,No,Mailed check,33.69,2152.15,No
Female,0,Yes,No,32,Yes,Yes,No,Yes,No,No,No internet service,No,Yes,Two year,Yes,Electronic check,69.45,2202.88,No
Male,0,Yes,No,31,Yes,Yes,Fiber optic,No,No,Yes,Yes,No,No,Two year,No,Credit card (automatic),18.0,464.18,No
Male,0,Yes,Yes,43,Yes,No,Fiber optic,No internet service,Yes,Yes,No internet service,No,No,Month-to-month,No,Electronic check,41.71,1810.36,No
Male,0,No,Yes,36,Yes,Yes,No,Yes,No,No,Yes,Yes,No internet service,Month-to-month,Yes,Electronic check,100.58,3655.7,Yes
Male,1,Yes,Yes,66,Yes,Yes,Fiber optic,No internet service,Yes,Yes,Yes,No,Yes,Month-to-month,Yes,Credit card (automatic),81.59,5411.3,No
Female,0,Yes,Yes,59,Yes,No,Fiber optic,No,Yes,No,No,No,No internet service,One year,Yes,Electronic check,80.0,4670.74,No
Female,0,No,No,58,No,No,DSL,No internet service,No internet service,Yes,No,Yes,No,One year,No,Credit card (automatic),63.24,3644.99,No
Female,1,No,No,35,Yes,Yes,DSL,No internet service,No,No,No,No internet service,Yes,One year,No,Credit card (automatic),69.5,2388.65,No
Male,1,No,No,48,Yes,No,Fiber optic,Yes,No,No,No,Yes,Yes,Month-to-month,No,Mailed check,108.97,5339.14,No
Male,0,No,No,50,Yes,No,No,No,No,No,No,Yes,Yes,One year,Yes,Mailed check,60.15,2978.11,No
Male,1,Yes,No,7,Yes,No phone service,Fiber optic,No internet service,No,Yes,No,No,No,Month-to-month,No,Electronic check,64.47,575.08,Yes
Female,0,No,No,49,No,Yes,DSL,No internet service,No internet service,Yes,Yes,Yes,Yes,Month-to-month,No,Electronic check,97.21,4718.95,Yes
Female,0,No,No,40,Yes,No,Fiber optic,No,No,No,Yes,Yes,Yes,Two year,Yes,Electronic check,62.94,2525.31,No
Male,0,Yes,No,37,Yes,Yes,DSL,No internet service,Yes,No,Yes,No,No,Month-to-month,Yes,Bank transfer (automatic),51.96,1925.57,No
Female,0,No,No,54,Yes,No,No,No,Yes,Yes,Yes,Yes,No,Month-to-month,Yes,Bank transfer (automatic),56.27,3039.32,No
Male,0,Yes,No,67,Yes,No,Fiber optic,No,Yes,Yes,No internet service,Yes,No,Month-to-month,No,Mailed check,58.74,3981.25,No
Male,0,No,No,17,No,Yes,No,Yes,Yes,No internet service,Yes,No,Yes,Month-to-month,Yes,Credit card (automatic),31.4,513.45,No
Female,0,No,No,64,Yes,No,DSL,No,No,No internet service,No,No,Yes,Month-to-month,No,Bank transfer (automatic),18.0,1232.63,Yes
Male,0,No,Yes,63,Yes,No,DSL,No,Yes,No,No internet service,No internet service,Yes,One year,No,Bank transfer (automatic),62.99,3935.35,No
Female,1,No,No,11,Yes,No,Fiber optic,No,Yes,No,No internet service,Yes,Yes,One year,Yes,Credit card (automatic),74.87,783.25,No
Male,0,No,No,40,Yes,No,No,No internet service,Yes,No,Yes,No internet service,Yes,Month-to-month,Yes,Electronic check,89.47,3529.71,Yes
Female,1,Yes,No,41,Yes,No,Fiber optic,No internet service,No internet service,No,No internet service,Yes,No,Month-to-month,Yes,Electronic check,32.86,1299.76,No
Female,1,Yes,No,59,Yes,No,No,No,Yes,Yes,No internet service,No,No internet service,Month-to-month,Yes,Bank transfer (automatic),108.54,6447.59,Yes
Female,0,Yes,No,49,No,No,DSL,No,No,No,No,Yes,No internet service,One year,Yes,Bank transfer (automatic),18.0,893.62,Yes
Male,0,Yes,No,35,Yes,No phone service,Fiber optic,No,Yes,Yes,No,No internet service,Yes,Month-to-month,No,Credit card (automatic),86.87,3077.54,No
Male,0,No,No,47,Yes,No,Fiber optic,No internet service,Yes,Yes,No,Yes,No internet service,Month-to-month,No,Credit card (automatic),65.02,2972.96,Yes
Female,1,Yes,No,70,Yes,Yes,Fiber optic,Yes,No internet service,Yes,No internet service,No,Yes,Month-to-month,No,Bank transfer (automatic),59.17,4179.59,No
Female,0,Yes,No,72,Yes,No,Fiber optic,No,Yes,No,No,Yes,Yes,Month-to-month,Yes,Credit card (automatic),32.11,2408.59,No
Male,0,No,No,7,Yes,Yes,Fiber optic,No internet service,No,No,No,No,No,One year,Yes,Electronic check,58.77,409.58,No
Male,0,No,Yes,24,No,Yes,Fiber optic,No,No,No,No internet service,Yes,No,Month-to-month,No,Mailed check,55.07,1276.08,Yes
Male,0,Yes,No,6,Yes,No,DSL,No,No,No,Yes,No,No,Month-to-month,Yes,Bank transfer (automatic),95.51,540.94,Yes
Female,0,Yes,Yes,7,Yes,No phone service,DSL,No,No,Yes,No,No internet service,Yes,Month-to-month,Yes,Mailed check,43.26,255.51,Yes
Male,0,Yes,No,30,Yes,No,Fiber optic,No,No,No,No,No internet service,Yes,Two year,No,Credit card (automatic),45.91,1329.47,No
Male,0,No,No,11,Yes,Yes,Fiber optic,No internet service,No,No internet service,No,Yes,No internet service,One year,No,Mailed check,76.5,918.61,Yes
Female,0,Yes,Yes,56,Yes,No,Fiber optic,No internet service,No internet service,No,No,No,No internet service,Month-to-month,Yes,Bank transfer (automatic),53.84,3141.58,Yes
Male,1,No,No,65,No,No phone service,Fiber optic,No,No,No internet service,Yes,No,Yes,Month-to-month,Yes,Credit card (automatic),34.12,2204.11,No
Male,0,Yes,No,11,Yes,No phone service,DSL,Yes,No,No,Yes,No internet service,No,Two year,No,Mailed check,18.0,193.6,No
Male,1,Yes,Yes,26,Yes,No phone service,Fiber optic,No,No,No,Yes,No internet service,Yes,Month-to-month,Yes,Electronic check,115.96,3001.48,No
Female,0,No,Yes,45,Yes,No,DSL,Yes,No,Yes,No internet service,No internet service,No,Two year,Yes,Bank transfer (automatic),70.25,3081.5,No
Female,0,Yes,No,6,Yes,No,Fiber optic,Yes,No,Yes,No,No internet service,Yes,Month-to-month,No,Bank transfer (automatic),110.63,639.3,Yes
Female,0,Yes,No,60,Yes,No,No,No internet service,No,No,Yes,No,No,Month-to-month,Yes,Bank transfer (automatic),70.93,4249.34,No
Female,0,Yes,No,57,Yes,Yes,No,No,Yes,Yes,No,Yes,Yes,One year,No,Bank transfer (automatic),92.64,5162.69,No
Female,1,No,No,57,Yes,Yes,No,Yes,No internet service,Yes,No,No internet service,No,One year,Yes,Credit card (automatic),115.86,6522.23,No
Female,0,No,No,12,Yes,No,DSL,No internet service,No,No,Yes,No,Yes,Two year,No,Electronic check,94.0,1162.52,No
Female,1,Yes,No,52,Yes,Yes,DSL,No internet service,Yes,Yes,No internet service,Yes,Yes,Two year,No,Electronic check,112.18,5872.11,No
Male,0,Yes,No,64,Yes,Yes,Fiber optic,No internet service,Yes,No,No,No,Yes,Month-to-month,Yes,Mailed check,108.26,6949.92,Yes
Male,0,Yes,No,48,Yes,Yes,Fiber optic,No internet service,No internet service,No,No,No,No internet service,One year,Yes,Bank transfer (automatic),37.89,1798.33,No
Female,0,No,No,34,Yes,Yes,DSL,Yes,No,No,No,No,No internet service,Two year,No,Bank transfer (automatic),60.79,2031.22,No
Male,0,No,No,16,No,Yes,Fiber optic,No,Yes,No,No,No,No,Month-to-month,Yes,Mailed check,102.7,1605.25,No
Male,0,No,No,71,No,Yes,Fiber optic,Yes,No,No internet service,No,No,Yes,Month-to-month,Yes,Credit card (automatic),45.09,3186.6,No
Female,1,No,No,66,Yes,Yes,No,No,No,Yes,No,Yes,Yes,Month-to-month,Yes,Electronic check,64.46,4189.83,Yes
Male,0,Yes,No,9,Yes,No,No,Yes,Yes,No,No internet service,Yes,No,Month-to-month,Yes,Bank transfer (automatic),62.88,590.75,No
Male,0,Yes,Yes,33,Yes,Yes,DSL,No internet service,No,No,No,No internet service,Yes,Two year,Yes,Mailed check,62.62,2110.44,Yes
Male,0,Yes,No,3,Yes,Yes,DSL,No internet service,No,Yes,Yes,Yes,No,Month-to-month,Yes,Electronic check,74.34,286.35,No
Male,0,Yes,No,28,Yes,No,Fiber optic,No,No,No,No,No,No,Month-to-month,Yes,Mailed check,63.43,1851.27,Yes
Male,1,Yes,No,45,Yes,No,DSL,No,No,No,No,Yes,Yes,Two year,No,Mailed check,46.04,1927.58,No
Female,0,No,No,45,Yes,Yes,DSL,No internet service,No,Yes,No,Yes,No,Month-to-month,Yes,Credit card (automatic),77.22,3539.25,No
Female,0,No,No,58,Yes,Yes,No,No,Yes,Yes,Yes,Yes,No internet service,One year,No,Electronic check,60.6,3530.37,No
Female,0,No,No,60,No,Yes,No,No,Yes,No internet service,Yes,Yes,Yes,Two year,Yes,Bank transfer (automatic),101.38,6033.36,No
Male,0,Yes,No,67,Yes,No phone service,Fiber optic,Yes,No,Yes,Yes,No internet service,No internet service,Month-to-month,Yes,Electronic check,59.82,3974.82,No
Female,0,No,Yes,65,Yes,No,No,No internet service,No internet service,Yes,No,No internet service,No,Month-to-month,Yes,Credit card (automatic),82.25,5326.18,Yes
Male,0,No,No,33,Yes,Yes,DSL,No internet service,No,No,No,Yes,Yes,Month-to-month,Yes,Bank transfer (automatic),57.38,1838.97,No
Male,0,No,No,4,No,No,Fiber optic,No,Yes,No internet service,No,No internet service,No,One year,No,Electronic check,18.0,55.45,No
Male,0,Yes,No,8,No,Yes,Fiber optic,No,Yes,Yes,Yes,Yes,No internet service,Month-to-month,No,Credit card (automatic),81.93,636.11,Yes
Male,0,Yes,No,19,Yes,Yes,No,No,No internet service,No internet service,No internet service,Yes,No internet service,Month-to-month,Yes,Bank transfer (automatic),116.36,2132.33,No
Female,0,Yes,No,20,Yes,No,DSL,Yes,No,No,No internet service,No,No,Month-to-month,No,Bank transfer (automatic),68.65,1387.2,Yes
Female,0,Yes,Yes,16,Yes,No,Fiber optic,Yes,No,No,No,No,No,One year,Yes,Mailed check,82.9,1388.04,No
Male,0,No,No,11,Yes,No,No,Yes,No,No internet service,No,No,Yes,Month-to-month,No,Mailed check,69.16,748.32,Yes
Female,0,Yes,Yes,66,Yes,Yes,Fiber optic,No,Yes,No internet service,No internet service,Yes,No,One year,No,Credit card (automatic),63.91,4225.49,No
Male,0,Yes,No,4,Yes,No,Fiber optic,Yes,Yes,Yes,No,No internet service,No,One year,Yes,Bank transfer (automatic),109.17,412.36,Yes
Female,0,No,No,59,Yes,Yes,No,No,No internet service,Yes,No,No internet service,Yes,One year,Yes,Electronic check,86.83,5151.22,No
Female,0,No,No,52,Yes,Yes,DSL,No,Yes,Yes,No internet service,No internet service,Yes,Two year,No,Bank transfer (automatic),56.62,2990.07,No
Male,0,Yes,No,51,Yes,No,DSL,No internet service,No internet service,No,No,Yes,Yes,Month-to-month,Yes,Credit card (automatic),38.75,1959.43,Yes
Female,1,No,No,47,Yes,No phone service,DSL,No,No,Yes,Yes,No,No internet service,Month-to-month,No,Electronic check,120.0,5623.78,Yes
Male,0,Yes,Yes,18,Yes,Yes,Fiber optic,No,No,No,No internet service,No,No,One year,No,Bank transfer (automatic),69.75,1295.79,No
Female,0,Yes,No,16,Yes,No,No,No internet service,No,No,No internet service,No internet service,Yes,Month-to-month,No,Electronic check,91.47,1455.25,Yes
Male,0,Yes,Yes,53,Yes,No,Fiber optic,No internet service,No internet service,No internet service,No internet service,No internet service,Yes,One year,Yes,Mailed check,30.86,1535.92,No
Male,1,No,Yes,67,Yes,No,Fiber optic,Yes,Yes,Yes,No internet service,No,Yes,Two year,Yes,Electronic check,18.0,1194.92,Yes
Female,0,No,Yes,34,Yes,Yes,No,No,No,No,No,Yes,Yes,Two year,Yes,Mailed check,36.47,1238.36,No
Female,1,Yes,No,40,Yes,No,Fiber optic,No,Yes,Yes,No internet service,No internet service,No,One year,Yes,Electronic check,82.98,3284.93,Yes
Male,0,No,No,12,Yes,No,No,No,No,No,No internet service,Yes,Yes,Two year,Yes,Mailed check,46.41,554.19,No
Female,0,Yes,No,32,Yes,Yes,No,No internet service,No internet service,Yes,No,Yes,No internet service,Month-to-month,No,Credit card (automatic),30.01,1014.11,Yes
Female,0,No,No,14,Yes,No,Fiber optic,Yes,Yes,No,No,No internet service,No,Month-to-month,Yes,Electronic check,64.56,869.3,Yes
Male,0,Yes,Yes,62,Yes,No,DSL,Yes,No,No internet service,No,Yes,No,Month-to-month,No,Bank transfer (automatic),62.43,3840.58,No
Male,1,Yes,No,14,No,No,DSL,Yes,No,No internet service,Yes,Yes,No,Month-to-month,No,Credit card (automatic),92.56,1307.89,Yes
Female,0,No,Yes,30,No,No,Fiber optic,No internet service,No internet service,Yes,No,Yes,No,Month-to-month,No,Credit card (automatic),60.25,1813.43,No
Male,0,No,No,27,No,Yes,Fiber optic,No,Yes,No internet service,Yes,Yes,Yes,Two year,Yes,Electronic check,104.33,2803.75,No
Male,0,Yes,Yes,9,Yes,Yes,DSL,No,No,No,No,No,No,One year,Yes,Credit card (automatic),92.97,790.92,No
Male,0,Yes,No,56,Yes,No,DSL,No,No internet service,No,Yes,Yes,Yes,One year,Yes,Mailed check,38.59,2128.5,No
Female,0,Yes,No,70,Yes,No,Fiber optic,Yes,No,Yes,No,Yes,Yes,Month-to-month,No,Mailed check,117.19,8323.89,Yes
Female,0,Yes,No,32,Yes,Yes,Fiber optic,Yes,No internet service,No,No,Yes,Yes,Month-to-month,No,Electronic check,109.61,3447.84,Yes
Male,1,No,No,6,Yes,Yes,Fiber optic,No internet service,No internet service,No,No,No,Yes,Two year,Yes,Credit card (automatic),61.14,334.27,No
Female,0,No,No,4,Yes,No,Fiber optic,Yes,No,No,No,No,No,One year,Yes,Bank transfer (automatic),96.68,409.84,Yes
Male,0,Yes,Yes,56,Yes,Yes,Fiber optic,No internet service,No,Yes,No,No,Yes,One year,Yes,Electronic check,120.0,6867.7,No
Female,0,Yes,No,71,Yes,Yes,No,No internet service,Yes,No,No internet service,Yes,Yes,Two year,Yes,Electronic check,86.28,6124.99,No
Male,0,No,No,39,Yes,No,Fiber optic,No,No,No,No,No,No internet service,One year,No,Credit card (automatic),66.1,2589.94,No
Male,0,Yes,Yes,27,Yes,No,Fiber optic,No,Yes,Yes,Yes,No,Yes,One year,No,Mailed check,65.42,1705.63,No
Female,1,No,No,35,Yes,No,DSL,No,Yes,No internet service,Yes,No,No,Month-to-month,No,Credit card (automatic),31.66,1056.24,No
Male,0,Yes,Yes,55,Yes,Yes,Fiber optic,Yes,Yes,Yes,No,No,No,Month-to-month,No,Bank transfer (automatic),96.74,5326.39,No
Female,0,No,No,46,No,No phone service,Fiber optic,No internet service,Yes,Yes,Yes,Yes,No,One year,Yes,Bank transfer (automatic),84.44,3916.57,No
Female,0,No,Yes,70,Yes,Yes,DSL,No,No,Yes,No internet service,No internet service,Yes,Month-to-month,Yes,Bank transfer (automatic),52.49,3643.84,Yes
Male,1,No,No,39,Yes,No,Fiber optic,No,Yes,No,No,Yes,No internet service,One year,No,Bank transfer (automatic),27.14,1020.06,Yes
Male,0,No,No,58,Yes,No,DSL,Yes,No internet service,No internet service,Yes,No,No,Month-to-month,No,Electronic check,22.0,1200.58,Yes
Female,0,Yes,Yes,42,Yes,Yes,DSL,No internet service,No internet service,No,Yes,Yes,No,Month-to-month,Yes,Bank transfer (automatic),43.72,1884.72,No
Male,0,No,No,65,Yes,No,Fiber optic,No internet service,No,Yes,No,Yes,No internet service,Month-to-month,Yes,Bank transfer (automatic),65.69,4290.67,Yes
Male,0,No,No,8,No,Yes,DSL,No,No,No internet service,Yes,No,Yes,Month-to-month,Yes,Bank transfer (automatic),85.76,735.07,Yes
Male,0,Yes,No,5,Yes,No,DSL,No internet service,No,Yes,Yes,No,No,Two year,No,Credit card (automatic),100.9,506.77,Yes
Male,0,Yes,No,64,Yes,No,Fiber optic,No internet service,No,Yes,No internet service,No,No,Month-to-month,Yes,Mailed check,87.21,5622.39,Yes
Male,0,Yes,No,2,Yes,No,Fiber optic,Yes,Yes,No,No,Yes,No internet service,One year,No,Mailed check,101.43,182.95,No
Female,0,Yes,No,36,Yes,No phone service,Fiber optic,No internet service,No,No internet service,No internet service,Yes,Yes,Month-to-month,Yes,Mailed check,68.92,2451.84,No
Female,0,Yes,Yes,32,Yes,Yes,DSL,No,No,Yes,No,Yes,No,Month-to-month,No,Bank transfer (automatic),62.94,1993.9,Yes
Male,0,No,Yes,8,Yes,No phone service,DSL,No,Yes,No,No,Yes,No internet service,Month-to-month,Yes,Credit card (automatic),68.74,523.74,No
Male,0,Yes,No,52,Yes,No phone service,Fiber optic,Yes,Yes,Yes,No internet service,Yes,No,Two year,Yes,Electronic check,22.72,1208.86,No
Male,0,No,Yes,50,Yes,Yes,Fiber optic,No internet service,No,No,No,Yes,No,Month-to-month,Yes,Credit card (automatic),96.41,4742.27,Yes
Female,0,Yes,No,70,Yes,No phone service,No,No,No internet service,Yes,No,No internet service,No internet service,Two year,Yes,Electronic check,45.84,3205.72,No
Male,0,Yes,No,25,Yes,No,Fiber optic,No,No internet service,No internet service,No,Yes,No internet service,Month-to-month,No,Credit card (automatic),49.62,1154.59,No
Female,0,No,No,15,Yes,No,Fiber optic,Yes,No,Yes,No,No,No,Month-to-month,No,Mailed check,55.29,890.39,Yes
Female,0,No,Yes,39,Yes,No phone service,No,No,No,Yes,No internet service,No,No,One year,Yes,Mailed check,116.86,4588.68,No
Female,0,Yes,No,50,Yes,No,DSL,No,No,Yes,No internet service,No,Yes,Month-to-month,Yes,Bank transfer (automatic),39.08,1913.02,No
Male,1,Yes,No,38,Yes,Yes,DSL,No,No,No internet service,No,No,Yes,Month-to-month,Yes,Mailed check,66.39,2538.09,No
Female,0,Yes,Yes,54,Yes,No,Fiber optic,No,Yes,Yes,No,Yes,No,Month-to-month,No,Mailed check,62.6,3400.16,Yes
Male,1,No,No,35,Yes,No,Fiber optic,Yes,No,Yes,Yes,Yes,Yes,Month-to-month,Yes,Mailed check,53.61,1801.47,No
Female,0,No,No,64,Yes,Yes,DSL,No,Yes,Yes,No,Yes,No internet service,Month-to-month,No,Credit card (automatic),84.84,5436.55,No
Male,0,Yes,Yes,44,Yes,Yes,Fiber optic,No,No,No,No,Yes,No internet service,Two year,No,Mailed check,22.25,1006.94,No
Female,0,No,No,8,Yes,No,DSL,No internet service,No internet service,No,Yes,No,Yes,Month-to-month,Yes,Electronic check,102.85,840.94,Yes
Male,0,No,Yes,36,Yes,No,Fiber optic,No,No internet service,No internet service,No,No,No,Two year,Yes,Bank transfer (automatic),65.38,2393.38,No
Female,0,Yes,No,0,Yes,No,DSL,No,No,No internet service,Yes,No internet service,Yes,Month-to-month,Yes,Credit card (automatic),68.05,0.0,No
Male,0,No,No,65,Yes,No phone service,No,No internet service,Yes,No internet service,No,Yes,No,Month-to-month,Yes,Electronic check,100.96,6598.37,No
Male,1,No,No,62,Yes,Yes,DSL,No,No,No,No internet service,Yes,No,Month-to-month,Yes,Credit card (automatic),97.13,6092.36,No
Male,1,Yes,No,42,Yes,No,No,Yes,No,No internet service,No,No,No,Month-to-month,Yes,Mailed check,47.83,2005.67,No
Male,0,Yes,No,27,Yes,No,Fiber optic,No internet service,No internet service,No,No,Yes,No internet service,Month-to-month,No,Credit card (automatic),18.0,477.08,Yes
Female,0,Yes,No,30,Yes,Yes,No,No internet service,No internet service,Yes,No,Yes,No internet service,Month-to-month,Yes,Credit card (automatic),65.27,1961.15,No
Female,0,Yes,No,68,Yes,Yes,No,Yes,Yes,Yes,Yes,No,No,Two year,Yes,Bank transfer (automatic),59.9,4020.95,No
Male,0,No,Yes,7,Yes,Yes,DSL,Yes,Yes,No,No,No internet service,No,One year,No,Credit card (automatic),46.49,353.95,No
Female,0,Yes,Yes,33,Yes,No phone service,DSL,No internet service,No internet service,No internet service,Yes,Yes,Yes,One year,No,Credit card (automatic),73.81,2416.65,No
Male,1,No,No,48,Yes,No phone service,Fiber optic,No,No internet service,Yes,Yes,Yes,Yes,Month-to-month,Yes,Bank transfer (automatic),78.2,3775.19,Yes
Male,0,No,No,57,Yes,No,DSL,Yes,Yes,No internet service,No,No,No,Two year,No,Credit card (automatic),56.25,3259.17,No
Female,0,No,Yes,46,Yes,No,No,No,No,Yes,No,No internet service,No internet service,Month-to-month,No,Credit card (automatic),72.48,3331.64,Yes
Male,0,No,Yes,24,Yes,Yes,DSL,No,Yes,No,No,No,No internet service,Two year,No,Electronic check,98.1,2389.34,No
Male,0,Yes,No,2,Yes,No phone service,DSL,No,Yes,Yes,Yes,Yes,Yes,Month-to-month,Yes,Electronic check,114.31,169.53,Yes
Female,0,Yes,No,44,Yes,Yes,DSL,No,No internet service,No,No internet service,Yes,No,Month-to-month,No,Credit card (automatic),42.89,1878.23,No
Male,0,No,No,51,Yes,No,DSL,No,No,No internet service,Yes,No,Yes,Two year,Yes,Credit card (automatic),97.1,4975.87,No
Male,0,Yes,No,33,Yes,Yes,Fiber optic,No,Yes,No,No,No,No internet service,Month-to-month,Yes,Mailed check,54.55,1739.95,No
Male,0,Yes,No,68,Yes,No phone service,Fiber optic,No,Yes,Yes,No,No,No,Two year,Yes,Electronic check,36.9,2580.92,No
Male,0,No,No,7,Yes,Yes,Fiber optic,Yes,No internet service,No,No internet service,No,No internet service,Month-to-month,Yes,Mailed check,84.27,629.16,Yes
Female,1,No,No,26,Yes,Yes,No,Yes,No,No,No,Yes,No,Month-to-month,No,Credit card (automatic),38.05,959.86,No
Female,0,Yes,Yes,62,Yes,No,DSL,No,No internet service,No internet service,No internet service,Yes,Yes,Two year,Yes,Mailed check,18.0,1114.93,No
Female,0,No,No,24,Yes,Yes,Fiber optic,Yes,No,No,Yes,Yes,No,One year,Yes,Mailed check,56.94,1365.71,No
Male,0,No,No,57,Yes,No phone service,DSL,No,No,No,No,No,No internet service,One year,Yes,Bank transfer (automatic),47.51,2688.05,No
Male,0,Yes,No,47,Yes,Yes,DSL,No internet service,No,No internet service,No,No internet service,Yes,Month-to-month,Yes,Bank transfer (automatic),70.04,3206.44,Yes
Female,0,Yes,Yes,0,Yes,No phone service,DSL,No internet service,No internet service,No internet service,No,No,No internet service,Month-to-month,Yes,Credit card (automatic),68.45,0.0,No
Male,0,No,No,7,Yes,No,No,No,Yes,No internet service,Yes,Yes,No,Month-to-month,Yes,Electronic check,87.76,649.35,No
Male,0,Yes,Yes,20,Yes,No,Fiber optic,No,No,No internet service,No,No,Yes,Month-to-month,Yes,Credit card (automatic),18.0,365.41,No
Male,0,Yes,Yes,28,Yes,No phone service,Fiber optic,Yes,No,No,No,No,No,Two year,Yes,Electronic check,56.41,1623.64,No
Male,0,No,No,29,Yes,No,Fiber optic,Yes,No internet service,No,No,No,Yes,Month-to-month,Yes,Bank transfer (automatic),18.0,472.66,Yes
Female,0,No,No,2,Yes,Yes,Fiber optic,Yes,No,Yes,Yes,No,Yes,One year,No,Electronic check,76.0,194.29,No
Female,1,Yes,No,6,Yes,Yes,Fiber optic,No internet service,No,No,No internet service,No,Yes,Two year,Yes,Mailed check,90.95,578.18,No
Female,1,Yes,No,10,Yes,Yes,DSL,No,Yes,Yes,No,No,No,Month-to-month,Yes,Mailed check,56.68,533.3,No
Male,0,Yes,No,31,Yes,No,DSL,Yes,No,Yes,Yes,No internet service,Yes,Two year,Yes,Bank transfer (automatic),47.52,1480.26,No
Female,0,No,No,58,Yes,Yes,Fiber optic,No,No,No,No,No internet service,Yes,Two year,Yes,Credit card (automatic),30.83,1754.75,No
Female,0,Yes,No,11,Yes,Yes,Fiber optic,No,No internet service,Yes,No internet service,Yes,No,Month-to-month,Yes,Electronic check,102.3,1152.34,Yes
Male,1,No,Yes,37,Yes,Yes,DSL,No,Yes,Yes,No,No,Yes,Month-to-month,No,Credit card (automatic),90.55,3433.03,Yes
Male,0,No,No,23,Yes,No,DSL,No internet service,No internet service,Yes,No internet service,No internet service,No,Month-to-month,No,Electronic check,86.9,2009.34,No
Female,1,Yes,No,64,Yes,Yes,DSL,No,Yes,No,No internet service,No,No,One year,No,Bank transfer (automatic),86.11,5467.95,No
Female,0,No,Yes,17,Yes,No,Fiber optic,No,Yes,No,No internet service,Yes,No internet service,Month-to-month,Yes,Mailed check,72.11,1209.76,No
Female,0,No,No,45,No,Yes,Fiber optic,Yes,Yes,No internet service,No,No,No,One year,Yes,Mailed check,120.0,5521.15,No
Female,0,No,No,55,Yes,No,Fiber optic,Yes,No internet service,No,No,Yes,No,Month-to-month,Yes,Electronic check,88.03,4776.41,Yes
Male,1,Yes,No,62,Yes,No,Fiber optic,No,No,No,Yes,Yes,No,Two year,No,Credit card (automatic),49.06,3007.24,Yes
Female,1,No,No,6,Yes,Yes,DSL,Yes,Yes,No,No,Yes,Yes,Two year,No,Bank transfer (automatic),18.0,114.39,No
Female,0,No,No,65,Yes,No,No,No,Yes,No internet service,Yes,No internet service,No,Two year,Yes,Bank transfer (automatic),18.0,1242.92,No
Male,0,No,Yes,39,Yes,No,No,No,No internet service,Yes,Yes,No,No,Month-to-month,Yes,Credit card (automatic),54.69,2062.51,No
Female,0,Yes,Yes,53,No,No,DSL,No,No internet service,Yes,No,No internet service,No,Month-to-month,Yes,Mailed check,82.21,4312.96,Yes
Male,0,No,No,30,Yes,No,Fiber optic,Yes,No,No,No,No internet service,Yes,Month-to-month,Yes,Credit card (automatic),92.57,2681.6,Yes
Male,0,Yes,No,51,Yes,Yes,No,No,Yes,No internet service,Yes,No internet service,No,Month-to-month,No,Mailed check,58.2,2948.52,No
Male,0,Yes,No,30,Yes,No phone service,Fiber optic,No internet service,No internet service,No,Yes,No,No,Month-to-month,Yes,Electronic check,31.9,902.9,Yes
Female,0,Yes,No,33,Yes,No,No,Yes,No internet service,Yes,No,Yes,No,Two year,Yes,Bank transfer (automatic),23.48,827.54,No
Female,0,No,No,6,Yes,Yes,DSL,No internet service,No internet service,No,No,No,Yes,Two year,No,Electronic check,63.56,307.33,No
Male,0,Yes,No,15,Yes,No phone service,Fiber optic,No internet service,No internet service,No internet service,No,Yes,Yes,Month-to-month,Yes,Credit card (automatic),68.49,1098.46,No
Female,0,No,Yes,21,Yes,No phone service,DSL,No,No,No,Yes,No,No internet service,Two year,Yes,Credit card (automatic),18.0,446.66,No
Female,0,No,Yes,52,Yes,Yes,DSL,No,No internet service,Yes,No internet service,No internet service,No,Month-to-month,Yes,Electronic check,64.51,3332.49,No
Male,0,Yes,No,16,No,Yes,No,No,No internet service,Yes,No,No internet service,No internet service,Month-to-month,Yes,Credit card (automatic),91.42,1336.8,Yes
Male,0,No,No,3,Yes,No,DSL,No,No internet service,No internet service,No,Yes,Yes,Two year,Yes,Credit card (automatic),68.42,230.09,No
Female,0,Yes,No,60,Yes,No phone service,DSL,No internet service,No,No internet service,No,Yes,No internet service,Two year,Yes,Credit card (automatic),64.02,3899.99,No
Male,0,Yes,No,51,Yes,Yes,Fiber optic,No,No,Yes,No,No internet service,No,Month-to-month,No,Bank transfer (automatic),72.14,3614.14,No
Female,0,No,No,34,Yes,No,No,No,No,Yes,No,Yes,No,Two year,No,Bank transfer (automatic),78.66,2638.89,No
Female,0,No,No,43,Yes,No,DSL,Yes,No internet service,No internet service,Yes,No internet service,Yes,Two year,Yes,Mailed check,43.75,1892.06,No
Female,0,No,No,14,Yes,Yes,DSL,Yes,Yes,No internet service,No internet service,No,Yes,Month-to-month,No,Bank transfer (automatic),108.56,1493.19,No
Female,0,No,No,60,Yes,No,Fiber optic,No internet service,Yes,No,Yes,No internet service,No,Month-to-month,Yes,Electronic check,80.89,4950.58,No
Male,1,Yes,No,43,Yes,Yes,No,Yes,No,Yes,No,No internet service,No,One year,No,Electronic check,65.18,2801.24,No
Male,1,Yes,No,20,Yes,No,DSL,No internet service,No,Yes,No,No,Yes,Two year,Yes,Bank transfer (automatic),66.6,1354.59,No
Male,0,No,Yes,46,Yes,No,Fiber optic,No,Yes,No internet service,No internet service,Yes,No,Month-to-month,Yes,Electronic check,52.65,2467.81,Yes
Male,0,Yes,No,48,Yes,Yes,Fiber optic,No internet service,No,No,Yes,Yes,No,Month-to-month,Yes,Credit card (automatic),107.25,5060.87,No
Female,0,Yes,No,52,Yes,No,Fiber optic,No internet service,Yes,No,No,No,Yes,One year,Yes,Bank transfer (automatic),103.57,5399.95,No
Female,1,No,No,26,Yes,Yes,DSL,No internet service,No internet service,Yes,No internet service,Yes,No,One year,No,Mailed check,65.39,1672.88,No
Male,0,Yes,No,30,Yes,No,No,No,Yes,Yes,Yes,No internet service,No,Month-to-month,Yes,Mailed check,80.58,2382.47,No
Female,0,Yes,No,43,Yes,No,No,No internet service,No internet service,Yes,Yes,Yes,Yes,Month-to-month,Yes,Bank transfer (automatic),120.0,5136.99,No
Female,0,No,Yes,31,Yes,Yes,No,No,No,No internet service,No,No,Yes,Two year,Yes,Electronic check,78.98,2442.19,No
Female,0,No,No,29,Yes,Yes,Fiber optic,Yes,No internet service,No,Yes,No,No,One year,Yes,Bank transfer (automatic),23.39,646.16,No
Male,0,No,Yes,17,Yes,Yes,DSL,No,No internet service,No,No internet service,No internet service,No,Two year,No,Bank transfer (automatic),85.11,1446.73,No
Male,0,No,Yes,62,Yes,Yes,DSL,No,No internet service,No internet service,No,No internet service,Yes,Two year,No,Mailed check,18.0,1061.8,No
Male,0,Yes,No,15,Yes,No,Fiber optic,Yes,No,No,Yes,No,Yes,Two year,Yes,Credit card (automatic),35.76,586.83,No
Female,0,No,No,34,Yes,No,No,No internet service,Yes,No,No,No,No internet service,Two year,Yes,Credit card (automatic),61.44,2076.59,No
Male,0,No,No,61,Yes,No,No,Yes,Yes,Yes,Yes,No,No,Two year,Yes,Bank transfer (automatic),71.43,4402.68,No
Male,0,Yes,No,8,Yes,No,No,No,No,Yes,No internet service,No,Yes,One year,Yes,Mailed check,96.64,840.04,Yes
Male,1,Yes,No,61,Yes,Yes,DSL,No,No,Yes,Yes,No internet service,No,One year,Yes,Mailed check,120.0,7408.18,Yes
Male,0,No,Yes,38,No,Yes,Fiber optic,Yes,No,No,No,No,Yes,One year,Yes,Bank transfer (automatic),69.98,2655.6,Yes
Male,0,No,Yes,50,Yes,Yes,Fiber optic,Yes,No,No,Yes,No internet service,Yes,One year,No,Bank transfer (automatic),73.32,3567.49,No
Male,0,No,No,9,Yes,Yes,No,No,No,No,No,No,Yes,Month-to-month,Yes,Bank transfer (automatic),84.46,779.03,Yes
Female,0,No,Yes,51,Yes,No,Fiber optic,No,No,No internet service,No internet service,No internet service,Yes,Month-to-month,Yes,Credit card (automatic),39.61,2022.23,No
Female,1,No,No,11,Yes,Yes,DSL,No internet service,Yes,Yes,Yes,No,Yes,Month-to-month,Yes,Bank transfer (automatic),38.14,412.95,No
Male,0,No,No,71,Yes,No,DSL,No,No,No,No,No internet service,No internet service,Month-to-month,No,Mailed check,49.15,3510.21,Yes
Male,1,No,No,61,Yes,Yes,No,Yes,No,Yes,No internet service,Yes,Yes,Month-to-month,Yes,Bank transfer (automatic),61.39,3779.21,No
Female,0,Yes,Yes,2,Yes,No,Fiber optic,Yes,No,No internet service,No,No,No,Two year,Yes,Mailed check,34.31,73.85,No
Female,1,No,No,10,Yes,Yes,Fiber optic,No,No,No,No,No internet service,Yes,Month-to-month,Yes,Mailed check,53.25,520.81,Yes
Male,0,Yes,No,7,Yes,No,No,No internet service,Yes,No,No internet service,Yes,No,Month-to-month,Yes,Electronic check,78.98,594.91,Yes
Male,0,No,Yes,22,No,Yes,Fiber optic,No internet service,No,No,No internet service,No internet service,No,One year,Yes,Mailed check,81.36,1851.07,No
Male,0,No,No,9,Yes,Yes,DSL,Yes,No,Yes,No,Yes,No,Month-to-month,No,Electronic check,47.46,509.97,Yes
Male,1,No,No,17,No,Yes,DSL,Yes,No internet service,No,No,No internet service,Yes,Two year,No,Bank transfer (automatic),39.04,700.27,No
Female,1,No,No,38,Yes,Yes,DSL,Yes,No,No internet service,No,Yes,No internet service,Month-to-month,No,Electronic check,18.0,648.05,Yes
Male,0,Yes,No,25,Yes,Yes,DSL,No,Yes,Yes,Yes,No internet service,Yes,Month-to-month,No,Credit card (automatic),77.04,2057.01,No
Male,1,Yes,Yes,10,Yes,Yes,DSL,No,No,No internet service,No internet service,Yes,No internet service,Two year,No,Credit card (automatic),72.1,682.15,No
Male,0,Yes,No,9,Yes,No phone service,DSL,Yes,No,No,Yes,Yes,No,One year,No,Credit card (automatic),45.37,411.63,No
Male,0,No,No,2,Yes,Yes,DSL,Yes,No,Yes,Yes,No,No,Two year,Yes,Bank transfer (automatic),18.0,129.64,No
Female,0,No,Yes,61,Yes,No phone service,DSL,No internet service,No,No,No internet service,Yes,Yes,Month-to-month,Yes,Mailed check,78.98,4829.53,No
Female,0,No,No,70,Yes,No,DSL,No internet service,Yes,Yes,Yes,No,No,Month-to-month,Yes,Credit card (automatic),75.69,5444.58,No
Female,0,Yes,Yes,60,Yes,No,No,Yes,Yes,No,Yes,No,No,Month-to-month,Yes,Electronic check,40.63,2421.67,No
Male,0,No,No,3,Yes,No,No,Yes,No,No,No,No internet service,Yes,Month-to-month,Yes,Bank transfer (automatic),31.29,66.47,No
Male,0,No,Yes,60,Yes,No,Fiber optic,No internet service,No internet service,Yes,No,No,Yes,Month-to-month,No,Bank transfer (automatic),117.2,7052.17,Yes
Female,0,Yes,No,7,Yes,Yes,No,No,Yes,Yes,No,No,No,Month-to-month,Yes,Electronic check,61.83,398.43,Yes
Male,0,No,No,12,No,Yes,Fiber optic,No internet service,No,No,No internet service,Yes,Yes,Two year,No,Electronic check,37.83,521.9,No
Male,0,No,No,11,Yes,No,No,No,No internet service,No internet service,Yes,Yes,No,One year,No,Bank transfer (automatic),80.61,853.65,Yes
Female,0,No,No,34,Yes,Yes,Fiber optic,No,No,No,Yes,No,Yes,Month-to-month,Yes,Bank transfer (automatic),25.14,888.44,No
Female,0,Yes,No,53,Yes,No,Fiber optic,Yes,No,No,Yes,No internet service,No internet service,Month-to-month,Yes,Mailed check,64.69,3459.13,No
Female,0,No,No,50,Yes,No phone service,No,No internet service,Yes,No internet service,No,Yes,No internet service,Two year,Yes,Bank transfer (automatic),76.97,3879.34,No
Female,0,Yes,No,42,Yes,No,Fiber optic,No internet service,No,No,Yes,Yes,Yes,Month-to-month,Yes,Electronic check,69.79,2983.16,Yes
Male,0,No,No,65,Yes,Yes,Fiber optic,No,Yes,Yes,No,Yes,Yes,Month-to-month,Yes,Bank transfer (automatic),63.35,4086.36,No
Male,0,Yes,No,14,Yes,Yes,Fiber optic,No,No internet service,No,No internet service,No,No internet service,Month-to-month,No,Bank transfer (automatic),51.12,725.97,No
Female,0,Yes,No,48,Yes,Yes,No,No,No,No internet service,No internet service,No internet service,Yes,One year,Yes,Electronic check,49.72,2374.05,No
Male,0,No,No,33,Yes,No,Fiber optic,No,No internet service,No,No internet service,No internet service,Yes,Month-to-month,No,Mailed check,105.82,3561.46,Yes
Female,0,Yes,No,38,Yes,No,Fiber optic,No internet service,No internet service,No internet service,No internet service,Yes,No internet service,Two year,No,Bank transfer (automatic),43.84,1687.44,No
Female,0,No,Yes,25,No,No,Fiber optic,No,No,No,Yes,No,No,Month-to-month,Yes,Credit card (automatic),55.35,1482.23,No
Male,0,No,No,68,No,Yes,No,No internet service,Yes,No,Yes,Yes,No,Month-to-month,No,Credit card (automatic),18.0,1303.25,Yes
Female,1,No,Yes,47,Yes,Yes,Fiber optic,No internet service,No,Yes,No,No internet service,Yes,Month-to-month,Yes,Electronic check,119.1,5540.97,Yes
Male,1,No,No,50,Yes,No phone service,Fiber optic,No,No internet service,No,No,Yes,Yes,Month-to-month,No,Electronic check,59.38,2966.31,No
Male,0,Yes,Yes,3,Yes,Yes,Fiber optic,No internet service,Yes,No,Yes,No,Yes,Month-to-month,Yes,Electronic check,74.86,235.9,No
Male,0,No,No,26,Yes,Yes,DSL,No,No internet service,No,No internet service,No,Yes,Two year,No,Credit card (automatic),114.51,2971.34,No
Male,0,Yes,No,41,No,Yes,Fiber optic,Yes,No internet service,No internet service,No,Yes,No,Month-to-month,Yes,Electronic check,46.21,1867.47,Yes
Female,0,Yes,No,55,Yes,Yes,Fiber optic,Yes,No,Yes,No internet service,No,No,Two year,No,Credit card (automatic),32.65,1787.96,No
Male,1,No,No,68,Yes,No phone service,Fiber optic,No,No,No,Yes,Yes,Yes,Month-to-month,Yes,Mailed check,78.58,5376.0,Yes
Female,0,Yes,No,17,Yes,Yes,DSL,Yes,No,Yes,Yes,No,No,Month-to-month,Yes,Electronic check,72.31,1274.67,No
Female,0,No,No,60,Yes,No,Fiber optic,No internet service,No,Yes,No,Yes,Yes,Month-to-month,Yes,Bank transfer (automatic),119.33,7111.01,Yes
Female,0,No,No,3,Yes,Yes,No,No internet service,Yes,No,Yes,No,No internet service,Month-to-month,No,Mailed check,71.67,142.12,Yes
Female,1,No,No,0,Yes,No,Fiber optic,No,Yes,No internet service,No internet service,No,No,One year,No,Credit card (automatic),85.88,0.0,No
Male,0,No,No,49,Yes,No,DSL,No,Yes,No internet service,No internet service,No internet service,No,Two year,No,Electronic check,68.87,3373.21,No
Male,0,Yes,No,69,Yes,Yes,DSL,No,Yes,No,No,No internet service,No,One year,No,Bank transfer (automatic),39.39,2729.45,No
Female,0,No,Yes,19,Yes,Yes,Fiber optic,No,Yes,No,No internet service,No,Yes,Month-to-month,Yes,Credit card (automatic),21.25,416.33,Yes
Female,0,No,No,19,Yes,Yes,Fiber optic,No,No internet service,No,Yes,Yes,No internet service,Month-to-month,Yes,Mailed check,86.88,1633.95,Yes
Male,0,No,No,45,Yes,No,No,No,No,No,No,No,Yes,Two year,Yes,Bank transfer (automatic),35.23,1575.99,No
Female,0,Yes,No,26,Yes,No,DSL,No internet service,Yes,No,Yes,Yes,Yes,Two year,No,Mailed check,81.27,2039.53,No
Male,1,No,No,25,No,No phone service,Fiber optic,Yes,No,No,No,No,No internet service,Month-to-month,No,Electronic check,65.67,1628.09,No
Female,1,Yes,No,31,Yes,Yes,Fiber optic,No,No,No internet service,Yes,Yes,Yes,Month-to-month,Yes,Bank transfer (automatic),61.5,1942.11,No
Male,1,Yes,No,9,Yes,No,Fiber optic,No,Yes,No,No,No internet service,No internet service,One year,No,Electronic check,54.32,478.61,No
Female,0,No,Yes,11,No,Yes,No,No internet service,No internet service,Yes,No,Yes,Yes,Two year,No,Credit card (automatic),42.33,383.91,Yes
Female,0,No,No,23,Yes,Yes,DSL,Yes,Yes,No internet service,No,Yes,Yes,Month-to-month,Yes,Credit card (automatic),76.26,1843.47,No
Male,0,No,Yes,50,Yes,No,DSL,No,Yes,Yes,No,Yes,No internet service,Month-to-month,No,Mailed check,53.23,2617.2,No
Female,0,No,No,37,No,No phone service,No,No,Yes,No internet service,No,No,No internet service,Two year,Yes,Electronic check,63.99,2378.11,No
Female,0,No,No,45,Yes,Yes,DSL,No,No internet service,Yes,Yes,Yes,No internet service,Month-to-month,No,Electronic check,106.98,4833.54,No
Male,0,Yes,Yes,7,Yes,Yes,No,No,No internet service,No internet service,Yes,Yes,Yes,Month-to-month,Yes,Bank transfer (automatic),80.47,639.66,Yes
Female,0,Yes,No,54,Yes,No,Fiber optic,No,No internet service,No,No,Yes,No,Month-to-month,Yes,Credit card (automatic),56.97,3072.15,No
Male,0,Yes,No,30,Yes,No,DSL,Yes,No internet service,No,No,No internet service,Yes,Month-to-month,Yes,Electronic check,53.47,1622.92,Yes
Male,0,No,Yes,15,Yes,No,DSL,No,Yes,No internet service,Yes,Yes,No,Two year,Yes,Electronic check,45.59,660.15,Yes
Female,0,Yes,No,19,Yes,Yes,DSL,No,No,No,No internet service,No,No,One year,No,Electronic check,38.83,714.63,No
Female,0,Yes,Yes,37,Yes,No,Fiber optic,No internet service,No,No internet service,No internet service,No,No internet service,Two year,No,Credit card (automatic),76.7,2831.64,No
Female,0,No,No,14,Yes,Yes,DSL,Yes,No internet service,No internet service,No,No,No internet service,Month-to-month,Yes,Credit card (automatic),18.0,309.09,No
Female,0,Yes,No,33,Yes,No,Fiber optic,No,No,Yes,No,No,Yes,Two year,No,Credit card (automatic),76.76,2580.38,No
Female,0,Yes,No,71,Yes,Yes,DSL,No,No internet service,Yes,No internet service,No,No,Month-to-month,Yes,Mailed check,118.2,8358.07,Yes
Female,0,No,No,18,Yes,Yes,No,Yes,No,No,No internet service,No,Yes,Month-to-month,No,Credit card (automatic),95.81,1744.62,Yes
Female,0,Yes,No,68,No,No phone service,No,No,No,No internet service,No internet service,No,Yes,Two year,Yes,Credit card (automatic),31.19,2132.51,No
Male,0,Yes,Yes,62,Yes,No,Fiber optic,Yes,No,Yes,No internet service,Yes,Yes,Month-to-month,Yes,Credit card (automatic),120.0,7432.35,No
Female,0,Yes,No,31,Yes,Yes,No,Yes,No internet service,Yes,No internet service,Yes,Yes,Month-to-month,Yes,Bank transfer (automatic),87.22,2639.97,No
Male,0,No,No,36,No,No,Fiber optic,No,No internet service,No,No,No,No,Month-to-month,Yes,Bank transfer (automatic),30.84,1124.45,Yes
Female,0,No,Yes,65,Yes,No,DSL,No,No,No,No,No,Yes,Month-to-month,Yes,Electronic check,20.16,1333.17,Yes
Female,0,Yes,No,6,Yes,Yes,DSL,Yes,Yes,Yes,No,Yes,Yes,Month-to-month,No,Bank transfer (automatic),45.04,258.19,No
Male,0,No,Yes,47,Yes,No,Fiber optic,No,No,No internet service,Yes,No internet service,Yes,One year,Yes,Mailed check,65.71,3074.01,No
Female,0,Yes,No,10,Yes,No,DSL,No,No,Yes,Yes,No internet service,Yes,Month-to-month,Yes,Mailed check,79.33,889.46,Yes
Female,0,No,No,30,Yes,Yes,No,No internet service,No,Yes,No,Yes,No,Month-to-month,No,Electronic check,48.86,1447.49,Yes
Male,0,Yes,No,43,No,No phone service,No,No,No,No,No,No,No,One year,Yes,Electronic check,51.19,2253.11,No
Female,1,No,No,44,No,No,Fiber optic,Yes,Yes,No,No internet service,Yes,No internet service,Month-to-month,No,Mailed check,74.51,3265.61,Yes
Female,0,No,No,71,Yes,No,Fiber optic,No,No,Yes,Yes,No,No internet service,One year,No,Mailed check,43.54,3095.59,No
Female,0,No,Yes,55,Yes,No,DSL,No,No internet service,No internet service,No internet service,No,No internet service,Two year,No,Mailed check,68.23,3741.8,No
Male,0,Yes,No,31,Yes,No,DSL,Yes,Yes,Yes,Yes,Yes,No,Month-to-month,Yes,Electronic check,87.68,2716.8,No
Female,0,Yes,No,20,Yes,Yes,Fiber optic,No,No internet service,Yes,Yes,Yes,Yes,One year,Yes,Mailed check,62.36,1191.39,No
Female,0,No,No,30,No,No,Fiber optic,No internet service,Yes,No internet service,No,Yes,No,Month-to-month,Yes,Electronic check,105.69,3210.77,Yes
Female,0,Yes,No,0,Yes,No,Fiber optic,No internet service,Yes,Yes,No internet service,Yes,No,One year,Yes,Mailed check,61.03,0.0,No
Female,0,No,Yes,10,Yes,Yes,DSL,No,Yes,No internet service,Yes,No,No,Month-to-month,Yes,Mailed check,34.97,287.04,No
Male,0,No,No,67,Yes,No,Fiber optic,No,No,Yes,Yes,No internet service,Yes,Month-to-month,No,Bank transfer (automatic),120.0,8090.65,No
Male,0,No,Yes,35,Yes,Yes,No,Yes,Yes,Yes,No internet service,No,Yes,Month-to-month,Yes,Mailed check,85.72,3081.84,Yes
Female,0,Yes,Yes,58,Yes,No,Fiber optic,No,No internet service,Yes,Yes,No,Yes,One year,Yes,Electronic check,66.74,3871.95,No
Female,0,No,No,66,Yes,No phone service,Fiber optic,Yes,No,No,Yes,No,No internet service,Month-to-month,Yes,Mailed check,65.67,4349.99,No
Male,0,No,Yes,55,Yes,No,DSL,Yes,No,No,No,No,Yes,Month-to-month,Yes,Credit card (automatic),39.9,2242.88,No
Male,0,No,Yes,50,Yes,Yes,DSL,No,No internet service,Yes,No internet service,Yes,No,Two year,Yes,Bank transfer (automatic),66.35,3275.56,No
Female,1,Yes,No,28,Yes,No,Fiber optic,No internet service,Yes,No,No internet service,No internet service,No,Month-to-month,No,Mailed check,44.99,1271.82,No
Male,0,Yes,Yes,1,Yes,No,DSL,Yes,Yes,No,No,Yes,Yes,One year,Yes,Mailed check,101.12,168.71,Yes
Female,0,Yes,Yes,5,Yes,No phone service,Fiber optic,No,Yes,No,No,No internet service,No,Month-to-month,No,Credit card (automatic),76.91,389.12,Yes
Male,0,Yes,Yes,30,Yes,Yes,DSL,Yes,No,No internet service,No internet service,No,No,Two year,No,Credit card (automatic),70.21,2091.75,No
Male,0,No,Yes,53,Yes,No,Fiber optic,No,Yes,No internet service,Yes,No,Yes,Month-to-month,No,Credit card (automatic),49.56,2632.55,No
Male,1,No,No,39,Yes,Yes,Fiber optic,No internet service,No,No internet service,No,No,Yes,Month-to-month,Yes,Credit card (automatic),67.56,2595.34,No
Male,0,Yes,No,16,Yes,No,DSL,Yes,Yes,No,No,Yes,No,One year,Yes,Credit card (automatic),23.85,462.57,No
Female,1,No,No,4,Yes,No,No,No,No,No,No internet service,No,Yes,Two year,Yes,Credit card (automatic),82.34,378.38,Yes
Male,0,Yes,No,1,Yes,No,No,Yes,No internet service,Yes,No,No internet service,Yes,Two year,No,Mailed check,49.3,78.28,No
Male,0,Yes,Yes,57,Yes,No,Fiber optic,No,No,Yes,No,No internet service,No,Month-to-month,No,Electronic check,44.3,2533.82,No
Female,0,Yes,Yes,11,Yes,No,Fiber optic,No,No,No,No,No,No internet service,Two year,No,Mailed check,119.29,1304.53,Yes
Male,1,Yes,Yes,4,Yes,No,Fiber optic,No,No,No internet service,No internet service,No,Yes,One year,Yes,Mailed check,84.21,305.79,Yes
Male,0,No,No,59,Yes,No,Fiber optic,No,No,Yes,No internet service,No,Yes,Two year,Yes,Mailed check,29.08,1671.14,No
Female,0,Yes,No,40,Yes,Yes,Fiber optic,No internet service,No,No,No,Yes,Yes,Two year,Yes,Bank transfer (automatic),95.74,3887.35,No
Male,0,No,No,19,Yes,No phone service,No,Yes,No internet service,No internet service,No internet service,No internet service,No,Month-to-month,Yes,Electronic check,18.0,387.86,No
Female,0,Yes,No,71,Yes,Yes,Fiber optic,No,Yes,Yes,No,No,No,One year,Yes,Electronic check,38.21,2665.06,Yes
Female,1,No,Yes,0,Yes,No,Fiber optic,No,Yes,No,No,No,Yes,One year,Yes,Bank transfer (automatic),75.97,0.0,Yes
Female,0,Yes,No,55,Yes,Yes,DSL,No internet service,Yes,Yes,Yes,No,No internet service,One year,No,Electronic check,63.71,3492.25,Yes
Female,0,Yes,No,69,Yes,Yes,DSL,No internet service,Yes,No,No,Yes,No,Month-to-month,No,Bank transfer (automatic),44.69,3115.74,Yes
Male,0,Yes,No,55,No,No,Fiber optic,Yes,Yes,Yes,Yes,No,No,Month-to-month,No,Mailed check,71.85,4003.01,No
Female,0,Yes,No,53,Yes,No,No,No internet service,Yes,Yes,No,Yes,Yes,Month-to-month,No,Electronic check,48.04,2503.83,No
Male,1,Yes,No,10,Yes,Yes,Fiber optic,No,No,No,Yes,Yes,No,Two year,No,Mailed check,69.61,660.55,No
Male,0,No,No,2,Yes,Yes,Fiber optic,No internet service,Yes,Yes,No,Yes,No,Month-to-month,Yes,Credit card (automatic),78.31,131.83,Yes
Male,0,No,No,27,Yes,Yes,DSL,No,Yes,Yes,No internet service,No,No,Month-to-month,Yes,Mailed check,106.68,2869.2,No
Male,1,No,No,4,Yes,No,Fiber optic,Yes,No,No internet service,Yes,Yes,No,Month-to-month,No,Electronic check,80.66,225.83,Yes
Male,0,No,No,15,Yes,Yes,Fiber optic,No,Yes,Yes,No,Yes,Yes,One year,Yes,Mailed check,59.11,777.88,Yes
Male,0,Yes,Yes,30,Yes,No phone service,Fiber optic,No,No internet service,No,Yes,Yes,No,Two year,Yes,Mailed check,76.63,2305.06,No
Male,0,Yes,No,27,Yes,Yes,Fiber optic,Yes,No,No internet service,No,No,No,One year,Yes,Bank transfer (automatic),18.0,497.64,No
Male,0,No,No,6,Yes,No phone service,No,No,Yes,Yes,No,No internet service,No,Month-to-month,Yes,Electronic check,110.19,659.88,Yes
Male,0,No,Yes,8,Yes,No,No,No,Yes,No internet service,Yes,Yes,Yes,Two year,Yes,Mailed check,72.92,641.05,No
Male,1,No,No,38,Yes,Yes,Fiber optic,No internet service,No,No,Yes,No,No internet service,Month-to-month,Yes,Bank transfer (automatic),120.0,4477.27,Yes
Female,0,No,Yes,42,Yes,Yes,No,No,Yes,No internet service,Yes,No internet service,No internet service,Two year,Yes,Electronic check,72.9,3147.81,Yes
Female,0,Yes,No,26,Yes,No,Fiber optic,No,Yes,No,No,No,Yes,Month-to-month,Yes,Credit card (automatic),73.6,1907.76,No
Female,1,Yes,No,32,Yes,No phone service,No,No internet service,No,No,No,Yes,No internet service,One year,No,Mailed check,18.04,578.11,No
Male,0,Yes,No,55,Yes,No phone service,Fiber optic,No,No,No,No,No internet service,No,Month-to-month,No,Mailed check,41.94,2323.89,Yes
Female,0,Yes,Yes,1,Yes,No,No,No,Yes,No internet service,No,No internet service,No,Two year,No,Mailed check,64.02,13.66,No
Female,0,Yes,No,13,Yes,Yes,DSL,Yes,Yes,No,No,Yes,Yes,Month-to-month,No,Mailed check,52.31,657.71,Yes
Female,1,Yes,No,12,Yes,Yes,Fiber optic,No,No internet service,Yes,No,Yes,No,Month-to-month,Yes,Mailed check,117.68,1485.78,No
Male,0,No,No,23,Yes,Yes,DSL,Yes,No internet service,No,No internet service,Yes,No,Two year,No,Credit card (automatic),71.48,1666.75,No
Male,0,No,No,68,Yes,Yes,DSL,No internet service,No,No internet service,No,Yes,Yes,Month-to-month,Yes,Credit card (automatic),58.67,3985.23,No
Male,0,No,No,33,No,No,Fiber optic,No internet service,No,Yes,No,No,No internet service,Two year,No,Electronic check,82.53,2654.18,No
Male,0,No,No,18,No,No,DSL,Yes,No,Yes,No,Yes,Yes,One year,Yes,Electronic check,53.92,904.85,No
Female,0,Yes,Yes,29,Yes,No,Fiber optic,Yes,Yes,No,No,Yes,No,One year,No,Bank transfer (automatic),80.59,2313.72,No
Female,1,Yes,Yes,48,Yes,Yes,Fiber optic,No,No,No internet service,No,No,No,Month-to-month,Yes,Bank transfer (automatic),26.51,1276.82,Yes
Female,0,No,No,42,Yes,Yes,DSL,Yes,Yes,No,No internet service,No,No internet service,Two year,Yes,Bank transfer (automatic),108.92,4625.99,No
Female,0,Yes,Yes,15,No,Yes,Fiber optic,No,No,No,No internet service,No internet service,No,Two year,No,Credit card (automatic),75.76,1180.67,No
Male,1,Yes,No,51,Yes,No,No,No,Yes,Yes,Yes,No internet service,Yes,Month-to-month,No,Electronic check,78.11,4042.29,No
Male,0,Yes,Yes,48,Yes,No phone service,Fiber optic,No internet service,Yes,No,No internet service,Yes,No,Month-to-month,Yes,Electronic check,48.58,2319.23,No
Male,0,Yes,No,10,Yes,Yes,DSL,No internet service,No internet service,Yes,No internet service,No internet service,No,Month-to-month,No,Credit card (automatic),92.86,868.59,Yes
Female,0,No,No,46,Yes,No,Fiber optic,No,No internet service,Yes,No internet service,Yes,No internet service,Month-to-month,Yes,Electronic check,24.86,1109.04,Yes
Male,1,Yes,No,34,Yes,No,DSL,No,No internet service,No,Yes,Yes,No,Month-to-month,No,Mailed check,49.16,1676.45,No
Male,0,No,No,70,No,No,Fiber optic,No,No internet service,No,No,Yes,Yes,Two year,Yes,Electronic check,75.97,5338.34,Yes
Female,0,No,Yes,28,Yes,Yes,Fiber optic,No internet service,No internet service,Yes,No,No internet service,No internet service,One year,No,Electronic check,61.89,1682.77,Yes
Female,0,Yes,No,53,Yes,No,No,Yes,Yes,No internet service,No,No,No,Two year,Yes,Mailed check,33.75,1767.81,No
Male,0,Yes,No,22,Yes,Yes,Fiber optic,No,No,No internet service,No,No,Yes,Month-to-month,No,Bank transfer (automatic),57.77,1225.19,Yes
Male,0,Yes,No,23,Yes,No,Fiber optic,Yes,No,No,No internet service,Yes,No internet service,Month-to-month,Yes,Bank transfer (automatic),49.16,1232.53,No
Male,0,Yes,No,9,Yes,Yes,Fiber optic,Yes,Yes,Yes,No,Yes,No,One year,Yes,Bank transfer (automatic),44.07,435.71,No
Male,0,No,No,60,Yes,No,Fiber optic,No,No internet service,No internet service,No,No,No internet service,Two year,Yes,Credit card (automatic),109.54,6559.75,No
Male,0,No,No,7,Yes,No,No,No,Yes,No,No,No,Yes,One year,Yes,Mailed check,43.12,282.42,Yes
Male,0,No,No,47,Yes,No,DSL,No,No,No,No,No,No,Month-to-month,Yes,Mailed check,31.34,1553.79,Yes
Female,0,Yes,No,28,Yes,Yes,DSL,No,No internet service,No internet service,No,No,No,One year,No,Credit card (automatic),32.35,859.57,No
Female,0,No,No,25,Yes,No,DSL,No,Yes,No internet service,Yes,Yes,Yes,Month-to-month,Yes,Mailed check,49.94,1243.79,No
Female,0,No,No,36,Yes,No,DSL,Yes,No,No,No,No internet service,Yes,Month-to-month,Yes,Electronic check,67.9,2405.26,No
Male,0,No,No,51,Yes,Yes,Fiber optic,No internet service,No,No internet service,Yes,Yes,Yes,One year,Yes,Bank transfer (automatic),76.02,3844.7,No
Female,0,No,Yes,37,Yes,No,Fiber optic,No,No,Yes,No internet service,Yes,No,Month-to-month,Yes,Mailed check,117.44,4366.56,No
Male,0,No,No,5,Yes,Yes,No,Yes,No,Yes,No internet service,No,No,Two year,No,Mailed check,18.0,0.0,No
Male,0,No,No,7,Yes,No,Fiber optic,Yes,No internet service,No,No internet service,No,No,Month-to-month,No,Bank transfer (automatic),26.99,273.1,No
Female,1,No,No,16,Yes,Yes,Fiber optic,Yes,No,No internet service,No,Yes,No,One year,Yes,Credit card (automatic),42.69,715.37,No
Male,0,Yes,No,61,Yes,No,Fiber optic,No,Yes,No,No,No,Yes,Two year,Yes,Bank transfer (automatic),41.12,2500.18,No
Male,1,No,No,33,Yes,Yes,No,No,No internet service,No,No internet service,No internet service,No internet service,Month-to-month,Yes,Credit card (automatic),21.36,650.2,Yes
Female,0,Yes,No,18,Yes,Yes,Fiber optic,Yes,No,Yes,No,No,No,Two year,No,Credit card (automatic),63.98,1044.33,No
Female,0,Yes,No,69,Yes,No,DSL,No,Yes,No,No,Yes,No internet service,One year,No,Electronic check,120.0,8271.28,No
Female,1,No,No,36,No,No,DSL,No internet service,Yes,No,No,Yes,No internet service,Two year,No,Bank transfer (automatic),90.08,3214.59,No
Male,0,No,Yes,37,Yes,Yes,No,Yes,Yes,Yes,No,Yes,No internet service,Month-to-month,Yes,Mailed check,35.08,1284.59,No
Female,0,Yes,Yes,14,Yes,Yes,Fiber optic,Yes,Yes,No,No internet service,Yes,Yes,Month-to-month,No,Credit card (automatic),60.9,853.25,Yes
Female,0,Yes,Yes,39,Yes,No,DSL,No,Yes,Yes,No,Yes,No,Month-to-month,No,Electronic check,60.0,2381.17,No
Male,0,Yes,No,8,Yes,Yes,Fiber optic,No,Yes,Yes,No,No,Yes,One year,No,Bank transfer (automatic),77.76,657.29,No
Female,0,No,No,52,Yes,Yes,No,No,No,No,Yes,Yes,No internet service,Month-to-month,Yes,Credit card (automatic),62.06,3243.42,No
Female,0,No,Yes,69,Yes,No,No,No,No internet service,Yes,No,No,No internet service,Month-to-month,No,Electronic check,49.76,3500.55,Yes
Female,0,No,No,65,Yes,No,Fiber optic,Yes,No internet service,No internet service,No internet service,Yes,Yes,Month-to-month,Yes,Mailed check,119.18,7738.81,No
Male,0,No,No,51,Yes,Yes,No,No,No,Yes,Yes,No internet service,No internet service,Month-to-month,Yes,Credit card (automatic),54.67,2795.46,Yes
Male,1,Yes,Yes,0,Yes,Yes,Fiber optic,No internet service,No,Yes,No internet service,Yes,No internet service,One year,Yes,Credit card (automatic),48.6,73.58,No
Male,0,No,No,29,Yes,Yes,Fiber optic,No internet service,No internet service,Yes,No internet service,No,Yes,Month-to-month,No,Mailed check,112.05,3339.93,Yes
Male,0,Yes,No,0,Yes,No,Fiber optic,No,Yes,No internet service,Yes,Yes,Yes,Month-to-month,No,Mailed check,69.92,8.07,No
Female,0,No,No,38,Yes,No,No,Yes,Yes,Yes,Yes,No internet service,Yes,Month-to-month,No,Mailed check,72.82,2756.75,No
Male,0,No,No,15,Yes,Yes,Fiber optic,No,No,No,Yes,No,No,One year,No,Credit card (automatic),111.48,1738.65,No
Male,0,No,No,16,Yes,No,DSL,No internet service,No internet service,No,Yes,No internet service,No internet service,Two year,No,Electronic check,70.0,1119.64,No
Female,0,Yes,No,21,Yes,No phone service,Fiber optic,Yes,No,Yes,Yes,No,Yes,One year,No,Electronic check,43.96,907.26,No
Female,0,Yes,No,30,Yes,No phone service,Fiber optic,No,No internet service,No internet service,Yes,No internet service,No internet service,Month-to-month,Yes,Mailed check,79.28,2371.87,Yes
Female,0,Yes,No,39,Yes,No phone service,Fiber optic,No internet service,Yes,No,No,Yes,Yes,Month-to-month,Yes,Electronic check,18.0,754.03,No
Male,0,No,No,26,Yes,No,DSL,No,Yes,Yes,No internet service,No,No,Month-to-month,No,Mailed check,120.0,3120.76,No
Male,1,Yes,No,35,Yes,Yes,Fiber optic,No,No,No,Yes,Yes,No internet service,One year,Yes,Mailed check,25.58,886.56,No
Male,0,Yes,No,3,Yes,Yes,DSL,No,No,No,Yes,No,No internet service,Month-to-month,No,Bank transfer (automatic),63.32,149.3,Yes
Female,0,Yes,Yes,68,Yes,No,No,Yes,No,No internet service,No internet service,No internet service,Yes,Two year,No,Electronic check,75.68,5121.83,No
Female,0,No,No,24,Yes,Yes,Fiber optic,No,No internet service,No,Yes,Yes,No internet service,Two year,Yes,Credit card (automatic),18.0,462.04,No
Male,0,Yes,No,29,Yes,Yes,No,No internet service,Yes,Yes,Yes,Yes,Yes,Month-to-month,No,Bank transfer (automatic),41.87,1250.26,No
Female,1,No,No,46,Yes,Yes,Fiber optic,No internet service,Yes,No,Yes,Yes,Yes,Month-to-month,Yes,Mailed check,117.06,5314.19,No
Female,0,No,Yes,11,Yes,No,Fiber optic,No,Yes,No,Yes,No,No,Month-to-month,Yes,Bank transfer (automatic),101.06,1122.87,Yes
Female,0,No,Yes,26,Yes,No,DSL,No,No internet service,No,No,No,Yes,Month-to-month,Yes,Mailed check,110.32,2921.36,Yes
Male,0,Yes,No,44,Yes,Yes,Fiber optic,Yes,No,No,Yes,Yes,No,One year,No,Mailed check,53.64,2256.36,No
Female,0,Yes,Yes,62,Yes,No,No,No,Yes,No,No,Yes,No internet service,One year,No,Mailed check,102.09,6352.89,No
Female,0,Yes,No,54,Yes,No phone service,DSL,No,No,No internet service,No,Yes,No,Month-to-month,Yes,Electronic check,81.5,4441.57,No
Male,0,Yes,No,29,Yes,No,DSL,No,Yes,Yes,No internet service,No,Yes,Two year,Yes,Mailed check,60.59,1810.91,No
Male,1,Yes,No,13,Yes,No,No,No,No,No,No,No,No internet service,One year,Yes,Mailed check,83.39,1124.44,No
Female,0,No,Yes,55,Yes,Yes,No,No,No,Yes,Yes,No,Yes,Two year,Yes,Electronic check,71.03,3884.66,No
Female,1,Yes,Yes,18,Yes,Yes,Fiber optic,No,Yes,No,No,No,No internet service,One year,Yes,Electronic check,80.32,1384.81,No
Male,0,No,Yes,25,Yes,No,Fiber optic,No,No,No,No internet service,Yes,No internet service,One year,No,Mailed check,27.56,702.42,Yes
Male,0,Yes,Yes,70,Yes,No,Fiber optic,No,No,No,Yes,No internet service,No,Month-to-month,No,Electronic check,90.11,6331.97,Yes
Female,1,No,No,37,Yes,No phone service,Fiber optic,No,Yes,No internet service,No,No,Yes,One year,No,Credit card (automatic),18.0,634.46,No
Female,0,No,No,68,Yes,No,Fiber optic,Yes,Yes,No,No internet service,Yes,No,Month-to-month,Yes,Credit card (automatic),43.8,2988.06,No
Female,0,No,Yes,35,Yes,Yes,Fiber optic,Yes,Yes,No,No internet service,No internet service,Yes,One year,Yes,Mailed check,18.0,607.51,Yes
Female,0,No,Yes,17,Yes,No,Fiber optic,No internet service,No,Yes,No,No internet service,Yes,Month-to-month,No,Bank transfer (automatic),120.0,2059.72,Yes
Male,0,No,Yes,56,Yes,Yes,DSL,Yes,Yes,No,No,Yes,No,Month-to-month,No,Electronic check,120.0,6710.21,No
Female,0,No,No,22,Yes,Yes,DSL,No,Yes,Yes,Yes,No,Yes,Month-to-month,Yes,Bank transfer (automatic),120.0,2565.9,No
Female,0,Yes,No,13,Yes,No,Fiber optic,Yes,No internet service,No internet service,No,Yes,Yes,Month-to-month,Yes,Credit card (automatic),100.8,1324.78,No
Male,0,No,No,68,Yes,No,DSL,Yes,Yes,No,No internet service,No,Yes,Month-to-month,No,Mailed check,35.51,2457.54,No
Female,0,Yes,No,21,Yes,No,Fiber optic,Yes,No,No,No internet service,No internet service,No,Two year,Yes,Credit card (automatic),31.62,716.95,No
Male,0,Yes,No,27,Yes,No,DSL,No,No internet service,Yes,Yes,No internet service,No,Month-to-month,No,Electronic check,69.84,1870.57,Yes
Female,0,Yes,No,42,Yes,No,DSL,No internet service,Yes,No internet service,No,No,Yes,One year,Yes,Electronic check,57.58,2441.85,No
Female,0,Yes,Yes,17,Yes,Yes,Fiber optic,No internet service,No internet service,No,No,Yes,Yes,Month-to-month,Yes,Mailed check,36.12,551.07,No
Male,1,Yes,No,35,Yes,Yes,DSL,No,No,Yes,No,No,No internet service,Month-to-month,No,Electronic check,62.85,2307.76,No
Male,0,Yes,Yes,6,Yes,No,Fiber optic,No,No internet service,Yes,Yes,Yes,No internet service,Month-to-month,Yes,Electronic check,18.0,27.9,Yes
Female,0,Yes,No,22,Yes,No,DSL,No,No,No,No internet service,No internet service,No,Month-to-month,Yes,Electronic check,43.4,847.38,No
Female,1,No,Yes,33,Yes,Yes,Fiber optic,No,No,No,No,No,Yes,Month-to-month,Yes,Bank transfer (automatic),35.41,1225.38,No
Female,0,Yes,No,20,Yes,No,DSL,No internet service,No internet service,Yes,Yes,No internet service,Yes,Month-to-month,No,Mailed check,81.33,1685.95,No
Male,1,No,Yes,69,No,No,DSL,No internet service,Yes,Yes,No,No,Yes,Month-to-month,No,Mailed check,27.5,1903.7,No
Female,0,Yes,No,46,No,No,Fiber optic,No,No,Yes,Yes,No,No,Two year,Yes,Mailed check,51.3,2458.45,No
Male,0,No,No,52,Yes,No,Fiber optic,No,No internet service,No,Yes,Yes,No,Month-to-month,No,Electronic check,50.94,2690.1,Yes
Male,0,No,No,40,Yes,No,DSL,No,Yes,No,Yes,Yes,No,Two year,Yes,Electronic check,73.16,2895.77,No
Female,0,No,No,31,Yes,No,Fiber optic,No,Yes,No internet service,Yes,No,Yes,Two year,Yes,Electronic check,71.77,2259.53,Yes
Male,0,No,No,13,Yes,No,DSL,No,No,No,Yes,No,No internet service,One year,Yes,Mailed check,46.17,544.16,No
Female,0,Yes,No,16,Yes,No,Fiber optic,No,Yes,No,No,No internet service,No,Two year,No,Bank transfer (automatic),80.53,1257.21,No
Female,0,No,No,24,Yes,Yes,Fiber optic,No internet service,No,No,No,No internet service,Yes,Month-to-month,Yes,Credit card (automatic),29.37,780.69,No
Female,0,No,Yes,63,No,No,DSL,No internet service,No,No,No,No internet service,No,Two year,Yes,Mailed check,41.94,2638.97,No
Female,0,No,No,72,Yes,Yes,No,No,No,No,No,No internet service,No,Month-to-month,Yes,Mailed check,56.1,4030.85,Yes
Female,0,No,No,47,Yes,Yes,No,Yes,No,Yes,No,No internet service,Yes,Month-to-month,Yes,Bank transfer (automatic),108.7,5137.57,No
Male,0,Yes,No,34,Yes,Yes,DSL,Yes,No,Yes,Yes,Yes,No,One year,No,Credit card (automatic),102.01,3519.58,No
Male,0,No,No,36,Yes,Yes,DSL,No internet service,No,No,No,No,Yes,Two year,Yes,Credit card (automatic),18.0,740.32,No
Female,1,Yes,No,54,Yes,Yes,DSL,No internet service,Yes,Yes,No internet service,Yes,No,Two year,Yes,Electronic check,80.61,4346.45,Yes
Female,0,No,No,16,Yes,No,No,No,No,No internet service,No,No,Yes,Month-to-month,Yes,Credit card (automatic),71.66,1085.98,No
Male,1,Yes,No,27,Yes,No,Fiber optic,No,No internet service,No,No,No,No internet service,Month-to-month,Yes,Electronic check,81.59,2249.11,Yes
Male,0,No,No,0,Yes,Yes,DSL,No,No,No,No,No,No,Two year,No,Mailed check,34.95,0.0,No
Male,0,Yes,Yes,52,Yes,Yes,No,No,Yes,No internet service,No,No,Yes,One year,Yes,Bank transfer (automatic),120.0,6239.0,No
Male,0,Yes,Yes,72,Yes,No,Fiber optic,Yes,No,No,Yes,Yes,No internet service,Month-to-month,Yes,Mailed check,45.55,3231.13,Yes
Female,0,No,No,54,No,Yes,Fiber optic,Yes,No,No,No,No,No internet service,Month-to-month,No,Credit card (automatic),66.34,3589.02,No
Female,0,No,No,60,Yes,No,No,Yes,Yes,Yes,No,Yes,No,Two year,Yes,Mailed check,120.0,7151.91,No
Male,0,No,No,12,Yes,No,No,No,No,No internet service,No internet service,Yes,No,One year,No,Bank transfer (automatic),60.0,689.79,No
Female,0,Yes,Yes,46,Yes,No,DSL,No,Yes,No internet service,Yes,No,Yes,Month-to-month,No,Bank transfer (automatic),47.11,2128.91,No
Male,0,Yes,No,63,Yes,Yes,Fiber optic,No internet service,No,Yes,No,No,No,One year,Yes,Electronic check,92.3,5679.36,No
Female,0,No,No,31,Yes,No,Fiber optic,Yes,No internet service,No internet service,No,Yes,No internet service,One year,Yes,Mailed check,54.87,1669.38,No
Male,0,No,No,27,Yes,No,DSL,No,No internet service,Yes,No,Yes,No,Two year,Yes,Bank transfer (automatic),67.55,1923.73,No
Female,0,No,No,52,Yes,No,DSL,Yes,No,Yes,Yes,No,Yes,One year,No,Bank transfer (automatic),23.82,1280.85,Yes
Male,0,Yes,No,30,Yes,No phone service,Fiber optic,No internet service,No,No internet service,No,No,No internet service,Month-to-month,No,Bank transfer (automatic),34.31,1060.22,No
Male,0,No,Yes,7,Yes,No,No,No internet service,Yes,No internet service,Yes,Yes,No,Two year,Yes,Bank transfer (automatic),71.49,425.07,No
Female,0,Yes,No,71,Yes,Yes,No,No internet service,Yes,No,No,Yes,No internet service,Month-to-month,Yes,Credit card (automatic),48.63,3424.83,No
Male,0,No,No,24,Yes,No,No,Yes,No,No,No,No,Yes,Two year,No,Mailed check,26.56,643.66,No
Female,0,Yes,No,32,Yes,No phone service,No,No internet service,No,Yes,Yes,Yes,Yes,One year,Yes,Mailed check,46.54,1578.35,No
Female,0,Yes,Yes,67,Yes,No phone service,DSL,Yes,No,Yes,No internet service,Yes,Yes,Two year,Yes,Mailed check,48.9,3166.36,No
Male,0,No,No,6,Yes,No phone service,Fiber optic,Yes,Yes,Yes,No,Yes,Yes,Month-to-month,Yes,Credit card (automatic),64.63,388.38,No
Female,0,No,Yes,65,Yes,Yes,Fiber optic,Yes,No,Yes,Yes,Yes,Yes,One year,No,Credit card (automatic),65.96,4205.26,Yes
Female,0,Yes,No,45,Yes,No,Fiber optic,No,No,No,No,No,Yes,Two year,Yes,Bank transfer (automatic),80.92,3650.15,Yes
Female,1,Yes,Yes,4,Yes,No,No,Yes,No internet service,Yes,Yes,Yes,No,One year,Yes,Credit card (automatic),29.74,134.68,No
Female,1,Yes,Yes,16,Yes,Yes,Fiber optic,No,No internet service,No,No,No,No internet service,Month-to-month,No,Electronic check,37.04,588.91,No
Female,0,No,Yes,51,Yes,Yes,Fiber optic,Yes,No internet service,Yes,No,No,Yes,Month-to-month,Yes,Credit card (automatic),32.47,1741.93,Yes
Male,0,Yes,Yes,11,Yes,No,Fiber optic,No internet service,No,Yes,No internet service,Yes,Yes,One year,Yes,Bank transfer (automatic),43.79,361.19,No
Female,0,Yes,Yes,61,Yes,No,Fiber optic,No,Yes,Yes,Yes,No,Yes,Month-to-month,No,Mailed check,44.5,2669.95,No
Female,0,No,No,34,Yes,No,DSL,No,Yes,No,No,No internet service,Yes,One year,Yes,Credit card (automatic),22.95,759.75,No
Female,0,No,Yes,61,Yes,No,No,No internet service,No,No,Yes,No,No internet service,Month-to-month,No,Mailed check,117.15,7105.4,No
Female,0,No,No,20,Yes,Yes,DSL,Yes,No,Yes,No,Yes,Yes,Two year,Yes,Mailed check,68.86,1310.67,No
Female,1,No,Yes,65,Yes,No,DSL,No,No internet service,No,Yes,No,Yes,Month-to-month,Yes,Electronic check,41.14,2587.42,No
Male,0,No,No,52,Yes,No,Fiber optic,No,No,No,No,No,No internet service,Month-to-month,No,Electronic check,51.66,2708.42,Yes
Female,0,No,No,20,Yes,No,Fiber optic,Yes,No internet service,No internet service,No,No internet service,No internet service,Month-to-month,No,Credit card (automatic),62.65,1279.27,Yes
Male,0,No,Yes,14,Yes,Yes,No,Yes,Yes,No,No,No,No internet service,One year,No,Mailed check,58.92,728.24,No
Male,0,No,No,22,Yes,No,No,No internet service,Yes,Yes,Yes,Yes,Yes,Month-to-month,Yes,Bank transfer (automatic),44.93,1055.98,Yes
Male,0,Yes,Yes,30,Yes,Yes,Fiber optic,Yes,Yes,Yes,No,Yes,No internet service,Month-to-month,Yes,Mailed check,96.42,2880.84,No
Male,1,No,No,53,Yes,Yes,Fiber optic,No internet service,No,No,No,No,No,Two year,Yes,Mailed check,65.67,3439.85,No
Female,0,Yes,No,54,Yes,No,Fiber optic,Yes,No internet service,Yes,Yes,No internet service,No internet service,Month-to-month,No,Electronic check,62.85,3414.03,Yes
Male,0,Yes,Yes,25,Yes,Yes,No,No internet service,Yes,No,No,Yes,No,Two year,No,Electronic check,110.38,2724.27,No
Male,0,Yes,No,52,Yes,No phone service,DSL,No,No,No internet service,Yes,No,No,Two year,Yes,Electronic check,120.0,6279.39,No
Female,0,Yes,Yes,65,Yes,No,Fiber optic,No,No,Yes,Yes,No,No internet service,Month-to-month,Yes,Electronic check,66.41,4332.73,No
Female,0,No,No,38,Yes,No,Fiber optic,Yes,Yes,No internet service,No,Yes,Yes,Two year,Yes,Credit card (automatic),74.28,2850.98,No
Female,0,No,No,6,Yes,Yes,DSL,Yes,Yes,Yes,Yes,Yes,Yes,One year,No,Credit card (automatic),18.0,59.02,No
Male,0,No,No,38,Yes,Yes,Fiber optic,No,No,No,No,No internet service,No,Month-to-month,Yes,Mailed check,66.72,2590.17,Yes
Female,0,No,No,31,Yes,No,Fiber optic,No,Yes,No,Yes,No,No internet service,One year,Yes,Credit card (automatic),96.39,3062.54,No
Female,0,No,Yes,25,Yes,No phone service,No,Yes,No,Yes,Yes,No internet service,Yes,Two year,Yes,Bank transfer (automatic),18.0,415.55,No
Male,0,Yes,Yes,28,Yes,Yes,No,No,Yes,No,No,Yes,No,Two year,Yes,Mailed check,18.0,467.66,No
Female,0,No,Yes,24,Yes,No,Fiber optic,Yes,No internet service,Yes,No,No,No,One year,Yes,Mailed check,120.0,2774.65,No
Female,0,No,No,55,No,Yes,No,No internet service,No,No,No,Yes,No internet service,Month-to-month,Yes,Bank transfer (automatic),38.08,2005.02,No
Female,0,Yes,Yes,30,Yes,No,DSL,No internet service,No,No,No,Yes,No,One year,Yes,Mailed check,78.31,2375.41,No
Female,0,No,No,65,Yes,No,Fiber optic,Yes,No,No internet service,No internet service,No internet service,Yes,Month-to-month,Yes,Bank transfer (automatic),75.9,4894.13,No
Male,0,Yes,No,1,Yes,Yes,Fiber optic,No,No internet service,Yes,No,Yes,No,One year,Yes,Electronic check,82.42,128.41,No
Female,0,Yes,Yes,46,Yes,No,Fiber optic,No,No internet service,No,No internet service,Yes,Yes,Two year,Yes,Electronic check,85.29,3974.98,No
Female,0,Yes,No,28,Yes,No phone service,No,No internet service,Yes,No internet service,Yes,No,No,Month-to-month,No,Electronic check,89.07,2474.74,No
Male,0,Yes,No,48,Yes,No,DSL,Yes,No,No internet service,No internet service,No,Yes,Month-to-month,No,Bank transfer (automatic),62.84,3071.51,No
Female,0,No,No,72,Yes,Yes,No,Yes,No,No,No,No,No,One year,No,Credit card (automatic),52.65,3811.42,No
Male,0,No,No,31,Yes,Yes,DSL,No internet service,No,Yes,No internet service,Yes,No internet service,Month-to-month,Yes,Credit card (automatic),31.9,1040.6,Yes
Female,0,Yes,No,29,Yes,No phone service,Fiber optic,No internet service,No internet service,No,No,No internet service,No internet service,Month-to-month,No,Mailed check,38.35,1009.2,No
Male,1,No,No,14,Yes,No,DSL,No internet service,Yes,No internet service,Yes,Yes,No internet service,One year,Yes,Electronic check,49.62,686.47,No
Male,0,No,No,61,No,Yes,No,No,No,No,No internet service,No internet service,Yes,Two year,Yes,Electronic check,44.0,2735.95,No
Male,0,Yes,No,16,Yes,Yes,DSL,Yes,No internet service,No internet service,No,No,No,One year,Yes,Mailed check,72.87,1096.84,No
Male,0,Yes,Yes,21,Yes,No phone service,Fiber optic,Yes,No internet service,Yes,No,Yes,Yes,Month-to-month,Yes,Electronic check,69.7,1506.35,No
Female,0,No,No,29,Yes,No,No,No internet service,No,No internet service,Yes,Yes,Yes,One year,Yes,Electronic check,24.28,718.52,No
Male,0,No,Yes,15,No,Yes,No,No,No,Yes,No,No,No,Month-to-month,Yes,Bank transfer (automatic),36.44,600.88,No
Female,0,No,Yes,51,Yes,Yes,No,No internet service,No internet service,No internet service,No,No internet service,No,Two year,Yes,Mailed check,73.15,3720.42,No
Male,0,Yes,No,7,Yes,No phone service,Fiber optic,No internet service,No,Yes,No internet service,No internet service,No internet service,One year,Yes,Bank transfer (automatic),18.0,142.28,No
Male,0,No,No,63,Yes,No,Fiber optic,No,No internet service,No,Yes,No internet service,No,Two year,No,Electronic check,66.79,4126.78,No
Male,0,Yes,No,38,Yes,Yes,No,No,Yes,Yes,No,No,Yes,Two year,Yes,Electronic check,47.01,1826.27,No
Female,0,Yes,Yes,30,Yes,No,No,Yes,No internet service,Yes,No,No,No,Month-to-month,No,Mailed check,63.55,1921.77,No
Male,0,No,No,11,Yes,Yes,Fiber optic,No,Yes,Yes,No internet service,No,Yes,Two year,Yes,Electronic check,89.01,933.73,Yes
Female,0,Yes,No,32,Yes,No,Fiber optic,No,No,No,No,Yes,No internet service,Two year,Yes,Credit card (automatic),49.77,1549.68,No
Female,1,Yes,Yes,57,Yes,Yes,No,Yes,No,No internet service,No,Yes,Yes,One year,No,Bank transfer (automatic),60.86,3364.61,No
Female,1,Yes,No,11,Yes,Yes,No,No,No internet service,No,No internet service,Yes,No,Month-to-month,Yes,Bank transfer (automatic),30.88,326.33,No
Female,1,Yes,No,24,Yes,Yes,DSL,No,No,Yes,No,Yes,Yes,One year,No,Credit card (automatic),68.35,1673.46,No
Female,0,No,No,37,No,Yes,Fiber optic,No,Yes,Yes,No,No,No,Month-to-month,Yes,Mailed check,18.0,641.04,Yes
Female,0,No,Yes,47,Yes,Yes,No,No,No,Yes,No,No,No,One year,Yes,Mailed check,52.52,2498.73,No
Female,0,Yes,Yes,54,Yes,Yes,DSL,No,No,Yes,Yes,No,No internet service,Month-to-month,Yes,Electronic check,53.61,2834.08,No
Female,0,Yes,No,2,Yes,Yes,No,Yes,No internet service,No,No,Yes,Yes,One year,No,Mailed check,71.85,146.42,No
Female,0,Yes,No,68,Yes,No,Fiber optic,No internet service,No,No,No,Yes,Yes,Two year,Yes,Credit card (automatic),98.52,6700.44,No
Male,0,No,No,34,Yes,No,Fiber optic,No,No internet service,No internet service,No,Yes,No internet service,Month-to-month,Yes,Mailed check,32.81,1145.89,Yes
Male,0,Yes,Yes,50,Yes,Yes,DSL,No,No internet service,Yes,No,No,No internet service,One year,No,Electronic check,67.22,3425.21,No
Male,0,No,No,26,Yes,No,DSL,Yes,No,No,No,Yes,Yes,Month-to-month,Yes,Credit card (automatic),103.3,2680.27,No
Male,0,Yes,No,36,Yes,No,Fiber optic,No,No,No internet service,No,No,No internet service,One year,No,Electronic check,56.01,1997.11,No
Male,1,Yes,Yes,15,Yes,Yes,Fiber optic,No,Yes,No,Yes,No internet service,Yes,One year,Yes,Bank transfer (automatic),87.1,1276.19,No
Female,0,No,No,24,No,Yes,Fiber optic,Yes,Yes,No,No,No,No,Month-to-month,No,Bank transfer (automatic),53.58,1321.59,Yes
Female,0,No,No,32,Yes,No,Fiber optic,No,No,No internet service,No,No,No,One year,Yes,Mailed check,62.11,2060.34,No
Female,1,Yes,Yes,61,Yes,Yes,Fiber optic,Yes,Yes,Yes,Yes,Yes,No internet service,Two year,Yes,Credit card (automatic),35.13,2121.31,No
Female,0,No,Yes,16,Yes,No,No,No,No,Yes,No,Yes,Yes,Month-to-month,No,Credit card (automatic),89.49,1406.36,Yes
Female,0,No,No,42,Yes,No,No,No internet service,No,No,No,Yes,Yes,One year,Yes,Credit card (automatic),72.04,3028.46,No
Female,0,No,No,29,Yes,Yes,Fiber optic,Yes,No internet service,No,No,No,No,One year,Yes,Electronic check,18.0,525.26,Yes
Female,0,No,No,40,Yes,No,No,No,No,No,No,No,Yes,Month-to-month,No,Credit card (automatic),81.03,3197.21,No
Male,1,No,No,3,Yes,Yes,No,No,No internet service,No,No,Yes,No,Two year,Yes,Mailed check,68.3,329.8,No
Male,0,No,Yes,65,Yes,Yes,Fiber optic,No internet service,Yes,No internet service,No internet service,No internet service,No,One year,No,Bank transfer (automatic),65.02,4162.24,No
Male,0,Yes,No,59,Yes,No,DSL,No,Yes,No,No internet service,No,No internet service,Month-to-month,No,Mailed check,18.0,987.52,No
Male,0,No,No,8,Yes,No,DSL,No internet service,Yes,Yes,No,Yes,Yes,Month-to-month,No,Bank transfer (automatic),54.44,361.61,Yes
Female,0,Yes,Yes,30,Yes,Yes,No,No internet service,Yes,No,No,No internet service,Yes,Month-to-month,No,Bank transfer (automatic),18.0,538.62,No
Female,1,Yes,No,68,No,Yes,DSL,No,No internet service,Yes,No internet service,Yes,No,One year,Yes,Mailed check,90.26,6146.5,No
Female,0,Yes,Yes,23,Yes,No,DSL,Yes,No,Yes,No,No,No,One year,No,Bank transfer (automatic),104.65,2353.68,No
Male,0,Yes,Yes,23,Yes,No,DSL,No,No,Yes,No,No,No,One year,Yes,Bank transfer (automatic),65.03,1592.59,Yes
Female,0,No,Yes,44,Yes,No phone service,Fiber optic,Yes,No internet service,No internet service,No internet service,No internet service,No,Two year,No,Electronic check,113.68,4976.28,No
Female,0,No,Yes,36,Yes,Yes,Fiber optic,No,No,No,No,No internet service,No internet service,Month-to-month,Yes,Mailed check,40.69,1341.27,Yes
Female,1,No,No,57,Yes,Yes,Fiber optic,No,No,Yes,No,Yes,No,Month-to-month,No,Mailed check,97.72,5561.63,Yes
Male,0,Yes,No,22,Yes,No phone service,DSL,No,No,No internet service,No,Yes,No,Two year,No,Mailed check,65.82,1493.52,No
Female,0,Yes,No,34,Yes,Yes,DSL,Yes,No,No internet service,No,Yes,No,Two year,No,Bank transfer (automatic),47.11,1509.78,No
Male,0,No,No,62,Yes,Yes,DSL,No,No,No internet service,Yes,Yes,No,Month-to-month,Yes,Credit card (automatic),117.21,7308.52,No
Male,0,Yes,No,5,Yes,No,Fiber optic,No internet service,No internet service,Yes,No,No,No,One year,No,Credit card (automatic),103.39,488.05,No
Male,0,No,No,5,No,Yes,Fiber optic,Yes,Yes,Yes,No,Yes,Yes,Month-to-month,Yes,Bank transfer (automatic),67.82,367.78,Yes
Male,1,No,No,29,Yes,Yes,DSL,No,No internet service,Yes,No,No,No,Month-to-month,Yes,Credit card (automatic),44.46,1347.86,Yes
Female,0,No,No,0,Yes,Yes,DSL,No,No,No internet service,No internet service,No,No internet service,One year,Yes,Credit card (automatic),52.94,72.47,No
Male,1,No,No,62,Yes,No phone service,No,No,No internet service,No,No,No,Yes,Month-to-month,Yes,Bank transfer (automatic),27.64,1632.62,No
Male,0,No,No,7,Yes,No,No,No,No,Yes,No,No internet service,No,Month-to-month,Yes,Mailed check,30.4,288.48,No
Female,0,Yes,Yes,27,Yes,No,DSL,No,No,No internet service,No,Yes,No,One year,Yes,Electronic check,40.05,1133.32,Yes
Female,0,No,No,32,Yes,No,Fiber optic,No,No internet service,No,Yes,No,Yes,Two year,Yes,Mailed check,110.55,3474.04,No
Male,0,Yes,No,52,Yes,No,Fiber optic,No,No,No internet service,Yes,No internet service,No,Two year,Yes,Mailed check,54.59,2747.09,No
Female,1,Yes,No,37,Yes,No,DSL,No,Yes,No,No,Yes,Yes,One year,Yes,Mailed check,65.87,2400.33,No
Male,0,Yes,Yes,51,Yes,Yes,No,No,Yes,No,Yes,Yes,No internet service,Month-to-month,Yes,Electronic check,18.0,1028.03,No
Male,0,No,No,10,No,No,DSL,No,No,No,No internet service,Yes,Yes,Month-to-month,Yes,Mailed check,104.87,1064.83,No
Male,0,Yes,No,1,Yes,Yes,DSL,No,No internet service,No,No internet service,No internet service,No internet service,Two year,Yes,Credit card (automatic),26.0,0.0,No
Male,0,Yes,Yes,52,Yes,No,Fiber optic,Yes,Yes,Yes,Yes,Yes,Yes,Two year,Yes,Electronic check,120.0,6248.63,Yes
Female,0,Yes,No,67,Yes,No,No,No,No internet service,Yes,No,No internet service,No,Two year,No,Credit card (automatic),89.82,6094.22,No
Male,0,No,Yes,6,Yes,Yes,No,Yes,Yes,No internet service,Yes,Yes,Yes,One year,Yes,Electronic check,64.16,385.72,No
Female,0,No,No,66,No,No,Fiber optic,No internet service,Yes,No internet service,Yes,Yes,No internet service,Month-to-month,Yes,Credit card (automatic),75.38,4942.92,Yes
Female,0,No,No,8,Yes,No,Fiber optic,No internet service,No,No,No,Yes,No internet service,Month-to-month,Yes,Mailed check,59.61,465.66,No
Female,0,No,No,62,Yes,Yes,Fiber optic,Yes,No internet service,No,Yes,Yes,Yes,Month-to-month,No,Mailed check,50.65,3082.58,Yes
Female,0,Yes,No,10,Yes,Yes,No,No internet service,No internet service,Yes,No,No,Yes,Two year,Yes,Mailed check,86.63,830.78,No
Male,0,Yes,No,36,Yes,Yes,DSL,No,No,No,No,No internet service,Yes,Month-to-month,No,Credit card (automatic),78.95,2822.25,No
Female,0,No,Yes,13,Yes,No,DSL,Yes,No,No,No,Yes,Yes,Month-to-month,Yes,Credit card (automatic),47.96,629.38,No
Male,1,Yes,Yes,18,No,No,No,No internet service,Yes,Yes,Yes,No,Yes,Month-to-month,Yes,Bank transfer (automatic),120.0,2133.0,Yes
Female,0,Yes,Yes,7,Yes,No,No,No,No,No,No,Yes,Yes,One year,No,Credit card (automatic),51.77,303.53,Yes
Female,0,Yes,Yes,6,Yes,Yes,Fiber optic,No,Yes,No,No,No internet service,No internet service,Two year,Yes,Electronic check,59.12,367.3,No
Male,0,No,No,58,Yes,Yes,Fiber optic,No internet service,No internet service,No,Yes,No internet service,No internet service,One year,No,Mailed check,18.0,1045.59,No
Male,0,Yes,No,62,Yes,No,No,Yes,No,No,Yes,Yes,No,Two year,No,Electronic check,62.27,3772.87,No
Male,0,No,Yes,6,No,No,No,No,No,No,No internet service,No internet service,No internet service,One year,No,Bank transfer (automatic),120.0,653.17,No
Female,0,Yes,Yes,54,Yes,No,No,Yes,Yes,No internet service,No,No,Yes,Month-to-month,No,Bank transfer (automatic),80.68,4358.1,No
Female,0,No,No,2,Yes,Yes,Fiber optic,No,No,No,No internet service,No,Yes,Month-to-month,Yes,Credit card (automatic),89.38,260.94,Yes
Male,0,Yes,No,66,Yes,Yes,No,Yes,No internet service,Yes,No,No internet service,Yes,Two year,Yes,Mailed check,62.86,4086.53,No
Male,0,Yes,No,17,Yes,No,DSL,No,Yes,Yes,No,No internet service,Yes,Month-to-month,Yes,Electronic check,73.52,1129.91,No
Male,0,Yes,No,44,Yes,Yes,Fiber optic,No,Yes,No,No internet service,No,No internet service,Month-to-month,No,Bank transfer (automatic),107.82,4744.62,Yes
Male,1,No,No,35,Yes,Yes,DSL,Yes,Yes,No,No,No,No,Month-to-month,Yes,Bank transfer (automatic),100.58,3619.62,No
Female,0,Yes,Yes,15,Yes,Yes,DSL,Yes,No internet service,No,Yes,No,Yes,Month-to-month,Yes,Electronic check,53.28,756.75,No
Male,0,No,No,28,Yes,No,Fiber optic,No,No internet service,No internet service,Yes,Yes,No,Month-to-month,No,Bank transfer (automatic),65.21,1817.06,No
Male,1,No,Yes,58,Yes,Yes,DSL,No,No,No,No internet service,Yes,Yes,One year,Yes,Electronic check,85.46,5016.17,No
Male,0,No,Yes,17,Yes,Yes,DSL,No,No internet service,Yes,No,No,Yes,Two year,No,Mailed check,44.8,869.28,No
Male,0,Yes,Yes,48,No,Yes,DSL,No,Yes,No,No,Yes,Yes,One year,No,Credit card (automatic),66.96,3112.05,No
Female,0,Yes,No,45,Yes,Yes,No,No,No,No,Yes,Yes,No,Month-to-month,Yes,Electronic check,51.97,2337.72,No
Male,1,Yes,No,28,Yes,No,DSL,No internet service,Yes,Yes,No,Yes,No,One year,No,Mailed check,63.96,1814.04,No
Female,0,No,Yes,69,Yes,No,DSL,No internet service,No,No,No,Yes,Yes,Two year,No,Electronic check,77.11,5259.91,No
Male,1,No,No,49,Yes,No phone service,Fiber optic,No internet service,No,No internet service,No,Yes,No,Two year,No,Bank transfer (automatic),61.35,3041.03,No
Male,0,No,No,54,Yes,Yes,No,No internet service,Yes,No,Yes,No,No,Month-to-month,Yes,Mailed check,87.68,4840.57,Yes
Female,0,No,No,26,No,Yes,Fiber optic,Yes,No,No,No,No internet service,No,Month-to-month,Yes,Electronic check,90.52,2369.14,No
Male,1,Yes,Yes,6,Yes,Yes,No,Yes,No,Yes,No,No,No,Two year,Yes,Mailed check,78.94,479.88,No
Female,0,Yes,No,40,Yes,Yes,DSL,Yes,No,Yes,No,No internet service,Yes,One year,No,Electronic check,76.17,2969.2,No
Female,0,No,No,10,Yes,No,Fiber optic,No internet service,No internet service,No internet service,No,No,Yes,Month-to-month,Yes,Electronic check,85.48,791.37,No
Male,0,Yes,Yes,4,Yes,No phone service,No,No,No,No,No,Yes,No internet service,Month-to-month,Yes,Mailed check,96.08,429.28,No
Female,0,Yes,Yes,65,Yes,Yes,Fiber optic,Yes,Yes,No internet service,No,No internet service,No internet service,One year,Yes,Mailed check,18.0,1237.3,No
Female,1,No,Yes,55,Yes,Yes,DSL,No,No,No internet service,No,Yes,No,Month-to-month,Yes,Mailed check,40.81,2237.18,Yes
Female,0,Yes,Yes,11,Yes,Yes,Fiber optic,No,Yes,No,No,No,No,Month-to-month,Yes,Bank transfer (automatic),47.38,447.4,No
Female,0,No,No,41,Yes,No,No,Yes,No,No internet service,No,Yes,No,Month-to-month,Yes,Credit card (automatic),31.67,1308.37,Yes
Female,0,No,No,9,Yes,No,No,No,No,Yes,No internet service,No,No,Month-to-month,No,Electronic check,51.47,497.85,Yes
Female,0,No,No,27,Yes,No phone service,DSL,Yes,Yes,Yes,No,No internet service,No,Month-to-month,No,Electronic check,70.83,1864.53,No
Female,0,Yes,Yes,6,Yes,No,DSL,No internet service,No,Yes,No,Yes,Yes,Month-to-month,Yes,Mailed check,57.95,273.08,No
Female,0,Yes,No,13,Yes,No,No,No,Yes,Yes,No internet service,Yes,No internet service,Month-to-month,No,Electronic check,56.28,744.85,No
Male,0,No,No,68,Yes,Yes,DSL,No,No internet service,No,No,No internet service,No,Month-to-month,Yes,Credit card (automatic),90.52,6131.05,Yes
Male,1,Yes,No,60,Yes,No phone service,Fiber optic,No internet service,No internet service,No,No,No,No internet service,Month-to-month,No,Credit card (automatic),77.12,4645.86,Yes
Female,0,Yes,No,50,Yes,No,DSL,No internet service,No internet service,Yes,No,Yes,No internet service,Month-to-month,Yes,Electronic check,51.93,2607.6,No
Male,0,Yes,Yes,41,No,No,DSL,No,No,Yes,No internet service,No,No,Month-to-month,No,Electronic check,47.76,2013.92,Yes
Female,1,Yes,No,7,Yes,Yes,No,No,No,No,No,No,No,Month-to-month,Yes,Mailed check,43.14,325.19,No
Female,0,Yes,No,49,No,Yes,Fiber optic,No internet service,No,No,No,No,No internet service,Month-to-month,Yes,Credit card (automatic),120.0,5828.31,No
Male,0,No,No,0,Yes,Yes,Fiber optic,Yes,No,No internet service,No,No,No,Month-to-month,No,Electronic check,32.9,4.07,Yes
Female,0,Yes,No,68,Yes,Yes,DSL,No,Yes,No,No,No,No,Month-to-month,Yes,Credit card (automatic),76.15,5159.11,Yes
Female,1,Yes,Yes,10,Yes,No phone service,No,No internet service,No internet service,Yes,No internet service,Yes,No,Two year,No,Electronic check,18.0,173.09,No
Female,0,No,Yes,47,Yes,No,Fiber optic,No internet service,No,Yes,No internet service,Yes,No internet service,Month-to-month,Yes,Bank transfer (automatic),48.47,2362.12,No
Female,1,No,No,9,Yes,No,Fiber optic,Yes,Yes,No,Yes,No,No,Two year,Yes,Credit card (automatic),18.0,144.0,No
Male,0,Yes,No,14,Yes,No,DSL,No,No internet service,Yes,No,No,No,Month-to-month,No,Bank transfer (automatic),47.56,644.96,No
Female,0,Yes,No,46,Yes,No,Fiber optic,No,No,No internet service,No,No,Yes,Two year,Yes,Mailed check,76.42,3500.74,No
Female,0,No,Yes,24,Yes,Yes,Fiber optic,No internet service,No internet service,No,No internet service,No internet service,No,Month-to-month,Yes,Credit card (automatic),37.44,844.76,Yes
Female,0,No,No,5,Yes,Yes,Fiber optic,No,No,No,Yes,No,Yes,One year,No,Electronic check,28.01,112.41,No
Male,0,No,No,10,Yes,No phone service,No,No,Yes,No,No internet service,No,Yes,Month-to-month,No,Electronic check,89.81,853.57,Yes
Female,0,No,No,16,Yes,Yes,Fiber optic,Yes,No,Yes,No,Yes,No,Two year,No,Bank transfer (automatic),79.2,1255.87,No
Male,0,Yes,Yes,14,Yes,No,DSL,No internet service,No,No,No,No,Yes,Month-to-month,No,Credit card (automatic),66.54,918.8,No
Male,0,No,Yes,15,Yes,No,DSL,No,No internet service,No,No,No,No internet service,Two year,No,Credit card (automatic),18.0,138.33,No
Female,0,Yes,No,55,Yes,No,Fiber optic,No internet service,No,No,No,No,No,One year,No,Credit card (automatic),75.56,4199.71,No
Female,0,No,No,65,Yes,No phone service,No,No internet service,Yes,Yes,Yes,No internet service,No,One year,No,Mailed check,90.87,5950.84,Yes
Male,0,No,No,35,Yes,Yes,DSL,Yes,No internet service,No,No,Yes,Yes,Two year,Yes,Credit card (automatic),48.47,1663.93,No
Female,0,No,No,37,Yes,No,DSL,No,No internet service,No internet service,No internet service,No,No,Two year,No,Mailed check,18.0,681.51,No
Male,0,Yes,No,2,Yes,No,Fiber optic,No,Yes,No,No internet service,Yes,Yes,One year,Yes,Electronic check,61.48,111.84,No
Male,0,Yes,Yes,17,Yes,No phone service,DSL,No,No,Yes,No,Yes,No,Month-to-month,No,Bank transfer (automatic),92.51,1629.02,Yes
Female,0,No,Yes,53,Yes,No phone service,No,No,Yes,Yes,No,Yes,Yes,Month-to-month,No,Bank transfer (automatic),74.23,3996.97,No
Female,0,No,Yes,16,Yes,Yes,Fiber optic,No,Yes,No,Yes,Yes,No,Month-to-month,Yes,Credit card (automatic),51.39,956.69,No
Male,1,No,No,12,Yes,Yes,DSL,Yes,No internet service,No,Yes,No,No internet service,Month-to-month,No,Bank transfer (automatic),70.93,829.23,No
Male,0,Yes,No,62,Yes,No,Fiber optic,No internet service,No internet service,No,Yes,No internet service,No,Month-to-month,No,Credit card (automatic),95.9,5912.01,Yes
Male,0,Yes,No,13,No,Yes,Fiber optic,No,No,No internet service,No,Yes,Yes,One year,No,Electronic check,47.85,653.7,No
Male,0,No,Yes,58,No,Yes,No,No,No internet service,No internet service,Yes,Yes,Yes,Two year,Yes,Electronic check,84.52,4836.09,No
Female,0,Yes,No,35,Yes,No,No,Yes,Yes,No,Yes,Yes,No,Month-to-month,No,Electronic check,56.04,2003.73,Yes
Female,0,No,No,17,Yes,No,DSL,No,Yes,Yes,Yes,No,Yes,One year,Yes,Bank transfer (automatic),85.76,1510.68,No
Female,0,Yes,No,4,Yes,No,DSL,No internet service,Yes,No,No,No,Yes,Month-to-month,No,Credit card (automatic),61.98,300.12,No
Female,0,No,Yes,13,Yes,No,Fiber optic,No,No internet service,Yes,No,No internet service,Yes,Two year,Yes,Mailed check,34.26,377.22,No
Female,0,No,No,24,Yes,No,Fiber optic,No internet service,No internet service,Yes,No,Yes,Yes,Month-to-month,Yes,Electronic check,18.0,418.48,No
Male,0,No,No,43,Yes,No,DSL,No,No,No internet service,No,No,No,One year,Yes,Electronic check,47.2,2044.23,No
Female,0,Yes,No,38,Yes,No phone service,No,No internet service,No internet service,No,No,No,Yes,Two year,Yes,Mailed check,65.49,2531.68,Yes
Female,0,No,No,11,Yes,Yes,Fiber optic,No internet service,No internet service,No internet service,No internet service,Yes,No,Month-to-month,No,Mailed check,86.63,919.38,Yes
Female,0,Yes,Yes,60,Yes,Yes,Fiber optic,No,Yes,No internet service,No,No internet service,No,One year,Yes,Bank transfer (automatic),22.23,1308.73,No
Female,1,No,No,61,Yes,Yes,DSL,No,No,No,No,Yes,Yes,Two year,No,Electronic check,40.17,2413.31,No
Female,0,Yes,No,52,Yes,No phone service,DSL,Yes,Yes,No internet service,No,Yes,No internet service,Month-to-month,No,Bank transfer (automatic),25.34,1345.45,No
Male,0,Yes,No,52,Yes,Yes,Fiber optic,No internet service,No,No,No,Yes,Yes,Two year,No,Electronic check,18.0,923.45,No
Male,1,Yes,No,27,Yes,No,No,No internet service,No,Yes,No,Yes,Yes,Two year,Yes,Bank transfer (automatic),95.85,2579.05,No
Male,0,Yes,Yes,34,Yes,No,No,No,No,No,No,No,No,Month-to-month,Yes,Bank transfer (automatic),67.9,2343.36,No
Female,0,No,Yes,64,No,No phone service,Fiber optic,No,No internet service,No,No internet service,No,No,Month-to-month,Yes,Mailed check,117.26,7571.3,Yes
Male,0,Yes,No,2,Yes,No phone service,Fiber optic,No internet service,No,No,No,No,No internet service,One year,Yes,Credit card (automatic),41.1,20.04,No
Male,1,No,Yes,42,Yes,No,Fiber optic,No,No internet service,No internet service,No,Yes,Yes,Two year,No,Credit card (automatic),84.55,3536.55,No
Female,0,No,No,49,Yes,Yes,DSL,No,No,No,Yes,No,Yes,Month-to-month,Yes,Credit card (automatic),22.98,1227.04,Yes
Female,0,Yes,Yes,70,Yes,Yes,Fiber optic,Yes,Yes,Yes,No,No internet service,No internet service,One year,No,Electronic check,95.86,6748.09,Yes
Female,0,No,Yes,8,Yes,Yes,No,No internet service,No,Yes,No internet service,Yes,No,Month-to-month,Yes,Mailed check,31.05,208.24,No
Male,1,Yes,No,35,Yes,Yes,Fiber optic,No,No,Yes,No,No,Yes,Two year,Yes,Mailed check,48.56,1643.56,No
Male,0,Yes,Yes,22,No,Yes,DSL,No,Yes,Yes,No,No internet service,No,One year,Yes,Mailed check,59.92,1288.33,Yes
Female,0,Yes,No,49,Yes,Yes,Fiber optic,Yes,Yes,Yes,Yes,No,Yes,Month-to-month,No,Electronic check,81.12,3915.16,Yes
Female,1,No,No,54,Yes,Yes,Fiber optic,Yes,No,No,No internet service,Yes,No internet service,One year,Yes,Bank transfer (automatic),85.17,4594.8,Yes
Male,0,Yes,No,11,Yes,No,Fiber optic,No,No internet service,No,No internet service,Yes,No internet service,Two year,Yes,Bank transfer (automatic),82.38,824.35,No
Male,0,No,No,31,Yes,No,No,Yes,No,No,No,No internet service,No internet service,Month-to-month,No,Credit card (automatic),80.81,2498.45,Yes
Female,0,No,Yes,23,Yes,No,DSL,No,Yes,No,No internet service,No internet service,Yes,One year,No,Credit card (automatic),81.89,1896.83,No
Female,0,No,No,66,Yes,No phone service,Fiber optic,No internet service,No,Yes,No,No internet service,No internet service,Month-to-month,Yes,Electronic check,57.57,3709.55,No
Male,1,Yes,No,26,Yes,Yes,No,Yes,No internet service,No,No internet service,No internet service,Yes,One year,Yes,Electronic check,82.54,2085.42,No
Female,0,No,No,60,Yes,Yes,Fiber optic,No,Yes,Yes,No internet service,No,No,One year,Yes,Credit card (automatic),50.66,3163.0,No
Male,0,No,No,18,Yes,Yes,No,No,Yes,No internet service,Yes,No internet service,No,Month-to-month,No,Bank transfer (automatic),54.54,1003.98,No
Male,0,No,No,72,Yes,No phone service,DSL,Yes,Yes,No,No,No,Yes,Two year,No,Bank transfer (automatic),56.01,4056.92,No
Male,0,No,No,50,Yes,Yes,DSL,No,No internet service,Yes,Yes,No,Yes,One year,No,Mailed check,38.48,1898.85,No
Male,1,No,No,63,Yes,No phone service,DSL,No,No,No,Yes,No,No,Two year,Yes,Credit card (automatic),82.09,5173.0,No
Female,0,Yes,Yes,1,Yes,Yes,No,No,No,Yes,No,Yes,Yes,Month-to-month,Yes,Credit card (automatic),86.27,139.99,Yes
Female,0,Yes,Yes,35,Yes,No,No,Yes,Yes,No,No,Yes,No internet service,Month-to-month,Yes,Bank transfer (automatic),68.81,2351.85,Yes
Male,0,Yes,No,10,Yes,Yes,DSL,Yes,Yes,Yes,No internet service,Yes,No,Two year,No,Mailed check,22.04,178.22,No
Male,1,Yes,Yes,67,Yes,No,Fiber optic,No,Yes,No,Yes,No,No internet service,Two year,Yes,Credit card (automatic),95.8,6410.55,No
Male,0,Yes,Yes,67,Yes,No phone service,DSL,Yes,Yes,No,Yes,No,Yes,Month-to-month,No,Bank transfer (automatic),50.73,3357.57,Yes
Male,0,Yes,Yes,63,Yes,No phone service,Fiber optic,Yes,Yes,No internet service,No internet service,No internet service,Yes,Two year,Yes,Bank transfer (automatic),80.06,4999.49,No
Male,0,Yes,No,0,Yes,No,DSL,No,No,Yes,Yes,Yes,No internet service,One year,Yes,Bank transfer (automatic),79.76,123.58,No
Female,0,No,No,25,Yes,Yes,DSL,No,No,No,Yes,No,No,Two year,Yes,Mailed check,105.55,2688.05,No
Female,0,Yes,No,10,Yes,No,Fiber optic,No,Yes,No,No,No,Yes,Month-to-month,Yes,Mailed check,67.41,677.06,Yes
Female,0,No,No,1,Yes,No,No,No,No,No,Yes,No,No internet service,Month-to-month,No,Bank transfer (automatic),69.51,98.79,No
Female,0,No,No,39,Yes,Yes,Fiber optic,Yes,No,No internet service,Yes,No,No internet service,Month-to-month,Yes,Mailed check,115.89,4440.48,Yes
Male,0,No,No,3,Yes,No,Fiber optic,No,Yes,Yes,No,No internet service,No,Two year,Yes,Mailed check,46.31,157.94,No
Male,0,No,No,36,Yes,Yes,Fiber optic,No,Yes,No,Yes,No internet service,No internet service,Month-to-month,Yes,Mailed check,103.18,3663.07,No
Male,1,Yes,No,60,Yes,Yes,DSL,Yes,Yes,Yes,No internet service,Yes,No,Two year,No,Mailed check,80.97,4877.68,No
Male,0,Yes,No,4,Yes,No,Fiber optic,Yes,No internet service,Yes,No,No internet service,No,Two year,No,Electronic check,102.5,356.91,No
Male,1,Yes,No,14,Yes,No,Fiber optic,No,Yes,Yes,Yes,No internet service,No internet service,Month-to-month,Yes,Credit card (automatic),18.42,281.16,No
Female,0,Yes,No,66,Yes,Yes,Fiber optic,No,Yes,No,No,No internet service,Yes,Month-to-month,No,Credit card (automatic),40.09,2671.36,No
Male,0,No,No,25,No,Yes,DSL,No internet service,Yes,No,No internet service,Yes,No,One year,Yes,Mailed check,35.69,887.97,No
Female,1,No,No,5,Yes,No,DSL,No,No,No,Yes,No internet service,No,One year,No,Bank transfer (automatic),28.2,138.05,No
Female,0,Yes,No,43,Yes,No,No,No internet service,No,Yes,Yes,Yes,No,Month-to-month,No,Credit card (automatic),92.24,4017.96,No
Female,0,Yes,No,57,No,Yes,DSL,No,No internet service,No,No,No internet service,Yes,Two year,Yes,Mailed check,63.12,3609.37,No
Female,1,Yes,No,45,Yes,No phone service,Fiber optic,No,No internet service,Yes,No,No,No,One year,No,Credit card (automatic),18.0,824.53,No
Male,0,Yes,No,41,Yes,Yes,Fiber optic,Yes,Yes,No,Yes,Yes,No internet service,Two year,Yes,Bank transfer (automatic),18.0,733.35,No
Female,0,No,No,47,Yes,No,No,No,No,Yes,No,No internet service,No internet service,One year,Yes,Mailed check,61.85,2843.46,No
Female,0,Yes,No,26,Yes,Yes,No,Yes,No,Yes,No internet service,No internet service,No,Month-to-month,Yes,Bank transfer (automatic),70.13,1889.66,No
Female,0,No,No,19,Yes,No,No,No internet service,Yes,No,No internet service,No,No,One year,Yes,Credit card (automatic),18.0,363.16,No
Male,0,Yes,No,69,Yes,No,Fiber optic,No,No,No internet service,No,No,No,Two year,No,Electronic check,43.17,2947.13,No
Male,0,Yes,No,34,Yes,No,Fiber optic,No internet service,Yes,Yes,Yes,Yes,No internet service,Month-to-month,Yes,Bank transfer (automatic),120.0,4074.57,Yes
Male,0,No,No,47,Yes,No,DSL,No,Yes,No,No,No,Yes,Two year,No,Mailed check,73.07,3436.9,No
Female,0,No,No,66,Yes,No,DSL,No,Yes,Yes,Yes,Yes,No internet service,Month-to-month,Yes,Mailed check,35.42,2257.84,No
Female,0,No,No,67,Yes,Yes,DSL,Yes,Yes,No internet service,Yes,No,No,Two year,Yes,Bank transfer (automatic),77.64,5237.06,No
Male,0,No,No,51,Yes,No,Fiber optic,No,No internet service,No,Yes,No,No,Two year,Yes,Electronic check,58.26,3063.28,No
Female,0,Yes,Yes,67,No,Yes,No,Yes,Yes,No,Yes,Yes,No internet service,One year,Yes,Credit card (automatic),44.77,3030.37,No
Male,0,Yes,No,3,Yes,No,DSL,Yes,No,Yes,Yes,No,Yes,Month-to-month,No,Credit card (automatic),43.37,64.74,Yes
Male,0,No,No,38,Yes,No,Fiber optic,Yes,Yes,No internet service,No,No,Yes,One year,Yes,Credit card (automatic),36.77,1332.24,No
Female,0,No,No,20,Yes,Yes,Fiber optic,No internet service,Yes,No,No,No,No,Two year,Yes,Credit card (automatic),73.46,1431.53,No
Female,0,No,No,65,Yes,No,Fiber optic,No internet service,Yes,Yes,No internet service,Yes,Yes,Month-to-month,No,Credit card (automatic),63.36,4182.3,No
Female,0,Yes,Yes,15,Yes,No phone service,DSL,No internet service,Yes,No,No,No,No,One year,Yes,Mailed check,46.51,754.32,No
Female,1,No,No,6,Yes,Yes,Fiber optic,No internet service,No,Yes,No,No,Yes,Two year,Yes,Mailed check,85.07,427.2,Yes
Male,0,Yes,No,8,Yes,No,No,No,No internet service,Yes,No,Yes,No,Month-to-month,Yes,Bank transfer (automatic),72.93,573.21,Yes
Male,0,No,Yes,16,No,No,No,No internet service,No,Yes,No internet service,No,Yes,Month-to-month,No,Bank transfer (automatic),33.52,508.52,No
Male,0,No,No,11,Yes,Yes,DSL,No,No internet service,Yes,Yes,No,Yes,Month-to-month,No,Credit card (automatic),56.66,604.12,No
Male,0,Yes,No,56,Yes,No,No,No,No,No internet service,No,No,Yes,Month-to-month,No,Credit card (automatic),73.21,3998.54,Yes
Male,1,No,No,44,Yes,Yes,No,No,No,No,Yes,No internet service,No internet service,Two year,No,Credit card (automatic),82.07,3610.52,No
Female,1,Yes,Yes,10,No,No phone service,Fiber optic,Yes,No,No,No,No internet service,Yes,Two year,No,Electronic check,34.08,297.04,No
Male,0,No,No,12,Yes,No,DSL,No internet service,No internet service,No internet service,No internet service,Yes,No,Month-to-month,No,Bank transfer (automatic),34.44,395.21,No
Male,0,Yes,No,30,No,No phone service,No,Yes,No internet service,No internet service,Yes,No,No,Two year,Yes,Mailed check,43.82,1320.87,Yes
Male,1,No,Yes,25,Yes,Yes,DSL,No internet service,No,Yes,Yes,No,Yes,Month-to-month,Yes,Credit card (automatic),94.33,2390.89,No
Female,1,Yes,Yes,62,Yes,Yes,Fiber optic,No internet service,No internet service,Yes,No,No,No,Month-to-month,Yes,Bank transfer (automatic),47.37,2840.4,Yes
Female,0,No,Yes,30,Yes,Yes,Fiber optic,No,No,Yes,No,No,No,Month-to-month,No,Electronic check,28.13,773.96,Yes
Female,0,No,No,21,Yes,No,DSL,Yes,No internet service,No,No,No internet service,No internet service,Two year,No,Electronic check,92.23,1952.9,No
Female,0,Yes,Yes,5,Yes,No phone service,Fiber optic,No,No,No,Yes,Yes,Yes,Two year,Yes,Credit card (automatic),23.19,103.55,Yes
Male,1,Yes,Yes,19,Yes,No,Fiber optic,Yes,No,No internet service,Yes,Yes,Yes,One year,Yes,Mailed check,50.97,910.78,No
Male,0,No,No,9,Yes,No,Fiber optic,Yes,No,Yes,No,No,No,Month-to-month,Yes,Bank transfer (automatic),19.02,151.2,Yes
Female,0,Yes,No,34,Yes,No,Fiber optic,No,No,No internet service,Yes,Yes,Yes,Month-to-month,No,Mailed check,72.81,2487.28,Yes
Female,0,No,No,25,No,No phone service,Fiber optic,No,Yes,Yes,No internet service,No,No,One year,Yes,Credit card (automatic),59.09,1500.14,No
Male,0,Yes,No,70,Yes,No,No,Yes,Yes,No,No,No,Yes,Month-to-month,No,Credit card (automatic),73.11,5059.8,Yes
Male,0,No,Yes,36,Yes,No,DSL,Yes,No,No internet service,No,Yes,Yes,Month-to-month,Yes,Electronic check,40.81,1460.3,Yes
Female,1,Yes,No,7,Yes,No,Fiber optic,No internet service,No,No,No internet service,No internet service,Yes,One year,No,Electronic check,110.36,743.07,Yes
Female,0,Yes,Yes,4,Yes,No,Fiber optic,No,No,No,No,No,No internet service,Month-to-month,No,Bank transfer (automatic),54.47,308.15,Yes
Female,0,Yes,No,43,Yes,No,Fiber optic,No internet service,Yes,Yes,No,No,No internet service,Month-to-month,No,Credit card (automatic),84.32,3572.32,Yes
Female,0,Yes,No,66,Yes,No,Fiber optic,Yes,No internet service,No internet service,Yes,No internet service,No,Month-to-month,Yes,Credit card (automatic),58.21,3808.81,Yes
Male,0,Yes,Yes,71,Yes,Yes,Fiber optic,No,No,Yes,Yes,Yes,No,One year,No,Bank transfer (automatic),50.83,3595.1,No
Male,0,No,No,48,No,No,Fiber optic,No,Yes,Yes,No,No,No,Two year,Yes,Mailed check,69.76,3339.53,No
Male,0,No,No,35,No,No,Fiber optic,No,No,No,No,No,Yes,Month-to-month,No,Electronic check,120.0,4144.63,Yes
Female,0,No,Yes,25,Yes,No,Fiber optic,Yes,Yes,Yes,No internet service,Yes,No internet service,Month-to-month,Yes,Credit card (automatic),69.23,1765.42,No
Female,0,No,No,44,Yes,No,Fiber optic,No internet service,Yes,No,Yes,Yes,No internet service,Month-to-month,Yes,Credit card (automatic),45.55,2009.98,No
Male,0,Yes,No,60,Yes,Yes,DSL,No internet service,No internet service,Yes,No internet service,Yes,No,Month-to-month,No,Mailed check,91.69,5591.72,Yes
Male,0,No,No,43,Yes,No,Fiber optic,Yes,No internet service,No internet service,No,No internet service,No,One year,Yes,Mailed check,18.0,798.7,No
Male,1,Yes,No,3,Yes,No,DSL,Yes,Yes,Yes,Yes,No,No,Month-to-month,No,Mailed check,120.0,370.06,No
Male,1,No,No,57,Yes,No,Fiber optic,No,Yes,No,Yes,No internet service,Yes,Month-to-month,Yes,Electronic check,78.94,4443.06,No
Female,0,Yes,Yes,25,Yes,No phone service,Fiber optic,No internet service,No,No internet service,No,No internet service,No,One year,Yes,Bank transfer (automatic),36.5,910.05,No
Male,0,Yes,Yes,28,Yes,No,Fiber optic,No,No internet service,No internet service,No,No internet service,Yes,Month-to-month,No,Credit card (automatic),40.91,1178.51,Yes
Male,1,Yes,No,8,Yes,No,Fiber optic,No,No,No internet service,No,Yes,Yes,Two year,No,Electronic check,69.99,569.21,No
Male,0,No,Yes,35,Yes,Yes,Fiber optic,No,No,No,No,No,No,Month-to-month,Yes,Mailed check,18.0,672.89,Yes
Male,0,Yes,No,3,Yes,No,DSL,No,No internet service,Yes,Yes,No internet service,No internet service,Month-to-month,Yes,Credit card (automatic),98.81,319.29,Yes
Male,1,No,No,58,No,No,DSL,No,No internet service,No,No,No,No internet service,Month-to-month,Yes,Credit card (automatic),92.47,5400.98,No
Male,0,Yes,Yes,36,Yes,Yes,Fiber optic,No,No,No,No,Yes,No,Month-to-month,Yes,Electronic check,85.2,3019.67,Yes
Male,0,No,Yes,12,Yes,Yes,No,Yes,No,Yes,Yes,Yes,No,Two year,Yes,Mailed check,50.73,619.65,No
Female,1,No,No,19,Yes,Yes,Fiber optic,No,Yes,No internet service,No internet service,No,No,One year,Yes,Mailed check,120.0,2246.71,No
Female,0,Yes,No,16,Yes,No,Fiber optic,No,No internet service,No internet service,Yes,No,No,Month-to-month,No,Bank transfer (automatic),37.39,579.89,No
Female,0,No,No,50,Yes,Yes,Fiber optic,No internet service,No,No internet service,No,Yes,Yes,One year,Yes,Mailed check,46.82,2233.42,No
Female,0,No,No,54,Yes,No,Fiber optic,No internet service,No,No,No,No internet service,Yes,Two year,No,Electronic check,24.06,1382.59,No
Male,0,No,Yes,32,Yes,Yes,DSL,No,No,No,No internet service,No,No,Month-to-month,No,Bank transfer (automatic),67.13,2063.81,No
Female,0,No,No,20,Yes,No,Fiber optic,No internet service,Yes,No,No,No,No,Month-to-month,No,Bank transfer (automatic),45.84,889.72,Yes
Female,0,No,Yes,21,Yes,No,DSL,No,Yes,No,No,No,No,Month-to-month,Yes,Bank transfer (automatic),72.54,1508.32,No
Male,1,No,No,24,Yes,Yes,Fiber optic,No,No,Yes,No,Yes,No,Two year,No,Bank transfer (automatic),112.83,2771.53,No
Male,0,Yes,No,66,Yes,Yes,Fiber optic,Yes,No internet service,No internet service,No internet service,No,No,Month-to-month,No,Bank transfer (automatic),92.31,6043.92,Yes
Female,0,No,No,11,Yes,No phone service,DSL,No,No,No,No internet service,No,No,Month-to-month,No,Electronic check,49.33,497.48,No
Female,0,Yes,No,14,Yes,No phone service,Fiber optic,No internet service,No,Yes,Yes,No internet service,Yes,Month-to-month,Yes,Credit card (automatic),60.13,886.8,Yes
Male,0,Yes,No,1,Yes,Yes,Fiber optic,No,Yes,Yes,No internet service,No,Yes,One year,Yes,Mailed check,47.7,21.4,No
Female,0,No,No,3,Yes,No,Fiber optic,No,No internet service,No internet service,No,No,Yes,Two year,No,Credit card (automatic),88.55,199.95,No
Male,1,Yes,No,44,Yes,No phone service,DSL,Yes,No,Yes,Yes,No,Yes,Month-to-month,Yes,Credit card (automatic),30.44,1305.15,No
Male,1,Yes,No,12,No,No phone service,Fiber optic,No,Yes,No,Yes,Yes,Yes,Month-to-month,No,Mailed check,112.53,1397.68,No
Male,0,No,No,54,Yes,Yes,No,No,Yes,No,No internet service,Yes,Yes,Two year,Yes,Mailed check,74.41,4044.44,No
Male,0,No,No,31,Yes,No,Fiber optic,Yes,No internet service,No internet service,No,No,No,Month-to-month,Yes,Credit card (automatic),18.0,584.01,Yes
Female,0,No,Yes,21,No,No,DSL,Yes,No,No,Yes,No internet service,No internet service,Month-to-month,Yes,Mailed check,56.24,1224.87,No
Male,0,No,Yes,54,Yes,Yes,Fiber optic,No,Yes,Yes,Yes,No internet service,Yes,One year,Yes,Bank transfer (automatic),18.0,1005.42,No
Male,0,No,Yes,16,Yes,No,Fiber optic,No internet service,Yes,Yes,Yes,No,No internet service,One year,Yes,Mailed check,63.43,1012.27,No
Female,0,Yes,No,69,Yes,No,No,No,No internet service,Yes,No,No,No,Month-to-month,No,Mailed check,49.99,3503.16,No
Male,1,Yes,Yes,50,Yes,No,Fiber optic,Yes,Yes,Yes,No internet service,No,No internet service,Month-to-month,No,Bank transfer (automatic),18.0,868.31,No
Female,0,No,No,7,No,Yes,DSL,No,No,No internet service,No,No,No internet service,One year,Yes,Bank transfer (automatic),102.59,751.49,No
Female,0,Yes,No,60,Yes,Yes,Fiber optic,No,No,No,No,Yes,No internet service,One year,No,Bank transfer (automatic),119.96,7137.55,No
Female,0,No,Yes,9,Yes,Yes,No,No,Yes,Yes,Yes,No,No internet service,Two year,No,Mailed check,57.4,543.32,No
Male,0,No,No,18,Yes,No phone service,DSL,No,No,No,No,Yes,Yes,Two year,Yes,Bank transfer (automatic),54.82,1026.2,No
Female,0,Yes,Yes,13,Yes,Yes,Fiber optic,No,No internet service,Yes,No,Yes,Yes,Month-to-month,No,Bank transfer (automatic),63.4,809.09,No
Female,0,No,No,66,No,Yes,DSL,Yes,No,No,Yes,Yes,No,Two year,Yes,Electronic check,59.24,4001.54,No
Male,0,No,No,54,Yes,Yes,DSL,No internet service,No,No internet service,No internet service,No,Yes,Month-to-month,Yes,Electronic check,50.32,2702.35,No
Female,0,Yes,No,60,Yes,Yes,DSL,No internet service,No internet service,No,No internet service,No internet service,No,Two year,No,Mailed check,107.09,6457.38,No
Female,0,No,Yes,55,Yes,No,DSL,Yes,No internet service,No,No,Yes,Yes,One year,No,Bank transfer (automatic),72.47,4068.94,No
Female,0,No,No,62,Yes,No,Fiber optic,No,Yes,No,No,No,No,One year,Yes,Mailed check,61.76,3896.92,No
Female,0,Yes,No,10,Yes,No phone service,No,No internet service,No,Yes,No,No,Yes,One year,Yes,Electronic check,83.91,883.16,No
Female,0,No,No,46,Yes,No,DSL,No internet service,No,No,Yes,Yes,No,Month-to-month,Yes,Electronic check,70.68,3210.16,No
Male,0,No,No,5,Yes,No,DSL,No,No,No,No,No,No,Month-to-month,Yes,Bank transfer (automatic),67.54,319.56,Yes
Female,0,No,Yes,33,Yes,No,Fiber optic,Yes,No,No,No,Yes,Yes,Month-to-month,No,Mailed check,38.62,1210.16,No
Female,0,No,No,64,Yes,No,DSL,No internet service,No,Yes,No,Yes,No internet service,Two year,Yes,Electronic check,71.73,4579.53,No
Male,0,No,No,63,Yes,No,DSL,Yes,No,No,No internet service,Yes,No,Month-to-month,Yes,Credit card (automatic),84.94,5393.47,Yes
Male,0,Yes,Yes,65,Yes,No,No,No,Yes,No,No,No,No,Month-to-month,Yes,Bank transfer (automatic),43.8,2864.52,Yes
Male,0,No,No,30,Yes,No,Fiber optic,Yes,Yes,Yes,No,Yes,Yes,Two year,Yes,Mailed check,90.67,2661.49,No
Female,0,No,No,61,Yes,Yes,No,No,No,No,No,No,Yes,Month-to-month,No,Credit card (automatic),77.5,4817.21,Yes
Male,0,Yes,No,53,Yes,No,DSL,Yes,No internet service,Yes,No,Yes,No internet service,Two year,Yes,Bank transfer (automatic),87.46,4632.39,No
Female,0,Yes,Yes,7,Yes,Yes,Fiber optic,Yes,No,Yes,Yes,No internet service,Yes,Month-to-month,Yes,Bank transfer (automatic),56.64,380.12,No
Female,1,No,Yes,41,Yes,Yes,Fiber optic,No,Yes,No internet service,Yes,Yes,Yes,Month-to-month,No,Electronic check,38.2,1560.61,Yes
Male,0,No,No,40,Yes,Yes,No,Yes,No,No,No,Yes,No internet service,Month-to-month,Yes,Mailed check,75.45,3077.42,No
Male,1,No,No,58,Yes,No,DSL,No,Yes,Yes,Yes,No internet service,No,Two year,Yes,Electronic check,84.65,4876.32,No
Female,0,No,Yes,39,Yes,Yes,No,Yes,No,Yes,No,Yes,No,Month-to-month,No,Credit card (automatic),120.0,4709.41,No
Male,0,No,No,21,No,Yes,DSL,Yes,No internet service,No internet service,No,No internet service,Yes,Month-to-month,Yes,Credit card (automatic),26.81,606.31,No
Female,1,No,Yes,23,Yes,Yes,No,No internet service,No,Yes,No,Yes,No internet service,One year,No,Credit card (automatic),68.36,1655.91,No
Male,0,No,No,37,Yes,Yes,DSL,No,Yes,No,No,No,No,Two year,No,Credit card (automatic),83.49,3016.34,No
Male,0,Yes,No,1,Yes,No phone service,Fiber optic,No internet service,No internet service,No,No internet service,Yes,No,Month-to-month,No,Credit card (automatic),85.12,63.71,Yes
Male,0,No,No,40,Yes,No,DSL,No,No,No,No,No,Yes,One year,Yes,Mailed check,30.05,1171.24,Yes
Female,0,No,No,18,No,No,Fiber optic,No internet service,No internet service,Yes,No,No internet service,No,One year,Yes,Mailed check,85.86,1536.29,No
Male,0,No,No,1,Yes,No,DSL,No internet service,Yes,Yes,No internet service,No,No,One year,No,Bank transfer (automatic),21.06,15.58,No
Female,0,No,No,61,Yes,No phone service,Fiber optic,No internet service,No,No internet service,No,Yes,No internet service,Month-to-month,No,Bank transfer (automatic),24.29,1476.43,Yes
Female,1,No,No,15,No,No,Fiber optic,No,Yes,Yes,Yes,No internet service,Yes,Month-to-month,No,Mailed check,105.46,1615.67,Yes
Female,0,Yes,No,21,Yes,Yes,Fiber optic,No,Yes,No,No,No,No,Month-to-month,No,Bank transfer (automatic),37.63,774.43,No
Female,1,Yes,Yes,13,Yes,No,DSL,Yes,Yes,No internet service,Yes,No internet service,Yes,One year,No,Electronic check,94.65,1251.7,No
Male,1,Yes,No,55,Yes,No,No,No internet service,No internet service,No,No,Yes,No,Month-to-month,Yes,Mailed check,70.82,3929.5,Yes
Female,0,Yes,Yes,64,Yes,No,DSL,No,Yes,Yes,Yes,Yes,Yes,One year,Yes,Electronic check,96.15,6183.9,Yes
Female,0,No,No,44,Yes,No,No,No internet service,No,No,No internet service,No,No internet service,Month-to-month,Yes,Credit card (automatic),50.36,2222.27,No
Male,1,Yes,Yes,53,Yes,No,No,Yes,No internet service,No internet service,No,No internet service,No,Month-to-month,Yes,Credit card (automatic),51.51,2769.35,Yes
Female,1,Yes,No,65,Yes,No,Fiber optic,No,Yes,No internet service,No,No,Yes,One year,Yes,Bank transfer (automatic),79.37,5116.02,No
Male,0,No,Yes,45,Yes,Yes,DSL,Yes,No internet service,Yes,Yes,No,Yes,Two year,Yes,Mailed check,103.07,4608.62,No
Female,0,No,No,32,Yes,No phone service,DSL,No,No,Yes,No internet service,No,No,One year,Yes,Credit card (automatic),98.04,3112.8,No
Male,0,Yes,No,49,Yes,Yes,Fiber optic,Yes,Yes,No internet service,Yes,Yes,No,Month-to-month,No,Bank transfer (automatic),44.16,2189.24,No
Female,0,No,No,21,Yes,No phone service,DSL,No,No,No internet service,No internet service,No internet service,No,Month-to-month,Yes,Electronic check,120.0,2538.82,No
Male,0,No,No,39,Yes,No,Fiber optic,No,Yes,Yes,No,No internet service,No,One year,Yes,Mailed check,30.26,1233.03,No
Female,0,Yes,No,38,Yes,No,No,No internet service,Yes,No internet service,No,Yes,Yes,Month-to-month,No,Bank transfer (automatic),56.98,2127.68,No
Female,0,Yes,No,40,Yes,Yes,No,No,No,Yes,No,Yes,Yes,One year,No,Credit card (automatic),97.29,3987.84,Yes
Male,0,No,No,67,Yes,Yes,Fiber optic,No,No,Yes,Yes,No,No internet service,Month-to-month,Yes,Electronic check,76.19,5107.79,No
Male,0,No,No,6,Yes,No,No,Yes,Yes,No,No,No,No,Two year,Yes,Electronic check,110.86,639.26,No
Male,0,No,Yes,70,Yes,Yes,DSL,No internet service,No,No,Yes,No,No,Two year,Yes,Bank transfer (automatic),61.1,4329.35,No
Male,0,Yes,No,3,Yes,Yes,No,No,No,Yes,Yes,Yes,No,Month-to-month,Yes,Mailed check,90.55,304.12,No
Female,0,Yes,No,58,Yes,Yes,Fiber optic,Yes,No,No internet service,No internet service,No internet service,No,One year,Yes,Bank transfer (automatic),32.34,1871.99,No
Female,0,No,No,25,No,No,Fiber optic,No,No,No,No internet service,No,No internet service,Month-to-month,No,Credit card (automatic),36.36,891.23,Yes
Male,0,Yes,No,30,Yes,Yes,DSL,No,No,No,No internet service,No internet service,No,Month-to-month,No,Mailed check,48.37,1432.71,No
Female,0,Yes,No,72,Yes,No,DSL,No,No,No,No internet service,No,Yes,Month-to-month,No,Credit card (automatic),30.31,2193.45,No
Male,1,No,Yes,68,Yes,No phone service,Fiber optic,No internet service,Yes,Yes,No internet service,No,Yes,One year,Yes,Electronic check,31.65,2154.15,No
Male,0,Yes,No,51,Yes,No,No,Yes,No,No,No internet service,No,No internet service,Month-to-month,Yes,Electronic check,58.17,2897.97,No
Female,0,No,No,71,Yes,No,DSL,Yes,No internet service,No,Yes,Yes,No,Two year,Yes,Credit card (automatic),67.87,4803.16,No
Female,0,No,No,20,No,No,Fiber optic,No,No,No,Yes,No,No internet service,Month-to-month,Yes,Credit card (automatic),66.08,1357.49,Yes
Female,1,Yes,No,15,Yes,Yes,DSL,No internet service,No,Yes,Yes,No,Yes,Month-to-month,No,Electronic check,86.06,1262.18,Yes
Female,0,No,Yes,50,Yes,Yes,DSL,No,No,Yes,Yes,No,Yes,Month-to-month,No,Bank transfer (automatic),59.43,2927.95,Yes
Female,0,Yes,No,15,Yes,Yes,DSL,Yes,Yes,Yes,No internet service,Yes,Yes,One year,Yes,Bank transfer (automatic),21.4,352.8,No
Female,0,No,Yes,17,Yes,Yes,No,No,No,No internet service,No internet service,No,Yes,Month-to-month,No,Bank transfer (automatic),52.12,969.91,No
Female,0,Yes,No,46,No,No,Fiber optic,No,No internet service,No internet service,No,No,Yes,Month-to-month,No,Credit card (automatic),83.51,3868.73,No
Male,0,Yes,No,55,Yes,No,Fiber optic,No,No,No internet service,Yes,Yes,Yes,Month-to-month,Yes,Credit card (automatic),70.4,3793.16,Yes
Male,0,No,No,27,Yes,No,Fiber optic,No internet service,Yes,No internet service,No,No internet service,No,Month-to-month,Yes,Electronic check,24.1,646.82,No
Male,0,Yes,No,55,Yes,No phone service,Fiber optic,Yes,No,No,No,No,No internet service,Month-to-month,Yes,Mailed check,30.7,1737.95,No
Male,0,No,No,36,Yes,Yes,Fiber optic,No,Yes,Yes,No internet service,No,Yes,Month-to-month,Yes,Bank transfer (automatic),50.58,1769.3,Yes
Male,0,Yes,Yes,15,Yes,No,Fiber optic,No internet service,No,Yes,No,No internet service,No,Month-to-month,Yes,Bank transfer (automatic),85.74,1351.56,No
Female,0,Yes,No,64,Yes,No,Fiber optic,No,Yes,No,No,No,No,Month-to-month,Yes,Bank transfer (automatic),52.69,3407.25,Yes
Male,1,No,Yes,59,Yes,No,Fiber optic,Yes,Yes,Yes,No,No internet service,Yes,Month-to-month,No,Electronic check,79.83,4730.3,Yes
Male,0,Yes,No,60,Yes,Yes,DSL,Yes,No internet service,Yes,Yes,Yes,Yes,One year,Yes,Mailed check,91.66,5400.01,No
Male,1,Yes,Yes,10,Yes,No,DSL,No,No,Yes,No,No,No,Month-to-month,Yes,Mailed check,80.93,867.64,Yes
Male,0,No,No,65,Yes,No,No,Yes,No,Yes,No,No internet service,No internet service,Month-to-month,No,Mailed check,76.26,4958.35,Yes
Male,0,No,Yes,31,Yes,No phone service,DSL,No internet service,No internet service,Yes,No internet service,No internet service,No,One year,No,Bank transfer (automatic),18.0,519.84,No
Male,0,No,No,18,Yes,Yes,Fiber optic,No internet service,No internet service,Yes,No internet service,Yes,Yes,One year,Yes,Credit card (automatic),32.57,557.4,No
Male,1,No,No,55,Yes,No,Fiber optic,Yes,No,No,No,Yes,No,Two year,Yes,Bank transfer (automatic),74.34,4048.09,No
Female,0,Yes,No,4,No,Yes,No,No internet service,No internet service,Yes,No,Yes,No internet service,Month-to-month,No,Mailed check,39.24,176.57,Yes
Female,0,No,No,2,Yes,Yes,DSL,No,Yes,No internet service,Yes,No,No internet service,Two year,No,Electronic check,60.44,126.69,No
Male,0,Yes,No,27,Yes,No,Fiber optic,No,No internet service,No internet service,Yes,Yes,No internet service,One year,No,Mailed check,101.78,2725.78,No
Female,0,No,No,71,No,No,Fiber optic,Yes,No internet service,No internet service,No internet service,No,No internet service,Two year,Yes,Bank transfer (automatic),31.75,2286.7,No
Female,0,Yes,No,28,Yes,Yes,Fiber optic,Yes,Yes,No,No,No internet service,Yes,Two year,No,Credit card (automatic),71.8,2013.83,No
Female,0,No,No,58,Yes,No,Fiber optic,No,No,No,No,Yes,No,Month-to-month,Yes,Mailed check,103.66,5995.83,Yes
Female,0,No,No,24,Yes,No,Fiber optic,No,No,No,No internet service,Yes,Yes,Month-to-month,No,Credit card (automatic),18.0,317.6,No
Male,0,No,Yes,21,Yes,Yes,No,No,Yes,Yes,No,No internet service,Yes,One year,Yes,Mailed check,40.59,949.9,No
Female,0,No,No,70,Yes,No,Fiber optic,No,No,No,No internet service,No,No,Month-to-month,Yes,Credit card (automatic),39.3,2875.41,No
Female,0,No,No,22,Yes,No,DSL,Yes,No,No internet service,Yes,Yes,No,Two year,Yes,Credit card (automatic),76.66,1652.92,No
Female,0,No,Yes,69,Yes,Yes,No,No internet service,Yes,No,No,No,No,Month-to-month,Yes,Mailed check,55.14,3746.41,No
Male,0,Yes,No,39,Yes,No,DSL,No internet service,Yes,No,Yes,No,No internet service,Two year,Yes,Electronic check,80.49,3120.87,No
Male,0,Yes,No,13,Yes,Yes,Fiber optic,No,No,No,No internet service,No,No,Month-to-month,Yes,Bank transfer (automatic),29.74,381.38,Yes
Male,0,Yes,Yes,28,Yes,No phone service,Fiber optic,Yes,Yes,No,No,Yes,No,Month-to-month,Yes,Bank transfer (automatic),50.08,1399.35,Yes
Male,1,Yes,No,15,Yes,Yes,DSL,Yes,Yes,No internet service,No,No internet service,No,Two year,Yes,Mailed check,49.26,771.56,No
Male,1,No,No,9,Yes,No,DSL,No,No,Yes,No,No,Yes,Month-to-month,No,Credit card (automatic),63.16,531.09,Yes
Male,0,No,Yes,46,Yes,No,Fiber optic,No,No,No internet service,No internet service,Yes,No,Month-to-month,Yes,Bank transfer (automatic),69.09,3202.54,No
Male,0,No,No,3,Yes,Yes,DSL,No,No,No,No,Yes,No internet service,Month-to-month,No,Credit card (automatic),43.87,86.06,No
Female,0,No,No,11,Yes,No,Fiber optic,No internet service,Yes,No internet service,Yes,Yes,No,Two year,No,Electronic check,66.03,690.63,No
Female,0,No,Yes,41,Yes,Yes,Fiber optic,No,No,No,No internet service,No internet service,No internet service,One year,Yes,Mailed check,68.7,2907.46,No
Female,0,Yes,No,3,Yes,No,Fiber optic,No internet service,No,Yes,No internet service,No,No,Two year,Yes,Electronic check,18.0,175.95,Yes
Male,0,Yes,No,5,Yes,No,DSL,Yes,No,No internet service,Yes,Yes,No,Month-to-month,No,Credit card (automatic),70.56,324.69,Yes
Male,0,Yes,No,13,Yes,Yes,DSL,No,No,No internet service,No,Yes,Yes,Month-to-month,Yes,Credit card (automatic),66.31,833.43,Yes
Male,1,Yes,No,34,Yes,No,Fiber optic,No internet service,No internet service,Yes,No,No internet service,No internet service,Month-to-month,Yes,Mailed check,120.0,4100.74,Yes
Male,1,No,No,46,Yes,No,Fiber optic,No,No,No,No,No,Yes,Month-to-month,Yes,Credit card (automatic),70.05,3105.85,No
Male,0,No,No,57,Yes,No,Fiber optic,No internet service,No,Yes,No,Yes,Yes,Month-to-month,Yes,Mailed check,58.44,3421.39,No
Female,0,No,Yes,64,Yes,No phone service,Fiber optic,No,No,Yes,Yes,No internet service,No,One year,Yes,Mailed check,104.23,6579.86,No
Female,0,No,No,18,Yes,No,DSL,No internet service,Yes,No,No,Yes,No,Month-to-month,No,Electronic check,46.65,785.71,No
Male,0,No,No,56,Yes,No,Fiber optic,No,Yes,Yes,No internet service,Yes,Yes,Month-to-month,No,Bank transfer (automatic),38.98,2149.7,No
Male,0,Yes,Yes,64,Yes,No,No,No,No internet service,No,Yes,Yes,Yes,Month-to-month,No,Bank transfer (automatic),53.95,3520.99,Yes
Male,0,No,No,12,Yes,No,DSL,Yes,No internet service,No internet service,No,Yes,Yes,Month-to-month,Yes,Credit card (automatic),80.08,1026.39,Yes
Male,0,Yes,Yes,7,Yes,Yes,Fiber optic,No,No,No internet service,No internet service,No,No internet service,Month-to-month,No,Bank transfer (automatic),120.0,835.51,Yes
Female,0,Yes,No,17,Yes,No,No,Yes,No internet service,Yes,Yes,Yes,No internet service,Month-to-month,No,Credit card (automatic),72.29,1233.98,Yes
Male,0,Yes,No,34,Yes,Yes,Fiber optic,Yes,No internet service,Yes,No internet service,Yes,No,Month-to-month,No,Bank transfer (automatic),55.21,1837.9,No
Male,0,No,No,25,Yes,Yes,Fiber optic,Yes,No internet service,No,Yes,Yes,No internet service,Two year,Yes,Electronic check,48.28,1282.54,No
Male,0,Yes,Yes,37,Yes,No,DSL,No,No internet service,Yes,Yes,No internet service,No,Month-to-month,Yes,Bank transfer (automatic),18.0,621.3,No
Male,0,Yes,No,65,Yes,Yes,No,Yes,No internet service,Yes,No,Yes,No,Two year,No,Credit card (automatic),18.0,1167.03,No
Female,0,No,Yes,25,Yes,Yes,Fiber optic,No internet service,No internet service,Yes,No,No,No internet service,Month-to-month,Yes,Credit card (automatic),63.36,1557.66,No
Male,0,No,No,56,Yes,Yes,DSL,No,No,No internet service,Yes,No,Yes,One year,No,Bank transfer (automatic),41.1,2362.57,No
Male,0,Yes,No,24,Yes,No phone service,Fiber optic,No,No,No internet service,Yes,No internet service,Yes,Month-to-month,Yes,Mailed check,64.11,1537.68,No
Female,0,Yes,No,29,No,Yes,DSL,No,Yes,No internet service,No,No internet service,No,One year,No,Electronic check,46.14,1260.41,Yes
Female,1,No,No,6,Yes,Yes,Fiber optic,No,No internet service,Yes,Yes,No internet service,Yes,Month-to-month,Yes,Mailed check,39.08,184.56,Yes
Female,0,Yes,No,26,Yes,No,No,Yes,No internet service,No,Yes,No,Yes,Month-to-month,Yes,Bank transfer (automatic),25.1,595.37,No
Male,0,No,Yes,10,Yes,No phone service,Fiber optic,No,Yes,No internet service,No,No,No internet service,Two year,No,Mailed check,42.21,320.04,No
Male,0,No,No,7,Yes,No,No,Yes,No,No,No,Yes,No,One year,No,Bank transfer (automatic),120.0,833.46,Yes
Female,1,Yes,No,10,Yes,No phone service,No,Yes,Yes,Yes,No internet service,No internet service,No,Month-to-month,No,Credit card (automatic),52.49,575.31,No
Female,0,Yes,No,29,Yes,No,Fiber optic,Yes,Yes,No internet service,No,No,Yes,Month-to-month,Yes,Mailed check,55.05,1572.22,Yes
Female,0,Yes,Yes,14,Yes,No,DSL,No,No,No,Yes,Yes,Yes,Month-to-month,Yes,Electronic check,61.01,825.87,No
Female,0,Yes,No,55,Yes,Yes,DSL,No internet service,No,No,No,Yes,No,One year,Yes,Mailed check,90.33,4908.65,Yes
Female,0,Yes,No,34,Yes,No,Fiber optic,Yes,No,No,No internet service,No,No,One year,Yes,Credit card (automatic),73.27,2532.07,No
Female,0,No,No,38,Yes,No,DSL,No,Yes,Yes,No,No internet service,No internet service,Month-to-month,No,Credit card (automatic),58.53,2260.16,No
Male,0,Yes,No,23,Yes,Yes,Fiber optic,No,Yes,Yes,No,Yes,No,Month-to-month,Yes,Credit card (automatic),57.47,1316.05,Yes
Male,0,No,No,7,Yes,No phone service,Fiber optic,No,No,No internet service,No internet service,No,Yes,Month-to-month,Yes,Mailed check,52.19,369.29,Yes
Male,1,No,Yes,42,Yes,No,Fiber optic,No,No,No,No,No internet service,Yes,Month-to-month,No,Credit card (automatic),18.0,669.07,Yes
Female,0,Yes,Yes,41,Yes,No,Fiber optic,No,No,Yes,Yes,No internet service,Yes,Month-to-month,Yes,Credit card (automatic),46.22,1882.1,No
Female,0,Yes,No,40,Yes,No,Fiber optic,No,No,No,No internet service,No,No,One year,No,Mailed check,116.88,4682.34,No
Female,0,Yes,No,46,Yes,Yes,No,No internet service,Yes,No,Yes,No,Yes,One year,Yes,Mailed check,106.82,4919.41,No
Female,0,Yes,No,25,Yes,No phone service,Fiber optic,No,No,No internet service,No internet service,Yes,No,Month-to-month,Yes,Bank transfer (automatic),32.51,802.85,No
Female,0,No,No,51,Yes,No,Fiber optic,No,No internet service,No internet service,No,No,No internet service,Two year,No,Mailed check,34.54,1769.84,No
Female,0,Yes,No,21,Yes,No,DSL,No,No,Yes,No,No,No,Month-to-month,Yes,Credit card (automatic),120.0,2557.95,No
Male,0,No,No,4,Yes,No,Fiber optic,No,No,No,No,No,No,One year,Yes,Electronic check,29.81,116.42,No
Male,0,Yes,No,14,Yes,Yes,Fiber optic,No,Yes,No,Yes,No,No,Two year,No,Credit card (automatic),18.08,226.06,No
Female,0,Yes,No,35,Yes,No,Fiber optic,No,No internet service,No internet service,Yes,Yes,No,Month-to-month,No,Credit card (automatic),39.79,1434.53,No
Male,0,No,No,62,Yes,Yes,DSL,No,No,Yes,No,No,Yes,Month-to-month,No,Credit card (automatic),58.38,3689.61,Yes
Female,0,No,No,48,Yes,No,Fiber optic,No,Yes,Yes,Yes,No,No internet service,Month-to-month,No,Mailed check,79.52,3804.23,Yes
Male,0,Yes,Yes,54,Yes,No,Fiber optic,No internet service,Yes,No internet service,Yes,No,No,Two year,Yes,Electronic check,32.44,1769.84,No
Female,0,Yes,Yes,71,Yes,Yes,No,No internet service,Yes,No,No,No,Yes,Month-to-month,Yes,Credit card (automatic),87.95,6261.06,No
Female,1,No,No,59,Yes,Yes,DSL,No internet service,Yes,No,No,No,No internet service,One year,No,Mailed check,43.97,2556.14,Yes
Male,1,Yes,No,56,Yes,Yes,Fiber optic,Yes,No,No internet service,Yes,No internet service,No internet service,Month-to-month,Yes,Bank transfer (automatic),57.59,3256.38,No
Male,0,Yes,No,28,Yes,No,DSL,No,No,Yes,No,No,Yes,Month-to-month,Yes,Electronic check,108.25,2964.33,No
Female,0,No,No,18,Yes,Yes,Fiber optic,No,No internet service,No,Yes,No,No,Month-to-month,Yes,Electronic check,118.3,2088.76,No
Female,0,No,Yes,72,Yes,No phone service,Fiber optic,No,Yes,No,No internet service,No,No,Month-to-month,Yes,Mailed check,84.09,6045.2,No
Male,0,No,Yes,9,Yes,No phone service,No,No,No internet service,No,Yes,Yes,No,Two year,Yes,Bank transfer (automatic),72.63,700.81,No
Male,0,No,No,9,Yes,No,DSL,No internet service,Yes,Yes,No,Yes,Yes,Two year,Yes,Credit card (automatic),18.0,195.76,No
Female,0,No,No,56,Yes,Yes,Fiber optic,No internet service,No,No,Yes,No internet service,No,Month-to-month,No,Bank transfer (automatic),111.43,6238.08,Yes
Male,0,No,No,53,Yes,No,Fiber optic,Yes,No,Yes,No,Yes,No,Month-to-month,Yes,Electronic check,66.62,3596.06,Yes
Female,0,No,Yes,55,Yes,No,Fiber optic,No,No internet service,No internet service,No internet service,Yes,No internet service,Month-to-month,No,Mailed check,67.84,3685.8,No
Female,0,No,No,67,Yes,Yes,Fiber optic,No,No,No,No internet service,No,No,One year,No,Bank transfer (automatic),61.57,4118.4,No
Female,0,No,No,68,Yes,No,Fiber optic,No,Yes,Yes,No,No internet service,No,Month-to-month,Yes,Credit card (automatic),60.19,4134.28,Yes
Female,0,Yes,No,54,Yes,No phone service,Fiber optic,No internet service,No internet service,No,No internet service,Yes,No internet service,One year,Yes,Bank transfer (automatic),18.0,934.67,No
Male,0,Yes,No,68,Yes,No,DSL,Yes,No internet service,Yes,No internet service,No,No,Month-to-month,Yes,Bank transfer (automatic),40.72,2786.16,Yes
Male,0,No,Yes,71,No,No phone service,Fiber optic,No,No,No,No,Yes,No,One year,Yes,Mailed check,54.01,3874.92,No
Male,0,No,No,0,Yes,No phone service,Fiber optic,No,No internet service,No internet service,No internet service,Yes,No,Two year,No,Mailed check,39.53,0.0,No
Male,0,Yes,No,11,Yes,Yes,No,Yes,No internet service,Yes,No,Yes,Yes,Month-to-month,Yes,Electronic check,54.44,537.18,Yes
Male,0,No,No,34,Yes,No phone service,Fiber optic,No internet service,No internet service,Yes,No,No internet service,No,Two year,Yes,Mailed check,30.99,1046.88,No
Male,0,Yes,No,32,Yes,Yes,No,No internet service,No,No,No,No internet service,Yes,One year,Yes,Bank transfer (automatic),59.02,1776.48,No
Male,0,No,Yes,24,No,Yes,DSL,No,No,No,Yes,Yes,No internet service,One year,No,Credit card (automatic),55.52,1294.47,No
Female,0,No,No,15,Yes,Yes,DSL,No,Yes,No,No,No internet service,Yes,Month-to-month,Yes,Electronic check,66.05,1016.23,No
Male,0,No,No,7,Yes,No,Fiber optic,No internet service,Yes,No,Yes,No,No,Month-to-month,No,Mailed check,119.19,880.24,Yes
Male,0,Yes,Yes,34,Yes,Yes,DSL,No,No internet service,Yes,No,No,No,Two year,No,Bank transfer (automatic),81.88,2805.75,Yes
Female,0,No,Yes,45,Yes,Yes,No,No,No,Yes,Yes,No,No,One year,Yes,Bank transfer (automatic),51.59,2235.67,No
Male,0,Yes,No,10,Yes,Yes,Fiber optic,No internet service,Yes,Yes,No,Yes,Yes,Two year,Yes,Electronic check,107.13,1021.87,No
Male,0,Yes,Yes,60,Yes,No,DSL,No internet service,No,No,No,No,No internet service,One year,Yes,Electronic check,40.47,2412.42,No
Female,1,Yes,No,43,Yes,No,Fiber optic,Yes,No,Yes,Yes,No,No internet service,Month-to-month,Yes,Mailed check,81.82,3528.06,No
Male,0,No,No,10,No,No,No,No internet service,Yes,No,No,No internet service,Yes,Two year,Yes,Mailed check,89.52,920.01,No
Male,0,Yes,No,10,Yes,No,DSL,Yes,No,Yes,No,Yes,Yes,Month-to-month,Yes,Credit card (automatic),18.0,208.99,No
Male,0,Yes,No,21,Yes,Yes,Fiber optic,No,Yes,No internet service,No,No internet service,Yes,Two year,Yes,Electronic check,63.73,1365.98,No
Female,0,No,Yes,61,Yes,Yes,Fiber optic,No,Yes,No internet service,No,Yes,No,Month-to-month,No,Electronic check,51.43,3184.73,Yes
Male,1,No,Yes,47,Yes,Yes,Fiber optic,Yes,No internet service,No,No,No internet service,Yes,Month-to-month,No,Bank transfer (automatic),81.32,3819.81,Yes
Male,0,No,No,62,Yes,Yes,DSL,No,Yes,No internet service,Yes,No,Yes,Month-to-month,No,Credit card (automatic),57.52,3547.38,No
Female,0,No,No,50,Yes,No,Fiber optic,No,No,No internet service,No internet service,No,No,Two year,Yes,Mailed check,48.74,2414.54,No
Male,0,Yes,No,44,Yes,No,Fiber optic,Yes,No,Yes,No,No internet service,Yes,Two year,No,Credit card (automatic),22.77,954.31,No
Female,0,No,No,32,Yes,Yes,Fiber optic,No internet service,No,No internet service,No,Yes,No internet service,Two year,Yes,Credit card (automatic),89.13,2935.57,No
Female,0,No,Yes,59,Yes,Yes,No,Yes,No,No internet service,Yes,No,Yes,Month-to-month,Yes,Bank transfer (automatic),46.51,2764.73,Yes
Male,0,Yes,Yes,1,Yes,Yes,No,No,Yes,No,No,No internet service,No internet service,Month-to-month,Yes,Electronic check,28.83,0.0,No
Female,0,Yes,No,12,Yes,No,DSL,Yes,No internet service,No internet service,No internet service,No,Yes,One year,Yes,Electronic check,50.27,545.32,No
Female,0,Yes,No,65,No,Yes,DSL,Yes,No,No internet service,Yes,No,No,Month-to-month,Yes,Electronic check,65.02,4236.55,No
Male,0,Yes,No,56,Yes,No,Fiber optic,No internet service,No,Yes,No,Yes,No internet service,One year,No,Mailed check,53.75,3038.62,No
Female,1,No,Yes,42,Yes,Yes,DSL,Yes,No,No internet service,Yes,Yes,No internet service,Two year,Yes,Electronic check,19.64,852.49,No
Female,0,No,Yes,44,Yes,No phone service,Fiber optic,No,No,No,No internet service,No,Yes,Month-to-month,Yes,Credit card (automatic),63.24,2823.54,Yes
Male,0,No,No,30,No,No,DSL,No,Yes,No internet service,No,Yes,No,One year,Yes,Credit card (automatic),22.28,674.67,No
Male,0,No,No,9,Yes,Yes,Fiber optic,Yes,No,Yes,No internet service,Yes,No,Two year,No,Electronic check,37.04,369.56,Yes
Male,0,Yes,No,22,Yes,No,DSL,No internet service,No,Yes,No internet service,Yes,No,Two year,No,Credit card (automatic),37.5,820.47,No
Female,0,No,No,28,Yes,No,DSL,Yes,No,No internet service,No,No internet service,No internet service,One year,No,Mailed check,106.4,3001.97,No
Male,0,Yes,No,30,Yes,No,No,No,Yes,No,Yes,No,No internet service,One year,Yes,Electronic check,72.38,2141.6,No
Female,0,No,No,17,No,No,DSL,No,Yes,No internet service,Yes,No,No,Month-to-month,No,Mailed check,63.48,1045.14,No
Female,0,Yes,No,10,Yes,No,DSL,No,No,No,Yes,Yes,No,Month-to-month,Yes,Electronic check,72.93,647.27,No
Female,1,No,Yes,46,Yes,No,Fiber optic,No,No,No internet service,No,Yes,No,Month-to-month,No,Mailed check,86.34,3957.87,Yes
Female,0,Yes,No,2,Yes,No,DSL,No internet service,No,No,No,No,No,Month-to-month,No,Mailed check,18.0,22.49,No
Female,0,Yes,Yes,1,Yes,No,Fiber optic,No internet service,Yes,No internet service,No,No internet service,No internet service,Month-to-month,Yes,Mailed check,56.3,7.5,Yes
Female,1,Yes,Yes,53,Yes,Yes,Fiber optic,No,No,No,Yes,Yes,Yes,Month-to-month,No,Credit card (automatic),48.76,2606.6,No
Female,0,No,Yes,71,Yes,No,Fiber optic,No,Yes,No,Yes,Yes,No internet service,Two year,Yes,Mailed check,43.41,3085.98,No
Male,0,No,No,30,Yes,No,Fiber optic,No,No,No internet service,No internet service,No,No internet service,One year,Yes,Bank transfer (automatic),37.78,1198.97,Yes
Male,0,Yes,No,7,Yes,No,No,No internet service,Yes,No,No,No internet service,No,Month-to-month,No,Mailed check,18.0,154.86,No
Female,0,No,Yes,42,Yes,Yes,DSL,No internet service,Yes,No,No,No,No,Month-to-month,Yes,Mailed check,47.5,1945.95,No
Female,1,No,No,47,Yes,Yes,DSL,No,Yes,No internet service,Yes,Yes,Yes,Month-to-month,No,Mailed check,65.51,3156.46,No
Male,1,No,No,1,Yes,No,DSL,Yes,No,No internet service,No,No internet service,No internet service,Month-to-month,Yes,Mailed check,62.39,32.28,No
Female,0,No,No,21,Yes,No,DSL,No internet service,No,No internet service,Yes,No,No,Month-to-month,No,Electronic check,41.29,824.09,Yes
Male,0,Yes,No,4,Yes,Yes,Fiber optic,No,Yes,No,No,No,Yes,Two year,No,Credit card (automatic),69.53,373.55,No
Male,0,Yes,Yes,6,Yes,Yes,DSL,No,No,No,No,Yes,No internet service,One year,No,Credit card (automatic),73.55,466.5,Yes
Male,0,No,Yes,19,Yes,No,DSL,No,Yes,No,No,No internet service,Yes,One year,Yes,Credit card (automatic),50.05,926.01,No
Female,0,No,No,1,Yes,Yes,Fiber optic,Yes,No internet service,Yes,No internet service,Yes,No internet service,Month-to-month,Yes,Electronic check,65.27,116.07,Yes
Female,0,No,No,31,Yes,No phone service,Fiber optic,Yes,No internet service,Yes,No,No internet service,Yes,Month-to-month,No,Mailed check,69.56,2191.43,Yes
Male,1,No,No,2,Yes,Yes,Fiber optic,No,No internet service,Yes,No internet service,No internet service,Yes,Month-to-month,No,Mailed check,45.52,158.01,No
Male,1,Yes,No,40,Yes,Yes,DSL,No,No internet service,No internet service,Yes,Yes,No,One year,Yes,Credit card (automatic),73.67,2890.12,No
Male,0,No,No,41,Yes,Yes,Fiber optic,Yes,No internet service,No internet service,No,Yes,No,One year,Yes,Bank transfer (automatic),24.74,984.12,No
Male,0,Yes,No,44,Yes,Yes,DSL,No internet service,No internet service,No,No,No internet service,No,Month-to-month,No,Mailed check,24.18,1043.92,No
Male,0,No,No,70,Yes,No,No,No,Yes,No,Yes,Yes,No internet service,Two year,No,Mailed check,58.14,4118.58,No
Female,0,Yes,Yes,16,Yes,Yes,DSL,No,Yes,Yes,No internet service,No internet service,Yes,Month-to-month,No,Mailed check,94.05,1465.16,No
Male,0,No,No,46,Yes,Yes,Fiber optic,Yes,No internet service,Yes,Yes,Yes,No,Month-to-month,No,Electronic check,61.32,2730.58,Yes
Female,0,No,Yes,68,Yes,No phone service,No,No,No,No,No,No,Yes,One year,Yes,Mailed check,56.63,3737.25,No
Male,0,Yes,Yes,23,Yes,Yes,DSL,No internet service,No internet service,No internet service,Yes,Yes,No,Month-to-month,No,Credit card (automatic),18.09,383.94,Yes
Female,0,Yes,Yes,70,Yes,Yes,No,No internet service,No internet service,Yes,No,No internet service,No internet service,One year,Yes,Mailed check,91.41,6422.43,Yes
Female,0,No,No,33,Yes,Yes,DSL,Yes,No internet service,Yes,No,Yes,Yes,Month-to-month,Yes,Credit card (automatic),86.26,2846.89,No
Female,1,No,Yes,49,Yes,Yes,DSL,No,Yes,No internet service,No,No,Yes,Month-to-month,Yes,Bank transfer (automatic),19.36,967.64,No
Female,0,Yes,Yes,41,Yes,No,DSL,Yes,Yes,No,No,Yes,Yes,Month-to-month,Yes,Electronic check,95.61,3942.34,Yes
Female,0,No,No,32,No,No phone service,No,No internet service,No,Yes,No,No,No internet service,Month-to-month,Yes,Bank transfer (automatic),41.79,1298.06,No
Female,0,No,No,26,Yes,No,DSL,No,No,Yes,No,No,No internet service,Month-to-month,No,Mailed check,65.08,1687.49,Yes
Male,0,Yes,No,58,Yes,No,DSL,No,No internet service,No,No,Yes,Yes,One year,No,Bank transfer (automatic),111.89,6531.81,No
Female,1,Yes,No,18,Yes,No phone service,No,No,No internet service,No,No internet service,No,No,Month-to-month,No,Mailed check,24.24,449.03,No
Male,0,No,Yes,2,Yes,No,Fiber optic,No internet service,No internet service,No,No internet service,Yes,Yes,Month-to-month,Yes,Credit card (automatic),62.36,88.62,Yes
Female,0,No,Yes,70,Yes,Yes,Fiber optic,No,No,No internet service,No,No,No internet service,One year,No,Mailed check,38.6,2695.72,Yes
Female,0,No,Yes,24,Yes,No,Fiber optic,Yes,No,Yes,No,No,No,Two year,No,Electronic check,18.0,392.54,No
Male,0,No,No,14,Yes,No,DSL,Yes,No internet service,No,No,Yes,No internet service,One year,Yes,Bank transfer (automatic),45.66,663.65,No
Female,0,Yes,No,59,Yes,Yes,No,Yes,No,Yes,No internet service,Yes,Yes,Two year,Yes,Mailed check,22.78,1363.49,No
Male,0,Yes,Yes,22,No,Yes,Fiber optic,Yes,No internet service,Yes,Yes,Yes,Yes,One year,Yes,Credit card (automatic),62.63,1421.91,No
Male,0,Yes,No,10,Yes,No,DSL,No,Yes,No,No,No,No internet service,Month-to-month,Yes,Bank transfer (automatic),99.73,998.11,No
Male,0,Yes,No,58,Yes,Yes,Fiber optic,No internet service,No,Yes,Yes,No internet service,No,One year,Yes,Electronic check,60.52,3414.03,No
Male,0,No,No,33,Yes,No,No,No,No internet service,No,No,No,Yes,Month-to-month,No,Mailed check,25.34,886.01,Yes
Female,0,No,No,6,Yes,Yes,DSL,No,Yes,Yes,No,No internet service,No internet service,Month-to-month,No,Electronic check,26.24,144.43,Yes
Female,0,Yes,Yes,43,No,No,Fiber optic,No internet service,No,Yes,No internet service,Yes,No internet service,Month-to-month,No,Credit card (automatic),78.57,3394.79,No
Male,0,Yes,Yes,63,Yes,Yes,Fiber optic,No internet service,Yes,Yes,No internet service,Yes,No,Month-to-month,No,Bank transfer (automatic),99.15,6242.31,No
Female,1,No,No,22,Yes,Yes,No,No,Yes,No,No,Yes,Yes,One year,Yes,Bank transfer (automatic),78.87,1736.72,No
Female,1,No,No,57,Yes,No,DSL,No,Yes,No internet service,Yes,No internet service,No,One year,Yes,Bank transfer (automatic),18.0,1034.03,No
Male,0,No,No,19,Yes,No,No,No,No,No,No,No internet service,No,Month-to-month,Yes,Credit card (automatic),29.73,470.98,Yes
Female,0,No,No,26,Yes,No,DSL,No,No,No internet service,Yes,No,Yes,Two year,Yes,Mailed check,73.57,1895.48,No
Male,0,No,No,59,Yes,No,DSL,No,No,No,No,No,No internet service,One year,No,Mailed check,120.0,7101.14,Yes
Male,0,No,No,7,Yes,No,Fiber optic,No,No,No,No,No,No internet service,Month-to-month,No,Mailed check,18.0,136.39,Yes
Female,0,Yes,Yes,66,No,Yes,DSL,No,No,No internet service,No,No internet service,Yes,Two year,Yes,Electronic check,88.44,5819.36,No
Female,0,Yes,No,1,Yes,Yes,Fiber optic,No,No,Yes,Yes,Yes,Yes,Month-to-month,Yes,Credit card (automatic),40.38,14.98,No
Female,0,Yes,No,21,Yes,Yes,Fiber optic,No,No,No,No internet service,No,No,One year,No,Bank transfer (automatic),50.86,1056.99,No
Male,0,No,No,69,No,Yes,Fiber optic,No,No,No,No,Yes,No internet service,Month-to-month,No,Credit card (automatic),59.12,4072.19,No
Male,1,No,No,35,Yes,No phone service,Fiber optic,No internet service,No internet service,Yes,No,Yes,No,One year,No,Credit card (automatic),91.62,3273.2,No
Female,0,No,No,23,No,No,No,No,No,Yes,No internet service,No,No internet service,Two year,Yes,Credit card (automatic),72.02,1627.03,No
Female,0,Yes,No,11,Yes,No,No,No,No,No,Yes,No,Yes,Month-to-month,Yes,Bank transfer (automatic),48.11,630.33,No
Female,0,Yes,No,21,Yes,No,Fiber optic,No,No,No,Yes,No,No internet service,Month-to-month,Yes,Bank transfer (automatic),48.54,1024.66,No
Female,0,Yes,No,72,Yes,No,Fiber optic,Yes,Yes,No,No,Yes,No,Month-to-month,No,Electronic check,65.52,4769.79,Yes
Male,1,Yes,No,22,Yes,Yes,Fiber optic,No,Yes,No,No,No,No,Month-to-month,Yes,Credit card (automatic),63.83,1440.22,No
Female,0,No,No,62,Yes,No,Fiber optic,No internet service,No internet service,No,No,No,Yes,One year,Yes,Mailed check,34.92,2172.07,No
Male,0,No,No,29,Yes,Yes,DSL,No internet service,No,No,No,No,No,Month-to-month,No,Electronic check,90.34,2629.57,Yes
Male,0,No,No,18,Yes,No,DSL,No,No,No internet service,No,Yes,No,Month-to-month,Yes,Bank transfer (automatic),116.54,2141.31,Yes
Female,1,No,No,25,Yes,No,Fiber optic,No,Yes,No,Yes,Yes,Yes,One year,No,Bank transfer (automatic),77.35,2007.54,No
Female,0,No,No,10,No,No phone service,DSL,No,No internet service,Yes,No,No internet service,Yes,Month-to-month,Yes,Electronic check,70.01,666.26,Yes
Female,0,No,No,19,Yes,No,DSL,Yes,Yes,No internet service,No internet service,No,No internet service,Two year,Yes,Mailed check,100.02,1854.98,No
Male,0,Yes,No,55,No,Yes,Fiber optic,Yes,No internet service,Yes,No,No,Yes,Month-to-month,No,Credit card (automatic),73.06,4010.87,Yes
Female,0,No,Yes,44,Yes,No,DSL,Yes,Yes,Yes,No,No internet service,Yes,Month-to-month,Yes,Credit card (automatic),45.34,1981.93,Yes
Female,0,No,No,67,Yes,No,DSL,Yes,No,No,Yes,Yes,No,Month-to-month,Yes,Mailed check,120.0,8070.28,No
Male,0,No,No,46,Yes,Yes,Fiber optic,Yes,No,No,No internet service,No internet service,No,Two year,Yes,Credit card (automatic),64.32,2961.65,No
Female,0,Yes,No,57,No,Yes,Fiber optic,No,No,No,Yes,No,No,Month-to-month,No,Bank transfer (automatic),68.36,3888.49,No
Male,0,Yes,No,9,Yes,Yes,DSL,Yes,No,No,No,No,Yes,Month-to-month,No,Electronic check,89.91,756.8,Yes
Female,0,Yes,No,21,Yes,No,Fiber optic,No,Yes,Yes,No,Yes,No,Month-to-month,No,Mailed check,80.81,1735.65,Yes
Male,0,No,Yes,70,Yes,No,Fiber optic,No internet service,Yes,No internet service,No,No internet service,No,One year,No,Electronic check,37.6,2665.01,No
Female,0,Yes,No,23,Yes,Yes,DSL,No,No,No internet service,No,Yes,No,Month-to-month,No,Credit card (automatic),78.72,1786.18,Yes
Female,1,No,Yes,65,Yes,No,DSL,No,No,No,No,Yes,Yes,One year,Yes,Credit card (automatic),71.36,4614.99,No
Male,0,No,No,60,No,Yes,No,No,No,Yes,Yes,Yes,Yes,Month-to-month,No,Bank transfer (automatic),82.12,4965.12,Yes
Male,0,Yes,No,6,No,Yes,Fiber optic,No internet service,Yes,No,No,Yes,No,Month-to-month,Yes,Bank transfer (automatic),78.28,479.82,No
Female,0,No,No,71,Yes,Yes,DSL,Yes,No internet service,Yes,No internet service,No,No,Month-to-month,No,Credit card (automatic),48.63,3429.47,No
Male,0,No,No,37,Yes,No,Fiber optic,No,No internet service,No,No,Yes,Yes,Month-to-month,No,Credit card (automatic),88.98,3353.49,No
Male,0,Yes,No,20,Yes,No phone service,DSL,No internet service,No internet service,No,Yes,Yes,No,Two year,No,Bank transfer (automatic),47.9,896.37,No
Male,0,No,Yes,7,Yes,No,DSL,No internet service,Yes,No internet service,No,No,Yes,Month-to-month,Yes,Bank transfer (automatic),64.76,493.13,Yes
Male,0,Yes,Yes,27,Yes,No,No,No internet service,No internet service,No,Yes,No,No,One year,No,Mailed check,66.07,1905.07,No
Female,0,Yes,No,53,Yes,Yes,Fiber optic,No,No internet service,No internet service,No,Yes,No internet service,Month-to-month,Yes,Bank transfer (automatic),44.96,2286.35,Yes
Female,0,No,No,30,Yes,Yes,Fiber optic,Yes,No,No,Yes,Yes,Yes,Two year,Yes,Mailed check,120.0,3539.12,No
Male,0,No,No,40,Yes,Yes,DSL,Yes,Yes,Yes,No,Yes,No,Month-to-month,No,Mailed check,40.72,1712.95,Yes
Male,0,No,Yes,36,No,Yes,DSL,No internet service,No,Yes,No,No internet service,No,Two year,Yes,Electronic check,18.0,652.48,Yes
Male,0,No,Yes,37,Yes,No,No,No,No,No,No,No,Yes,Month-to-month,Yes,Bank transfer (automatic),91.21,3385.7,Yes
Male,0,No,Yes,50,Yes,No,No,Yes,No,No,No,No internet service,No,One year,No,Mailed check,51.19,2590.6,Yes
Female,0,No,Yes,36,Yes,Yes,No,No,Yes,No internet service,No internet service,Yes,Yes,Month-to-month,No,Electronic check,104.7,3692.52,Yes
Female,0,No,No,30,No,Yes,DSL,No,No,Yes,Yes,No,No,Month-to-month,No,Electronic check,56.49,1742.25,No
Male,0,No,Yes,61,Yes,Yes,Fiber optic,Yes,No,No,No,No,No internet service,Month-to-month,No,Bank transfer (automatic),62.21,3741.27,Yes
Male,0,Yes,No,17,Yes,No phone service,Fiber optic,No,No,No internet service,No,Yes,No,Two year,Yes,Bank transfer (automatic),120.0,2081.6,No
Male,0,No,Yes,5,Yes,No,No,No,No,No internet service,No internet service,No,No internet service,Month-to-month,Yes,Electronic check,59.56,196.62,Yes
Female,0,Yes,No,8,Yes,No,DSL,Yes,No,No,No,No,Yes,One year,Yes,Mailed check,65.9,550.95,No
Male,1,No,No,10,Yes,No,No,Yes,Yes,No,No,No,Yes,Month-to-month,Yes,Bank transfer (automatic),94.56,954.35,No
Female,1,Yes,Yes,1,No,Yes,Fiber optic,No internet service,Yes,Yes,No,Yes,Yes,Two year,No,Electronic check,68.07,88.36,No
Male,0,No,No,28,Yes,No,Fiber optic,No,No,Yes,No internet service,Yes,No,One year,Yes,Electronic check,56.69,1667.51,No
Female,0,Yes,No,50,Yes,No phone service,DSL,Yes,No,No,Yes,No,No internet service,Month-to-month,Yes,Mailed check,52.3,2603.92,Yes
Male,0,Yes,Yes,68,Yes,No,Fiber optic,No,No,No,No internet service,No internet service,Yes,Month-to-month,No,Credit card (automatic),37.1,2608.14,No
Female,0,No,No,22,Yes,Yes,No,No,No,No internet service,No,No,No,Month-to-month,Yes,Mailed check,49.5,1017.47,Yes
Male,0,Yes,No,6,No,No,Fiber optic,No,No,No,No,No,No,Month-to-month,Yes,Electronic check,86.46,628.18,Yes
Male,0,No,No,55,Yes,No,DSL,Yes,Yes,Yes,Yes,Yes,No internet service,Month-to-month,Yes,Mailed check,92.55,5057.88,Yes
Male,0,Yes,No,61,Yes,No,Fiber optic,Yes,No internet service,No,No,No internet service,No internet service,Two year,Yes,Bank transfer (automatic),43.87,2710.93,No
Female,0,Yes,No,14,Yes,Yes,Fiber optic,Yes,No,No internet service,Yes,No,Yes,Two year,Yes,Electronic check,97.99,1403.67,No
Male,0,Yes,Yes,52,Yes,Yes,Fiber optic,Yes,No,Yes,No internet service,No internet service,Yes,Month-to-month,No,Mailed check,86.34,4472.97,Yes
Female,0,No,No,42,Yes,No,No,Yes,Yes,No,Yes,Yes,No internet service,Month-to-month,No,Mailed check,52.47,2256.05,No
Female,0,Yes,Yes,34,Yes,No phone service,Fiber optic,No internet service,No,No,No,No,Yes,Month-to-month,Yes,Mailed check,82.86,2833.23,No
Male,1,No,No,13,Yes,No,Fiber optic,Yes,Yes,Yes,No,Yes,No,Month-to-month,Yes,Mailed check,103.2,1369.75,No
Male,0,Yes,No,68,Yes,No,Fiber optic,No,No,Yes,Yes,Yes,Yes,Month-to-month,No,Electronic check,71.17,4811.7,No
Male,0,Yes,Yes,48,Yes,Yes,Fiber optic,No internet service,No,Yes,No internet service,Yes,No,One year,Yes,Mailed check,63.06,3054.86,No
Female,0,Yes,No,17,Yes,No,DSL,No internet service,No,No internet service,No internet service,No,Yes,Two year,Yes,Bank transfer (automatic),37.46,599.83,No
Male,1,Yes,No,50,No,Yes,No,No,No internet service,No,Yes,No,Yes,Month-to-month,Yes,Credit card (automatic),52.87,2621.77,No
Female,0,No,No,0,Yes,No,Fiber optic,No,Yes,No internet service,No internet service,Yes,Yes,Month-to-month,No,Credit card (automatic),62.11,0.0,No
Female,0,No,No,26,Yes,Yes,DSL,No internet service,Yes,No internet service,No,No internet service,No,Month-to-month,No,Credit card (automatic),24.28,673.11,No
Male,0,No,No,63,Yes,No phone service,No,No,Yes,No internet service,Yes,Yes,No,Two year,No,Bank transfer (automatic),33.22,2090.48,No
Male,0,Yes,No,59,No,Yes,No,No internet service,No internet service,Yes,No,Yes,No,Month-to-month,No,Credit card (automatic),84.77,4955.36,No
Male,0,Yes,No,40,Yes,No,DSL,No,Yes,No,Yes,Yes,Yes,One year,Yes,Electronic check,48.14,1974.52,Yes
Male,0,Yes,No,20,No,Yes,Fiber optic,Yes,No internet service,Yes,Yes,No,Yes,Two year,No,Electronic check,18.0,259.26,No
Male,0,No,Yes,13,Yes,No,No,Yes,No internet service,No internet service,No,Yes,No,Month-to-month,Yes,Bank transfer (automatic),50.07,614.94,No
Male,1,Yes,Yes,19,Yes,Yes,No,No internet service,No internet service,Yes,No,No internet service,No internet service,One year,No,Bank transfer (automatic),50.46,939.3,No
Female,0,No,No,10,Yes,No phone service,No,No internet service,No internet service,No,Yes,No,Yes,Month-to-month,No,Electronic check,67.51,643.29,Yes
Female,0,Yes,No,65,Yes,No,Fiber optic,No,Yes,No,Yes,No,Yes,Two year,No,Bank transfer (automatic),73.9,4854.41,No
Female,0,Yes,No,23,Yes,Yes,DSL,Yes,No,No internet service,No,No,Yes,Month-to-month,No,Bank transfer (automatic),80.94,1913.31,Yes
Male,0,Yes,No,36,Yes,Yes,DSL,Yes,No,No internet service,No internet service,No,No,Two year,Yes,Electronic check,54.82,2005.78,No
Female,1,Yes,Yes,23,Yes,No,Fiber optic,No internet service,No,No,Yes,No,No,Two year,No,Electronic check,57.15,1250.14,No
Female,0,No,Yes,14,Yes,Yes,No,Yes,No,No,Yes,No internet service,No internet service,One year,No,Mailed check,26.64,349.12,No
Female,0,Yes,No,11,Yes,Yes,Fiber optic,No,No,No,No,No,No internet service,Month-to-month,Yes,Mailed check,48.29,541.63,Yes
Female,0,No,Yes,63,Yes,No,DSL,No internet service,No internet service,No internet service,No internet service,No,Yes,One year,No,Credit card (automatic),37.69,2413.63,No
Female,0,Yes,No,30,Yes,No,Fiber optic,Yes,No,Yes,No,No,Yes,Month-to-month,No,Bank transfer (automatic),80.31,2397.82,Yes
Male,0,No,No,52,Yes,Yes,Fiber optic,No,No,Yes,Yes,No internet service,Yes,Month-to-month,Yes,Electronic check,120.0,6254.33,Yes
Male,0,Yes,Yes,71,Yes,No,Fiber optic,No,No,No,Yes,No,No internet service,Month-to-month,Yes,Credit card (automatic),75.58,5401.64,Yes
Female,0,No,Yes,43,Yes,No,Fiber optic,Yes,No,Yes,No,No internet service,No,One year,Yes,Mailed check,98.42,4278.61,Yes
Female,0,No,No,29,Yes,No phone service,DSL,No,No,No,Yes,No,No internet service,Two year,Yes,Bank transfer (automatic),85.89,2510.81,No
Female,0,No,No,34,Yes,No,DSL,No,Yes,Yes,Yes,No,Yes,Two year,Yes,Credit card (automatic),19.57,644.99,No
Male,0,Yes,No,20,Yes,No,Fiber optic,Yes,No internet service,No internet service,Yes,No,No internet service,One year,Yes,Bank transfer (automatic),64.45,1281.85,Yes
Male,1,No,No,62,No,No,DSL,Yes,Yes,No,No,No,No,One year,No,Credit card (automatic),29.61,1812.56,No
Female,0,Yes,No,16,Yes,No,DSL,No,Yes,Yes,No,Yes,No internet service,Two year,Yes,Bank transfer (automatic),18.12,332.82,No
Male,0,Yes,Yes,11,No,Yes,Fiber optic,No,Yes,No,No,No,No internet service,Two year,No,Bank transfer (automatic),93.82,1024.99,No
Male,0,Yes,Yes,17,Yes,Yes,No,No,No internet service,No internet service,No internet service,No internet service,No,Month-to-month,Yes,Electronic check,108.42,1945.87,No
Female,0,Yes,No,59,Yes,No,DSL,Yes,Yes,No internet service,No internet service,No,No internet service,Month-to-month,No,Bank transfer (automatic),18.0,1049.41,No
Male,0,No,Yes,66,Yes,No phone service,DSL,No internet service,Yes,No,Yes,No internet service,No internet service,Month-to-month,Yes,Mailed check,45.18,2927.08,No
Male,1,Yes,Yes,14,Yes,No phone service,Fiber optic,Yes,Yes,No internet service,No,Yes,No,One year,No,Electronic check,68.92,1097.02,No
Female,0,No,No,15,Yes,No,DSL,No,Yes,No,No,No,Yes,One year,No,Bank transfer (automatic),52.58,838.04,No
Male,1,No,No,21,Yes,No,Fiber optic,Yes,No,No,Yes,No,Yes,Two year,No,Mailed check,69.43,1403.12,No
Male,0,No,Yes,62,No,Yes,Fiber optic,No,No internet service,No,No internet service,Yes,No,Two year,Yes,Mailed check,68.25,4179.72,No
Female,0,No,No,30,No,Yes,No,No,No,No,No internet service,Yes,Yes,Month-to-month,Yes,Credit card (automatic),74.64,2345.29,Yes
Male,1,Yes,No,0,Yes,No,DSL,Yes,Yes,Yes,Yes,No,No,Month-to-month,Yes,Electronic check,88.54,0.0,Yes
Male,0,No,Yes,5,Yes,No,Fiber optic,Yes,No internet service,No,No internet service,No,No,Month-to-month,Yes,Electronic check,80.85,403.05,Yes
Female,1,Yes,No,8,Yes,Yes,Fiber optic,No,No,No,No,No,No internet service,Month-to-month,Yes,Credit card (automatic),54.5,461.24,No
Female,0,No,Yes,51,Yes,No,DSL,No internet service,Yes,No,Yes,Yes,No,Month-to-month,Yes,Credit card (automatic),93.03,4802.21,No
Female,1,No,No,61,Yes,No,DSL,No,No internet service,No,No,No,Yes,Two year,No,Credit card (automatic),18.0,1201.0,No
Male,0,No,Yes,57,Yes,No phone service,Fiber optic,No internet service,Yes,Yes,Yes,No,Yes,Month-to-month,No,Electronic check,93.5,5366.71,Yes
Female,0,Yes,No,18,Yes,Yes,Fiber optic,No,Yes,Yes,No internet service,Yes,Yes,One year,No,Mailed check,59.49,1164.59,No
Male,0,Yes,Yes,12,Yes,No,Fiber optic,No,No,Yes,No internet service,Yes,Yes,Month-to-month,Yes,Mailed check,39.06,526.07,Yes
Female,0,Yes,No,31,Yes,Yes,DSL,No,Yes,No,Yes,No,No,Month-to-month,Yes,Bank transfer (automatic),28.26,934.06,Yes
Male,0,Yes,No,8,No,Yes,Fiber optic,No,Yes,No,No,No,No,Two year,No,Electronic check,96.36,804.98,Yes
Female,0,Yes,No,48,Yes,Yes,Fiber optic,No,No,No internet service,Yes,Yes,No internet service,One year,Yes,Electronic check,55.6,2635.46,No
Female,0,No,No,36,Yes,Yes,Fiber optic,No,No,No,No internet service,No,Yes,Month-to-month,Yes,Credit card (automatic),29.24,1145.81,No
Female,0,Yes,Yes,30,Yes,No,Fiber optic,Yes,No internet service,No,No internet service,No,Yes,Two year,No,Electronic check,34.1,1006.95,No
Female,0,No,No,30,Yes,No,Fiber optic,No,No,No,Yes,No internet service,Yes,Month-to-month,No,Electronic check,49.62,1535.5,Yes
Male,0,No,Yes,58,Yes,No,Fiber optic,No,Yes,No internet service,No,No,Yes,One year,No,Mailed check,101.91,5818.43,No
Female,0,No,No,54,Yes,No,Fiber optic,Yes,Yes,No internet service,No,No internet service,No,Month-to-month,No,Electronic check,88.44,4810.44,No
Female,0,Yes,Yes,18,Yes,Yes,DSL,No internet service,No,No internet service,No internet service,Yes,No internet service,One year,No,Mailed check,74.73,1418.09,No
Male,0,Yes,No,62,Yes,No phone service,DSL,No,No,No,No,No,No,Month-to-month,No,Mailed check,58.05,3542.32,No
Female,0,Yes,No,1,Yes,No,Fiber optic,No,No,No,Yes,Yes,Yes,One year,No,Electronic check,18.24,42.29,No
Male,0,Yes,No,44,Yes,No,Fiber optic,Yes,No internet service,No,No,Yes,No internet service,One year,Yes,Mailed check,120.0,5190.86,Yes
Female,1,No,Yes,42,Yes,Yes,Fiber optic,No,No internet service,Yes,Yes,No,Yes,Month-to-month,No,Credit card (automatic),48.19,2026.31,Yes
Female,0,Yes,No,0,Yes,Yes,Fiber optic,Yes,No,No internet service,No,Yes,No,Two year,Yes,Mailed check,46.26,59.53,Yes
Female,0,No,No,60,Yes,No,No,Yes,No,Yes,No,Yes,Yes,Month-to-month,No,Electronic check,65.23,3888.2,No
Male,0,No,No,2,Yes,No,Fiber optic,No,No,No internet service,No,No,No internet service,Two year,Yes,Credit card (automatic),113.6,251.8,No
Female,0,No,No,43,Yes,Yes,No,Yes,No internet service,Yes,No,Yes,Yes,Month-to-month,Yes,Credit card (automatic),66.31,2871.87,No
Female,0,Yes,No,6,Yes,Yes,DSL,No,Yes,No,Yes,No,No internet service,One year,Yes,Electronic check,55.25,304.59,No
Female,0,Yes,No,32,Yes,Yes,DSL,No internet service,No,No,No internet service,No internet service,No,One year,Yes,Bank transfer (automatic),18.0,552.92,No
Male,0,No,Yes,8,Yes,No,Fiber optic,Yes,No,No,No,No,No,Month-to-month,Yes,Mailed check,55.08,472.9,No
Male,0,No,No,29,Yes,No,No,No,No internet service,No,No,Yes,No,Month-to-month,Yes,Mailed check,64.62,1918.41,Yes
Female,0,Yes,No,17,Yes,Yes,No,Yes,Yes,No internet service,No,No,No,Month-to-month,No,Bank transfer (automatic),41.02,621.35,No
Male,0,Yes,No,55,Yes,Yes,DSL,No,No internet service,Yes,No internet service,No,Yes,Two year,No,Credit card (automatic),77.05,4352.12,No
Female,1,Yes,No,30,Yes,Yes,Fiber optic,No,No,No internet service,No,No,Yes,Two year,No,Bank transfer (automatic),42.2,1247.14,No
Female,0,No,No,71,Yes,Yes,Fiber optic,No internet service,Yes,No internet service,No,No,Yes,Month-to-month,No,Electronic check,41.51,2979.29,Yes
Female,0,Yes,No,62,Yes,Yes,DSL,No,No internet service,No,Yes,Yes,No,Month-to-month,No,Bank transfer (automatic),63.06,3938.9,No
Female,1,No,No,49,Yes,No,DSL,No internet service,Yes,No,Yes,Yes,Yes,One year,No,Credit card (automatic),43.57,2144.94,No
Female,0,Yes,No,0,Yes,Yes,Fiber optic,Yes,Yes,No internet service,No internet service,No,No,Month-to-month,Yes,Electronic check,57.28,0.0,No
Female,0,No,No,18,Yes,No,No,Yes,No,No,No internet service,No,Yes,Two year,Yes,Electronic check,70.91,1252.46,No
Female,0,No,No,63,Yes,Yes,DSL,No internet service,No internet service,No internet service,No,Yes,Yes,Month-to-month,No,Electronic check,45.69,2860.98,No
Male,1,No,Yes,52,Yes,Yes,Fiber optic,No,Yes,No,No,No,No,Month-to-month,Yes,Mailed check,78.99,4078.86,No
Male,1,Yes,Yes,5,Yes,Yes,Fiber optic,No internet service,No internet service,Yes,No internet service,No internet service,No,One year,Yes,Mailed check,31.91,66.83,Yes
Male,0,Yes,Yes,16,Yes,No,No,Yes,Yes,No internet service,Yes,No,Yes,Month-to-month,No,Electronic check,38.35,651.01,No
Male,0,Yes,No,45,Yes,Yes,DSL,No,No,Yes,No internet service,No,No internet service,One year,Yes,Bank transfer (automatic),45.98,2029.28,No
Male,0,No,No,71,Yes,No,DSL,Yes,Yes,Yes,No internet service,Yes,No internet service,Month-to-month,Yes,Mailed check,71.63,5224.79,No
Male,0,No,No,72,Yes,Yes,Fiber optic,No internet service,Yes,No,No,No,No,Month-to-month,Yes,Credit card (automatic),55.73,4043.91,Yes
Male,0,No,No,54,Yes,No,Fiber optic,No internet service,No internet service,Yes,No,No,Yes,One year,No,Mailed check,38.7,2091.95,No
Female,1,Yes,No,5,Yes,No phone service,Fiber optic,No internet service,No internet service,Yes,No internet service,Yes,Yes,Month-to-month,No,Bank transfer (automatic),52.59,294.31,Yes
Female,0,No,No,69,Yes,No,Fiber optic,No,No,No,No,No,No,Month-to-month,Yes,Mailed check,57.94,3944.01,No
Female,0,Yes,No,67,Yes,No,Fiber optic,No,No internet service,No,No,No,Yes,Two year,Yes,Bank transfer (automatic),99.06,6736.77,No
Female,0,No,Yes,39,Yes,Yes,DSL,No,No,Yes,No internet service,No,No,Two year,Yes,Bank transfer (automatic),83.77,3253.07,No
Male,0,Yes,Yes,65,Yes,No,Fiber optic,No,No internet service,No,Yes,Yes,Yes,Two year,No,Mailed check,25.74,1745.43,No
Male,0,No,Yes,8,Yes,No,No,No,Yes,Yes,Yes,No,No internet service,Two year,Yes,Bank transfer (automatic),94.48,783.54,No
Female,0,Yes,Yes,10,No,Yes,DSL,No,No,Yes,No internet service,No,Yes,Month-to-month,Yes,Bank transfer (automatic),27.65,369.74,No
Female,1,Yes,Yes,19,Yes,Yes,DSL,No,No,No,Yes,Yes,Yes,Month-to-month,Yes,Credit card (automatic),91.62,1756.38,No
Male,1,No,No,42,Yes,No,DSL,No,No,No,Yes,Yes,Yes,Month-to-month,Yes,Electronic check,76.58,3177.95,Yes
Female,0,Yes,Yes,57,Yes,Yes,No,No internet service,Yes,No,No internet service,Yes,No,Two year,Yes,Electronic check,45.22,2605.61,Yes
Female,1,No,Yes,25,Yes,No,DSL,No internet service,No internet service,Yes,No,No internet service,No,One year,No,Mailed check,83.02,2084.79,No
Female,0,No,Yes,37,Yes,Yes,Fiber optic,Yes,No,Yes,No internet service,No,Yes,One year,Yes,Bank transfer (automatic),63.32,2360.42,No
Female,0,No,No,35,Yes,No,DSL,Yes,No,Yes,No,No,No,Two year,No,Mailed check,62.98,2222.2,No
Male,0,Yes,No,54,Yes,Yes,DSL,No,Yes,No,Yes,No,No,One year,Yes,Mailed check,42.24,2216.86,No
Female,0,No,No,5,Yes,No,No,No,No,No internet service,No internet service,Yes,No,Month-to-month,Yes,Electronic check,65.0,360.8,Yes
Female,1,No,Yes,2,Yes,Yes,Fiber optic,No,No,No,No,Yes,No,Month-to-month,Yes,Bank transfer (automatic),18.0,0.0,No
Male,0,Yes,No,64,Yes,No,Fiber optic,No,No,Yes,No,Yes,No internet service,Month-to-month,No,Mailed check,18.0,1181.77,Yes
Male,0,No,Yes,63,Yes,No phone service,DSL,No internet service,No,No internet service,No internet service,No internet service,No,Month-to-month,Yes,Mailed check,79.69,5047.53,Yes
Female,0,Yes,Yes,57,Yes,No,DSL,No,No,No,No,No internet service,No,Month-to-month,No,Electronic check,65.96,3814.96,Yes
Male,0,Yes,No,57,Yes,Yes,DSL,No,No internet service,No,Yes,Yes,No internet service,Two year,Yes,Electronic check,55.38,3157.82,No
Female,0,Yes,No,17,Yes,No,Fiber optic,No,Yes,No internet service,No,No,No internet service,Month-to-month,Yes,Electronic check,75.96,1218.8,No
Female,0,Yes,No,22,Yes,No,Fiber optic,No internet service,No,No internet service,No,Yes,No internet service,One year,Yes,Mailed check,62.59,1368.79,No
Male,0,Yes,No,28,Yes,No phone service,DSL,No,No,No,Yes,No internet service,No,Month-to-month,Yes,Bank transfer (automatic),79.73,2227.66,Yes
Female,0,No,No,22,Yes,No,DSL,No,No internet service,No,Yes,Yes,No,Two year,Yes,Electronic check,86.73,1955.06,No
Female,0,No,Yes,35,Yes,Yes,Fiber optic,No,No,Yes,No,No,No internet service,One year,Yes,Electronic check,18.0,713.09,No
Female,0,Yes,No,69,Yes,Yes,No,No,No internet service,No,Yes,No,No,Two year,Yes,Bank transfer (automatic),18.0,1308.2,No
Female,0,No,Yes,5,Yes,No,Fiber optic,No,No internet service,Yes,No,No,No internet service,Month-to-month,No,Mailed check,66.06,318.77,Yes
Male,0,No,No,33,Yes,Yes,Fiber optic,Yes,Yes,No,No,Yes,No,Month-to-month,No,Mailed check,67.92,2208.37,No
Male,0,No,Yes,43,Yes,No phone service,Fiber optic,No,No,No,Yes,No,No,Month-to-month,Yes,Bank transfer (automatic),59.99,2647.59,Yes
Female,0,No,No,43,Yes,No phone service,Fiber optic,No internet service,No internet service,Yes,No internet service,No internet service,No internet service,Month-to-month,Yes,Electronic check,38.38,1606.02,Yes
Male,0,No,No,26,Yes,No,No,No,No internet service,Yes,No,Yes,Yes,Month-to-month,No,Credit card (automatic),35.67,883.56,No
Female,1,Yes,No,51,Yes,Yes,No,No internet service,Yes,No,No,No,No,Month-to-month,Yes,Bank transfer (automatic),58.02,2995.57,No
Female,0,Yes,Yes,41,Yes,No,Fiber optic,No internet service,No,Yes,No,No internet service,Yes,Month-to-month,No,Credit card (automatic),49.61,1983.54,Yes
Female,0,Yes,No,24,No,Yes,Fiber optic,No,Yes,No internet service,No,Yes,No,Two year,No,Mailed check,86.75,2058.62,No
Female,1,No,No,38,Yes,No,No,Yes,No internet service,No internet service,Yes,No internet service,No,Month-to-month,No,Mailed check,69.16,2640.57,Yes
Female,0,Yes,No,38,Yes,Yes,Fiber optic,No internet service,Yes,No internet service,Yes,Yes,No,Two year,Yes,Credit card (automatic),62.64,2412.66,No
Male,0,No,No,11,Yes,Yes,Fiber optic,Yes,Yes,No,No,Yes,Yes,Month-to-month,Yes,Electronic check,94.06,1059.9,Yes
Female,0,Yes,No,10,Yes,Yes,No,No,No,No,No,No,No,Month-to-month,No,Credit card (automatic),81.89,804.19,Yes
Male,1,No,Yes,2,Yes,Yes,Fiber optic,No internet service,Yes,No internet service,Yes,No internet service,No internet service,Month-to-month,Yes,Electronic check,66.91,96.55,No
Male,1,Yes,No,21,Yes,No phone service,DSL,No,No internet service,Yes,No,No,Yes,Two year,No,Bank transfer (automatic),35.29,668.02,No
Female,0,Yes,Yes,3,Yes,No phone service,DSL,Yes,Yes,No,Yes,No,Yes,One year,Yes,Mailed check,89.86,272.44,No
Female,0,Yes,Yes,7,Yes,No,Fiber optic,No internet service,No,Yes,No,No,Yes,One year,No,Mailed check,81.8,555.06,Yes
Female,0,Yes,No,13,Yes,No phone service,Fiber optic,No internet service,Yes,Yes,Yes,No internet service,No,Month-to-month,Yes,Credit card (automatic),50.68,756.35,Yes
Female,1,Yes,No,13,Yes,Yes,No,No,No internet service,No,No internet service,No,Yes,Month-to-month,Yes,Bank transfer (automatic),71.93,892.61,Yes
Female,1,No,Yes,15,Yes,No,DSL,No internet service,No,No internet service,No,Yes,No,Month-to-month,No,Credit card (automatic),27.86,424.66,No
Male,0,Yes,Yes,31,Yes,No,Fiber optic,No,Yes,Yes,No,No,No internet service,Month-to-month,Yes,Credit card (automatic),18.0,514.95,Yes
Female,0,Yes,No,63,Yes,No,DSL,No,Yes,Yes,No,Yes,No internet service,Two year,Yes,Credit card (automatic),85.41,5309.55,No
Female,0,No,Yes,15,Yes,Yes,No,Yes,No,Yes,No,No,No internet service,Two year,Yes,Electronic check,51.43,780.22,No
Male,0,Yes,No,51,Yes,No,Fiber optic,No,No internet service,No internet service,Yes,No internet service,No internet service,Month-to-month,Yes,Mailed check,31.94,1561.97,Yes
Male,0,No,No,18,No,No,Fiber optic,No,No internet service,No internet service,Yes,Yes,Yes,One year,No,Mailed check,71.7,1296.89,No
Female,0,No,No,68,Yes,No,Fiber optic,No,No internet service,No,No,Yes,Yes,One year,Yes,Credit card (automatic),43.46,2929.77,No
Male,0,Yes,Yes,11,Yes,No,DSL,No,No,No internet service,No,No,Yes,Month-to-month,Yes,Electronic check,57.79,584.62,Yes
Female,0,Yes,Yes,4,Yes,Yes,No,No internet service,No internet service,No,Yes,No internet service,Yes,Month-to-month,Yes,Mailed check,18.0,80.82,No
Male,1,Yes,No,41,Yes,Yes,DSL,No,No,No,No internet service,No,No,Month-to-month,Yes,Electronic check,61.51,2546.23,No
Male,0,No,No,16,Yes,No,Fiber optic,No internet service,No,Yes,No,No,Yes,One year,No,Bank transfer (automatic),91.0,1528.4,No
Female,0,No,Yes,71,Yes,No,Fiber optic,Yes,No,No internet service,No internet service,No,Yes,Month-to-month,Yes,Electronic check,49.99,3482.29,No
Male,0,No,Yes,9,Yes,No,DSL,No internet service,Yes,No,No,No internet service,No,Two year,No,Electronic check,77.44,723.73,No
Male,1,No,Yes,15,Yes,Yes,Fiber optic,Yes,Yes,No,No internet service,No internet service,Yes,Month-to-month,Yes,Bank transfer (automatic),90.2,1294.48,Yes
Male,0,Yes,No,15,Yes,No,Fiber optic,No,No internet service,Yes,Yes,No,No internet service,Month-to-month,Yes,Mailed check,70.96,1113.17,Yes
Male,0,No,No,41,Yes,No,DSL,No,No internet service,Yes,No,Yes,No,Month-to-month,No,Mailed check,82.86,3408.37,Yes
Male,0,No,No,2,Yes,Yes,Fiber optic,No,Yes,Yes,Yes,No,No,One year,Yes,Electronic check,40.52,125.94,No
Male,0,No,No,22,Yes,Yes,Fiber optic,No internet service,Yes,No,Yes,No internet service,No internet service,One year,Yes,Electronic check,70.88,1546.24,No
Female,0,No,No,27,Yes,Yes,DSL,No,No internet service,No internet service,No internet service,No,No,One year,Yes,Bank transfer (automatic),45.63,1294.24,No
Female,0,No,No,44,No,Yes,DSL,Yes,Yes,No internet service,No,No,No,Month-to-month,Yes,Bank transfer (automatic),49.01,2105.64,Yes
Male,1,Yes,Yes,67,No,No,Fiber optic,No,No internet service,Yes,No,Yes,No internet service,Month-to-month,Yes,Mailed check,52.21,3504.3,Yes
Female,0,Yes,Yes,23,Yes,Yes,DSL,No,No internet service,No,Yes,No,No,Month-to-month,No,Mailed check,96.84,2267.47,No
Female,1,No,Yes,18,Yes,No,No,No,No internet service,Yes,No,No,Yes,Month-to-month,Yes,Bank transfer (automatic),84.82,1573.92,Yes
Female,0,Yes,No,39,Yes,No,Fiber optic,No internet service,No internet service,Yes,Yes,No,No internet service,One year,Yes,Electronic check,18.0,648.29,No
Male,0,No,No,45,Yes,No,DSL,No,No internet service,No,No,No,Yes,Month-to-month,No,Bank transfer (automatic),96.69,4335.27,No
Female,0,Yes,No,39,Yes,Yes,Fiber optic,No,No internet service,No internet service,No,No internet service,Yes,Month-to-month,No,Mailed check,105.97,4093.2,Yes
Male,0,No,Yes,61,Yes,Yes,Fiber optic,Yes,No internet service,Yes,No,No internet service,No internet service,Month-to-month,Yes,Electronic check,62.45,3824.01,Yes
Female,0,No,Yes,17,Yes,No,Fiber optic,Yes,No,No internet service,No,Yes,No,Month-to-month,Yes,Credit card (automatic),69.23,1201.23,No
Male,0,Yes,Yes,11,Yes,No,No,No,Yes,No,No,No,Yes,One year,Yes,Credit card (automatic),81.35,900.07,Yes
Male,0,No,No,13,Yes,Yes,No,No internet service,No,No,Yes,Yes,No internet service,Two year,Yes,Bank transfer (automatic),112.39,1429.53,No
Female,0,No,Yes,60,Yes,Yes,Fiber optic,No,No internet service,Yes,No internet service,No,No internet service,Two year,Yes,Mailed check,28.55,1756.8,No
Female,0,No,Yes,11,Yes,Yes,Fiber optic,No,No internet service,No,Yes,No,No,One year,Yes,Electronic check,66.08,689.69,Yes
Male,1,Yes,No,26,Yes,No,DSL,No,No,Yes,No internet service,No internet service,No internet service,Month-to-month,Yes,Credit card (automatic),46.55,1134.27,No
Female,0,Yes,Yes,5,Yes,No,Fiber optic,No internet service,No,No,No,No internet service,Yes,One year,Yes,Electronic check,107.21,504.35,Yes
Female,0,Yes,No,32,Yes,Yes,Fiber optic,No,No internet service,No,No,No,No internet service,Month-to-month,Yes,Electronic check,77.52,2447.5,Yes
Female,0,Yes,Yes,49,Yes,No,DSL,No internet service,Yes,Yes,No,No internet service,No,Two year,Yes,Electronic check,39.04,1881.94,No
Male,0,No,No,11,Yes,Yes,DSL,No,Yes,No,No internet service,No,No,One year,Yes,Electronic check,91.02,1013.14,Yes
Male,0,No,No,56,Yes,No,No,Yes,Yes,No,No,No internet service,No,One year,Yes,Bank transfer (automatic),58.11,3211.84,No
Female,1,No,No,52,Yes,No,Fiber optic,Yes,No internet service,No internet service,Yes,Yes,No,Month-to-month,No,Electronic check,86.82,4555.56,No
Female,0,No,No,12,Yes,No,Fiber optic,No,Yes,No internet service,No,Yes,No,Two year,No,Credit card (automatic),18.0,222.02,No
Female,0,No,No,71,Yes,No,DSL,Yes,Yes,No,Yes,Yes,No internet service,One year,No,Credit card (automatic),69.8,4941.68,No
Male,0,Yes,No,2,Yes,Yes,Fiber optic,No,Yes,No internet service,Yes,No internet service,Yes,One year,Yes,Bank transfer (automatic),45.18,115.03,No
Male,0,No,No,63,Yes,No,DSL,Yes,No,No,Yes,Yes,No,Month-to-month,No,Credit card (automatic),120.0,7513.85,No
Female,0,Yes,No,57,Yes,No,DSL,No,No internet service,No internet service,No,No,Yes,Month-to-month,Yes,Electronic check,18.0,1026.22,Yes
Female,0,No,No,3,Yes,No,DSL,No,No,No,Yes,No,Yes,Month-to-month,Yes,Credit card (automatic),69.05,173.99,No
Female,0,Yes,No,44,No,Yes,Fiber optic,Yes,Yes,No,No internet service,No internet service,No internet service,Month-to-month,No,Mailed check,60.18,2636.3,No
Female,1,Yes,Yes,65,Yes,Yes,Fiber optic,No,No,Yes,No internet service,Yes,Yes,One year,Yes,Electronic check,42.28,2735.39,No
Female,0,No,No,35,No,Yes,DSL,No,No,No,No,Yes,No,Two year,Yes,Bank transfer (automatic),51.16,1756.92,No
Female,0,No,No,22,Yes,Yes,DSL,No internet service,No,No internet service,No internet service,Yes,No internet service,Month-to-month,Yes,Mailed check,58.27,1239.02,No
Male,0,No,No,18,Yes,Yes,Fiber optic,Yes,No internet service,Yes,No,Yes,No,One year,Yes,Credit card (automatic),18.0,321.28,No
Female,0,No,Yes,39,Yes,Yes,Fiber optic,No,No,No,No,Yes,Yes,Month-to-month,No,Mailed check,58.31,2271.73,No
Male,0,Yes,No,71,Yes,No phone service,Fiber optic,No,No,No,No internet service,Yes,Yes,Month-to-month,No,Credit card (automatic),49.13,3547.47,No
Female,0,No,Yes,15,Yes,No,Fiber optic,No,Yes,No internet service,No,Yes,No,Two year,Yes,Credit card (automatic),70.99,1082.76,No
Female,1,Yes,No,57,Yes,Yes,Fiber optic,No internet service,No,No internet service,Yes,No,No internet service,One year,No,Credit card (automatic),69.61,3855.33,No
Male,1,No,Yes,17,Yes,Yes,Fiber optic,Yes,Yes,No,Yes,No,Yes,Month-to-month,Yes,Bank transfer (automatic),72.28,1180.76,No
Male,1,No,No,35,Yes,No phone service,Fiber optic,No,No,No,No,No,No,Month-to-month,No,Mailed check,18.0,628.49,Yes
Male,0,Yes,Yes,23,Yes,No,Fiber optic,Yes,No,No,Yes,No,No,Month-to-month,No,Bank transfer (automatic),59.38,1372.39,No
Male,0,No,Yes,0,Yes,No phone service,No,Yes,Yes,No internet service,No internet service,Yes,Yes,Month-to-month,Yes,Credit card (automatic),58.65,0.0,No
Female,0,No,No,0,Yes,No,No,No,No internet service,Yes,Yes,No,Yes,Month-to-month,Yes,Electronic check,62.2,0.0,No
Male,0,Yes,No,63,Yes,Yes,DSL,No,No,No internet service,No,Yes,Yes,Month-to-month,Yes,Electronic check,50.39,3173.99,Yes
Female,0,No,Yes,61,Yes,No,No,Yes,No internet service,Yes,Yes,No internet service,Yes,Two year,No,Bank transfer (automatic),18.0,1159.93,No
Male,0,No,No,35,Yes,No,No,No,No,Yes,No,No,Yes,Month-to-month,Yes,Electronic check,43.3,1565.72,No
Female,0,No,Yes,17,Yes,No,No,No internet service,Yes,No,No,No internet service,No,Month-to-month,No,Mailed check,75.96,1295.53,No
Female,0,Yes,No,15,Yes,No,Fiber optic,No,No,No internet service,No,Yes,No,One year,Yes,Electronic check,18.0,285.23,No
Female,0,Yes,No,16,No,No,No,Yes,Yes,Yes,No,No internet service,No,Two year,No,Electronic check,51.55,778.6,No
Female,0,No,Yes,23,Yes,No,Fiber optic,Yes,No internet service,No,Yes,Yes,Yes,Two year,Yes,Credit card (automatic),99.8,2255.62,No
Female,0,Yes,No,67,Yes,No,DSL,No,No internet service,No internet service,No,No,No,Two year,Yes,Mailed check,67.47,4476.14,No
Female,0,No,Yes,1,Yes,No,Fiber optic,No,No,No,No internet service,Yes,No,Month-to-month,Yes,Mailed check,68.02,63.39,Yes
Male,0,Yes,No,72,Yes,No,Fiber optic,No internet service,No internet service,Yes,Yes,Yes,Yes,Month-to-month,Yes,Electronic check,51.49,3604.06,No
Female,0,No,No,9,No,No,DSL,No internet service,Yes,No,Yes,Yes,Yes,Two year,Yes,Credit card (automatic),59.96,537.24,No
Male,0,No,No,52,Yes,No,No,No internet service,No,No internet service,No,No,Yes,Two year,No,Electronic check,28.88,1528.01,No
Male,0,Yes,No,50,No,Yes,No,No,No,No,No,Yes,No,One year,Yes,Electronic check,35.42,1815.41,No
Female,0,Yes,No,68,Yes,No,No,Yes,Yes,No,No,Yes,No,Month-to-month,Yes,Bank transfer (automatic),31.26,2118.24,No
Male,0,No,Yes,13,Yes,Yes,No,Yes,No internet service,No,No internet service,No internet service,Yes,Month-to-month,Yes,Credit card (automatic),93.41,1130.02,Yes
Female,0,No,No,65,Yes,Yes,Fiber optic,No,No,No internet service,No,Yes,Yes,Two year,Yes,Bank transfer (automatic),20.09,1264.82,No
Male,0,Yes,No,52,Yes,Yes,Fiber optic,No internet service,No,No,No,Yes,Yes,Month-to-month,Yes,Electronic check,63.91,3350.54,No
Female,0,No,No,63,Yes,Yes,No,Yes,No,No internet service,No internet service,Yes,No,One year,No,Electronic check,71.03,4382.67,No
Male,0,Yes,No,71,Yes,Yes,DSL,No,Yes,Yes,Yes,Yes,Yes,Two year,Yes,Credit card (automatic),25.93,1833.83,No
Female,1,Yes,Yes,48,Yes,Yes,No,No,No internet service,Yes,Yes,Yes,Yes,One year,Yes,Mailed check,68.27,3276.0,No
Female,0,No,Yes,61,Yes,No,Fiber optic,Yes,No,No,No,No internet service,Yes,Month-to-month,No,Electronic check,31.8,1986.32,Yes
Female,0,Yes,Yes,36,Yes,Yes,No,No,Yes,Yes,Yes,No internet service,No,Month-to-month,Yes,Electronic check,62.96,2252.75,No
Female,0,No,Yes,48,Yes,Yes,Fiber optic,No,Yes,Yes,No internet service,No,Yes,Month-to-month,Yes,Bank transfer (automatic),82.87,3956.22,Yes
Male,0,Yes,Yes,67,Yes,No,DSL,Yes,Yes,No,No,No,No,One year,Yes,Bank transfer (automatic),21.08,1295.66,No
Female,0,Yes,No,32,Yes,No,No,No,Yes,No,No internet service,No internet service,No internet service,Month-to-month,Yes,Credit card (automatic),91.22,2951.53,No
Male,0,Yes,No,21,Yes,Yes,Fiber optic,Yes,Yes,Yes,No,No internet service,No,Month-to-month,No,Bank transfer (automatic),63.54,1273.79,Yes
Male,1,No,Yes,69,Yes,No,DSL,Yes,No internet service,No internet service,No internet service,No,No internet service,Month-to-month,Yes,Mailed check,67.63,4613.55,No
Male,0,No,No,32,Yes,No,DSL,Yes,No,Yes,No,No,No,Month-to-month,Yes,Electronic check,73.19,2353.22,No
Female,0,No,Yes,27,Yes,Yes,Fiber optic,No,No,No internet service,No internet service,Yes,No internet service,Two year,No,Bank transfer (automatic),25.15,600.99,No
Male,0,Yes,No,3,Yes,No,DSL,No,Yes,No,No,Yes,No,Two year,Yes,Mailed check,51.44,210.54,Yes
Male,1,Yes,No,65,Yes,No phone service,No,No,Yes,Yes,No internet service,Yes,Yes,Month-to-month,Yes,Electronic check,18.0,1225.38,No
Male,0,No,No,48,Yes,No,DSL,No,Yes,Yes,No,No,No,Two year,No,Electronic check,49.16,2327.6,No
Female,0,Yes,No,10,Yes,Yes,Fiber optic,No,No,Yes,Yes,No,No internet service,One year,Yes,Mailed check,25.73,253.02,No
Female,0,No,Yes,34,Yes,Yes,Fiber optic,No,No,No internet service,No,Yes,No internet service,One year,Yes,Electronic check,55.99,1808.44,No
Male,0,Yes,No,38,Yes,Yes,Fiber optic,Yes,Yes,Yes,Yes,No internet service,No,One year,Yes,Mailed check,48.84,1818.34,No
Female,0,No,No,9,Yes,Yes,DSL,Yes,No internet service,No,No,No,No internet service,One year,Yes,Mailed check,52.86,513.33,Yes
Female,0,Yes,No,71,No,Yes,Fiber optic,No internet service,Yes,No,No internet service,No,No,Month-to-month,Yes,Bank transfer (automatic),66.18,4744.35,No
Male,0,No,Yes,68,Yes,No,Fiber optic,No,No,Yes,Yes,No,No,One year,No,Credit card (automatic),71.18,4805.96,Yes
Male,0,Yes,No,22,Yes,No,Fiber optic,No internet service,No internet service,No,No,Yes,No,Two year,Yes,Mailed check,84.59,1841.17,No
Female,1,Yes,No,33,Yes,No,No,No internet service,Yes,No,No,No internet service,Yes,Month-to-month,Yes,Bank transfer (automatic),28.62,932.12,No
Male,0,Yes,No,31,No,Yes,Fiber optic,No,No internet service,Yes,No internet service,Yes,Yes,Month-to-month,Yes,Electronic check,20.87,536.26,No
Female,1,Yes,Yes,15,Yes,Yes,Fiber optic,No,No internet service,Yes,No,Yes,No,Month-to-month,No,Bank transfer (automatic),48.04,698.31,Yes
Female,0,Yes,Yes,67,Yes,Yes,DSL,No,No,No,No,No,No internet service,Month-to-month,Yes,Mailed check,120.0,8040.82,No
Female,0,No,No,53,Yes,No phone service,Fiber optic,No,No internet service,Yes,No,Yes,No,Month-to-month,Yes,Bank transfer (automatic),78.26,4231.02,Yes
Female,0,No,Yes,27,Yes,No,DSL,No internet service,Yes,No internet service,No,Yes,Yes,One year,Yes,Credit card (automatic),99.64,2754.89,No
Female,0,No,Yes,59,No,No,DSL,No internet service,Yes,No,No,No internet service,Yes,Month-to-month,Yes,Electronic check,20.22,1257.99,No
Female,0,No,Yes,59,Yes,Yes,Fiber optic,No internet service,Yes,Yes,Yes,No,Yes,Month-to-month,Yes,Bank transfer (automatic),18.0,1135.53,Yes
Male,0,No,Yes,43,Yes,Yes,DSL,No,No,No,No,No internet service,No internet service,Two year,No,Electronic check,103.2,4486.65,Yes
Male,0,Yes,Yes,1,Yes,No,No,Yes,Yes,No,No internet service,No internet service,No,One year,Yes,Mailed check,102.41,73.64,Yes
Female,0,Yes,No,22,Yes,No,Fiber optic,No internet service,No,No internet service,No,No internet service,No,Month-to-month,Yes,Credit card (automatic),93.81,2030.04,Yes
Female,0,Yes,Yes,45,Yes,Yes,No,Yes,Yes,Yes,No,Yes,Yes,Month-to-month,Yes,Credit card (automatic),68.47,3075.9,No
Female,0,No,Yes,72,Yes,Yes,No,Yes,Yes,No,No internet service,No internet service,Yes,One year,No,Bank transfer (automatic),52.53,3721.09,No
Male,0,Yes,Yes,53,Yes,Yes,No,No internet service,Yes,No,No,Yes,No internet service,Two year,Yes,Electronic check,72.4,3914.39,Yes
Female,0,Yes,No,70,Yes,Yes,Fiber optic,Yes,Yes,Yes,Yes,No,No internet service,Month-to-month,No,Electronic check,55.8,3895.84,No
Male,1,No,No,8,Yes,No phone service,Fiber optic,No internet service,No internet service,Yes,Yes,No internet service,Yes,Two year,No,Bank transfer (automatic),74.23,621.47,No
Female,0,Yes,No,69,Yes,Yes,Fiber optic,Yes,No,No,No internet service,Yes,No internet service,One year,Yes,Bank transfer (automatic),72.07,5037.11,No
Female,0,No,Yes,43,Yes,No phone service,No,No,No,No internet service,Yes,Yes,Yes,Two year,No,Bank transfer (automatic),82.7,3603.86,No
Male,0,No,No,72,Yes,No,Fiber optic,No,No,No,No internet service,No,No internet service,Month-to-month,Yes,Bank transfer (automatic),26.47,1887.92,No
Male,0,Yes,No,11,Yes,Yes,DSL,No,No,No,Yes,Yes,Yes,Month-to-month,Yes,Credit card (automatic),86.67,847.78,No
Female,1,Yes,Yes,31,Yes,No,DSL,No internet service,Yes,No,No,No,Yes,Month-to-month,No,Bank transfer (automatic),28.74,914.93,No
Female,0,No,No,33,Yes,Yes,Fiber optic,No internet service,Yes,Yes,No internet service,Yes,No,Month-to-month,No,Electronic check,119.76,3975.2,Yes
Female,0,No,No,32,Yes,No,Fiber optic,Yes,No,No internet service,No,No internet service,Yes,Month-to-month,No,Mailed check,51.89,1693.11,Yes
Male,0,Yes,No,63,Yes,Yes,Fiber optic,No,No,No internet service,No,No,Yes,Month-to-month,Yes,Electronic check,33.99,2113.59,No
Male,0,No,No,47,Yes,Yes,Fiber optic,No internet service,Yes,No,No internet service,No internet service,Yes,One year,No,Bank transfer (automatic),88.66,4097.23,No
Male,1,No,No,15,Yes,No,Fiber optic,No,No,No,No internet service,No,No internet service,Month-to-month,No,Credit card (automatic),74.64,1074.65,No
Male,0,Yes,Yes,49,Yes,Yes,Fiber optic,No,No internet service,No,No internet service,No internet service,No,Month-to-month,Yes,Bank transfer (automatic),18.0,915.39,No
Male,0,Yes,No,22,Yes,Yes,DSL,No,No,Yes,Yes,No,Yes,Two year,No,Mailed check,48.58,1115.97,No
Male,0,No,Yes,25,Yes,No phone service,Fiber optic,No,No,No,Yes,Yes,No,Month-to-month,No,Bank transfer (automatic),54.25,1415.95,No
Female,0,Yes,No,53,Yes,No,DSL,Yes,Yes,No,Yes,No,No,Month-to-month,Yes,Mailed check,29.91,1612.53,No
Female,0,No,Yes,43,Yes,No,Fiber optic,Yes,No,No internet service,Yes,No internet service,No,One year,No,Bank transfer (automatic),51.12,2160.21,No
Male,0,Yes,No,36,Yes,No,No,Yes,No,No,No,No internet service,No,Two year,No,Credit card (automatic),18.0,659.46,No
Female,0,No,No,8,Yes,Yes,Fiber optic,No,No internet service,No,No internet service,No,Yes,Two year,No,Electronic check,72.39,534.3,No
Female,1,No,No,12,Yes,Yes,DSL,No internet service,Yes,No internet service,Yes,No internet service,Yes,Month-to-month,Yes,Mailed check,49.78,579.58,No
Male,0,No,Yes,59,Yes,No phone service,No,No internet service,Yes,No internet service,No internet service,No,Yes,Two year,No,Electronic check,33.68,2016.39,No
Female,0,Yes,No,1,Yes,No,DSL,No,No internet service,No internet service,No,No internet service,No internet service,Month-to-month,No,Bank transfer (automatic),22.34,0.0,Yes
Male,0,Yes,No,59,Yes,Yes,Fiber optic,No,No,No,No,Yes,No internet service,One year,Yes,Electronic check,61.93,3651.56,Yes
Male,1,No,Yes,56,Yes,No,Fiber optic,No,No,Yes,No internet service,Yes,Yes,Month-to-month,No,Credit card (automatic),59.74,3421.1,Yes
Female,0,Yes,No,42,No,No,Fiber optic,No,No internet service,No,Yes,Yes,No,One year,Yes,Credit card (automatic),62.23,2737.31,Yes
Male,0,Yes,Yes,18,Yes,No,DSL,No internet service,Yes,Yes,Yes,No,No internet service,Month-to-month,Yes,Electronic check,28.72,557.33,No
Male,0,No,No,10,Yes,No,No,No internet service,No,No internet service,No,No,No,One year,Yes,Electronic check,23.24,159.12,Yes
Male,0,Yes,Yes,46,Yes,Yes,DSL,Yes,Yes,No,No,No,No internet service,One year,No,Credit card (automatic),72.05,3342.53,No
Male,0,Yes,Yes,62,Yes,No,DSL,No internet service,No,No,No,No,No,Month-to-month,Yes,Mailed check,84.34,5214.99,Yes
Male,0,Yes,No,6,Yes,No,Fiber optic,Yes,No internet service,Yes,No internet service,No,No internet service,Month-to-month,Yes,Mailed check,120.0,695.76,Yes
Male,0,No,No,30,Yes,No,Fiber optic,No,Yes,No,No internet service,Yes,No,One year,Yes,Credit card (automatic),93.08,2754.61,No
Male,0,No,Yes,54,No,No phone service,DSL,Yes,Yes,No,No internet service,No internet service,No,Month-to-month,Yes,Credit card (automatic),107.43,5748.29,No
Male,0,Yes,No,24,Yes,No,DSL,No,No internet service,No,No internet service,Yes,No,Month-to-month,Yes,Mailed check,29.72,744.43,No
Female,1,Yes,Yes,71,Yes,Yes,Fiber optic,Yes,Yes,Yes,No,No internet service,Yes,One year,No,Electronic check,74.85,5355.98,No
Female,1,Yes,Yes,29,Yes,Yes,No,No,Yes,No internet service,No,Yes,No,Two year,No,Electronic check,54.73,1624.79,Yes
Female,0,No,No,35,Yes,No,DSL,Yes,Yes,No,Yes,Yes,No,Month-to-month,Yes,Bank transfer (automatic),89.43,3092.72,No
Male,0,Yes,Yes,49,Yes,Yes,DSL,No internet service,No,Yes,Yes,Yes,Yes,Month-to-month,Yes,Mailed check,47.01,2281.18,No
Male,0,No,No,13,Yes,Yes,No,Yes,No,Yes,No internet service,Yes,No,Month-to-month,No,Credit card (automatic),118.8,1650.46,No
Female,0,Yes,No,28,Yes,No,Fiber optic,Yes,No,Yes,Yes,No internet service,No,Month-to-month,Yes,Bank transfer (automatic),58.15,1577.99,Yes
Female,0,No,No,26,Yes,No,Fiber optic,No,No,No,No,No,No internet service,Month-to-month,No,Electronic check,89.51,2331.2,Yes
Female,0,Yes,No,49,Yes,No,Fiber optic,No,No internet service,Yes,No,Yes,Yes,One year,Yes,Mailed check,24.39,1147.13,No
Male,0,No,Yes,35,Yes,Yes,Fiber optic,No,No,Yes,No,No internet service,No,One year,Yes,Bank transfer (automatic),71.6,2503.19,No
Female,0,Yes,No,33,Yes,Yes,No,Yes,No,No,No,No internet service,No,Month-to-month,Yes,Electronic check,22.12,685.64,No
Female,0,Yes,No,20,Yes,Yes,DSL,No,No,Yes,No,No internet service,No internet service,One year,Yes,Credit card (automatic),71.61,1417.53,No
Male,0,No,Yes,37,No,No,Fiber optic,Yes,No,No internet service,No internet service,Yes,Yes,Month-to-month,Yes,Electronic check,47.71,1804.51,Yes
Female,0,No,No,49,Yes,No,DSL,Yes,No,No,Yes,Yes,Yes,Month-to-month,Yes,Electronic check,100.16,4877.87,Yes
Male,0,Yes,No,36,Yes,Yes,DSL,No internet service,No internet service,Yes,No,No,No,Month-to-month,Yes,Mailed check,120.0,4352.68,No
Male,0,No,No,18,Yes,Yes,DSL,No internet service,No internet service,Yes,No,Yes,Yes,Month-to-month,Yes,Credit card (automatic),33.55,540.57,Yes
Male,0,No,No,0,Yes,Yes,Fiber optic,No,Yes,Yes,No,Yes,No,Month-to-month,Yes,Mailed check,56.35,28.87,No
Female,0,No,Yes,39,Yes,No,Fiber optic,Yes,Yes,No,Yes,No internet service,No internet service,One year,No,Credit card (automatic),46.9,1762.09,No
Female,0,Yes,No,54,Yes,Yes,Fiber optic,Yes,Yes,Yes,No,No internet service,Yes,Two year,Yes,Bank transfer (automatic),66.25,3554.85,No
Male,1,No,No,25,Yes,Yes,No,Yes,No,Yes,No,No internet service,Yes,Two year,No,Electronic check,18.0,463.94,Yes
Female,0,No,No,42,Yes,Yes,No,Yes,Yes,No,No,No,No,Month-to-month,No,Mailed check,18.0,801.12,No
Female,0,Yes,Yes,58,Yes,No,Fiber optic,No,No internet service,No,No internet service,Yes,No internet service,Month-to-month,Yes,Credit card (automatic),85.34,4934.47,No
Female,0,No,No,50,Yes,Yes,Fiber optic,No,Yes,No internet service,Yes,Yes,No,Two year,No,Mailed check,26.43,1312.05,No
Female,1,Yes,No,14,Yes,Yes,DSL,Yes,No,No internet service,Yes,No,No internet service,Month-to-month,Yes,Electronic check,43.01,553.48,No
Male,1,Yes,No,7,Yes,Yes,DSL,No,Yes,Yes,No,No,No,One year,Yes,Electronic check,37.38,290.36,No
Female,0,No,No,13,No,Yes,DSL,No,No,Yes,No,No,Yes,Two year,Yes,Bank transfer (automatic),34.59,515.28,No
Male,1,No,No,6,Yes,No,No,Yes,No,No,Yes,No,Yes,One year,No,Credit card (automatic),34.28,145.19,No
Male,0,Yes,No,17,Yes,Yes,No,No internet service,No internet service,Yes,No,No internet service,Yes,Month-to-month,Yes,Credit card (automatic),38.25,617.04,Yes
Female,0,Yes,No,11,No,No,Fiber optic,No,No,No,No,No internet service,No,Two year,Yes,Bank transfer (automatic),49.35,548.47,No
Male,0,No,Yes,1,Yes,No phone service,Fiber optic,No,No internet service,Yes,Yes,No internet service,Yes,One year,Yes,Bank transfer (automatic),85.61,176.06,Yes
Female,0,Yes,No,49,Yes,No,Fiber optic,Yes,No,No internet service,Yes,Yes,No,One year,Yes,Credit card (automatic),78.91,3898.91,No
Female,1,No,No,20,Yes,Yes,Fiber optic,No,No internet service,No internet service,No,No internet service,No,One year,Yes,Credit card (automatic),18.0,316.42,Yes
Male,0,No,No,6,Yes,Yes,Fiber optic,No,No,No internet service,No,No internet service,Yes,Month-to-month,No,Mailed check,99.63,545.16,No
Male,1,Yes,No,11,Yes,No,Fiber optic,No internet service,No,No,Yes,No,No internet service,Month-to-month,Yes,Credit card (automatic),59.49,672.49,No
Male,0,No,No,56,Yes,No,DSL,No,No,No,No internet service,No,No,Two year,Yes,Mailed check,95.68,5326.9,No
Male,0,No,No,22,Yes,No phone service,No,No internet service,No,No internet service,Yes,Yes,Yes,Month-to-month,Yes,Mailed check,41.06,851.26,No
Female,0,Yes,Yes,29,Yes,No phone service,Fiber optic,No,No,No,Yes,No internet service,Yes,Month-to-month,Yes,Mailed check,120.0,3414.43,No
Female,0,No,Yes,57,Yes,No,Fiber optic,Yes,Yes,Yes,No,Yes,Yes,Month-to-month,Yes,Mailed check,51.37,2981.55,Yes
Female,0,No,No,51,Yes,Yes,Fiber optic,No internet service,No,Yes,No,No,Yes,Month-to-month,No,Electronic check,43.68,2189.75,No
Male,0,No,No,55,No,Yes,Fiber optic,Yes,Yes,No,No,No,Yes,One year,No,Bank transfer (automatic),67.56,3608.72,Yes
Male,1,No,No,9,Yes,No,DSL,No,No,Yes,No,No internet service,No,Two year,No,Bank transfer (automatic),100.07,837.78,Yes
Male,0,Yes,No,18,Yes,No,Fiber optic,No internet service,Yes,No,Yes,No,No internet service,Month-to-month,No,Credit card (automatic),73.76,1315.86,No
Female,0,Yes,No,18,Yes,No,No,No internet service,No internet service,No,No,No,No,One year,No,Bank transfer (automatic),42.09,777.61,No
Male,0,Yes,No,58,Yes,No,DSL,No,Yes,No,No internet service,No,No,One year,No,Bank transfer (automatic),18.0,1070.16,No
Female,0,Yes,No,43,Yes,No,DSL,Yes,Yes,No,No,Yes,Yes,One year,No,Electronic check,45.69,1967.34,No
Male,1,Yes,No,58,Yes,No,No,No,No internet service,No,No,No internet service,No internet service,Month-to-month,No,Mailed check,45.41,2677.03,Yes
Female,0,No,No,3,Yes,Yes,DSL,No,No,Yes,Yes,Yes,No internet service,One year,No,Mailed check,96.05,346.03,No
Female,0,No,No,64,Yes,No,Fiber optic,No internet service,No,No,No internet service,Yes,No,Two year,No,Mailed check,39.63,2575.51,No
Male,0,No,No,12,No,Yes,Fiber optic,No internet service,No internet service,No,No,No,Yes,Month-to-month,Yes,Bank transfer (automatic),120.0,1521.15,No
Male,0,No,No,66,Yes,No,DSL,No internet service,No,No internet service,Yes,No,Yes,One year,Yes,Bank transfer (automatic),58.28,3883.97,No
Female,0,No,No,11,Yes,Yes,Fiber optic,No internet service,No,No internet service,No internet service,No internet service,No internet service,Two year,No,Credit card (automatic),67.38,623.27,Yes
Female,0,No,No,54,Yes,No,Fiber optic,No,Yes,Yes,Yes,No,No,Two year,Yes,Electronic check,70.4,3841.52,No
Male,0,No,No,60,Yes,No phone service,DSL,No,Yes,No,No,No,Yes,One year,No,Electronic check,69.9,4193.15,No
Male,0,Yes,Yes,40,Yes,No,Fiber optic,No,No,No,No,No,No,Two year,No,Credit card (automatic),18.0,738.35,No
Female,0,No,No,35,Yes,Yes,No,Yes,No,Yes,No internet service,No,No,Month-to-month,No,Credit card (automatic),55.47,1957.97,Yes
Male,0,No,No,1,Yes,Yes,Fiber optic,No,Yes,Yes,Yes,No internet service,No,One year,Yes,Credit card (automatic),59.65,116.58,Yes
Female,0,Yes,No,21,Yes,Yes,No,No,Yes,Yes,No,No internet service,No,Month-to-month,Yes,Mailed check,100.72,2086.87,No
Female,0,No,No,21,Yes,No phone service,DSL,Yes,No internet service,No,No,Yes,No,Month-to-month,Yes,Mailed check,101.66,2118.25,Yes
Male,0,No,Yes,40,No,No,Fiber optic,No internet service,No,No internet service,Yes,No,No internet service,Month-to-month,Yes,Mailed check,58.95,2345.64,No
Male,0,Yes,Yes,13,Yes,No,DSL,Yes,No internet service,Yes,No,No,No internet service,Month-to-month,No,Mailed check,69.28,932.18,Yes
Male,1,No,No,34,Yes,Yes,DSL,No,No,Yes,Yes,No,No internet service,Month-to-month,Yes,Credit card (automatic),70.57,2450.67,No
Male,0,Yes,Yes,49,Yes,No,Fiber optic,No,No internet service,No,No,No,Yes,Month-to-month,Yes,Credit card (automatic),72.57,3513.47,Yes
Male,0,Yes,No,8,Yes,Yes,DSL,Yes,No,No,Yes,No,Yes,Month-to-month,Yes,Credit card (automatic),95.98,835.45,Yes
Female,1,No,Yes,58,Yes,Yes,DSL,No internet service,No,Yes,Yes,No,No,Month-to-month,No,Mailed check,57.75,3410.92,No
Female,0,No,No,55,Yes,Yes,No,No,Yes,No,Yes,No,No,Two year,Yes,Mailed check,58.73,3211.1,No
Male,0,No,Yes,9,Yes,Yes,No,No,Yes,Yes,Yes,Yes,Yes,Month-to-month,No,Bank transfer (automatic),66.74,572.8,Yes
Male,0,No,No,24,Yes,Yes,DSL,Yes,No internet service,No,No,No,No internet service,Month-to-month,Yes,Credit card (automatic),78.37,1936.04,Yes
Male,0,Yes,No,44,Yes,No,Fiber optic,No,No internet service,No,Yes,No,No internet service,One year,Yes,Electronic check,41.45,1823.18,No
Female,0,No,Yes,10,Yes,Yes,DSL,No,No,No,No internet service,No internet service,No,Month-to-month,Yes,Electronic check,61.67,561.99,Yes
Male,0,No,No,8,Yes,Yes,No,Yes,Yes,No,Yes,Yes,No,Two year,No,Bank transfer (automatic),48.06,373.08,No
Male,1,No,No,6,No,Yes,Fiber optic,No,No internet service,No,No,Yes,No,Two year,Yes,Mailed check,72.16,353.69,No
Female,0,Yes,No,70,No,No,Fiber optic,No,No internet service,No,Yes,No,Yes,Month-to-month,No,Credit card (automatic),46.19,3195.38,No
Female,0,No,Yes,33,Yes,Yes,Fiber optic,No,Yes,Yes,No internet service,No,Yes,Two year,No,Mailed check,88.97,2997.68,No
Male,0,No,No,19,Yes,No,DSL,No,Yes,No,Yes,No,Yes,One year,No,Mailed check,30.6,676.78,No
Male,0,No,No,4,Yes,Yes,DSL,No internet service,Yes,No,No,Yes,No internet service,Month-to-month,Yes,Electronic check,52.7,203.81,Yes
Male,0,No,No,54,Yes,No,Fiber optic,No,No,No internet service,No,No,Yes,One year,No,Electronic check,28.63,1539.78,Yes
Female,0,Yes,No,14,Yes,No,No,No internet service,No,Yes,No,No,No internet service,One year,No,Credit card (automatic),58.41,858.27,No
Male,0,No,No,47,Yes,No phone service,No,No,Yes,Yes,No,No internet service,No internet service,One year,No,Credit card (automatic),84.52,4041.69,Yes
Male,0,No,No,3,No,No,No,Yes,Yes,No,No,Yes,No,One year,No,Mailed check,55.33,119.82,No
Male,1,Yes,No,20,Yes,No,DSL,Yes,No internet service,No,Yes,No,No internet service,Month-to-month,Yes,Mailed check,38.25,729.99,Yes
Female,1,No,Yes,8,Yes,No,No,Yes,No,No,Yes,Yes,Yes,Two year,Yes,Bank transfer (automatic),18.0,187.08,No
Female,0,No,No,65,Yes,No,Fiber optic,No,No internet service,Yes,No internet service,Yes,Yes,Two year,No,Mailed check,18.0,1150.69,No
Male,0,Yes,No,34,Yes,No,DSL,No,No internet service,No,Yes,No,No,One year,Yes,Bank transfer (automatic),43.6,1466.91,No
Male,0,No,No,50,Yes,No,No,Yes,No internet service,No,No,No,No internet service,Month-to-month,No,Mailed check,75.37,3656.44,No
Female,1,Yes,No,36,Yes,No,Fiber optic,No,Yes,No,No,Yes,Yes,One year,No,Mailed check,18.0,680.54,Yes
Female,0,Yes,No,5,Yes,Yes,Fiber optic,No,Yes,No internet service,No,No,Yes,One year,No,Mailed check,56.27,270.31,No
Female,0,No,Yes,50,Yes,No,Fiber optic,No,No,Yes,No,No,No,Two year,No,Credit card (automatic),26.1,1377.01,Yes
Female,0,Yes,No,65,Yes,No,No,No,No,Yes,No,No internet service,Yes,Two year,Yes,Credit card (automatic),57.57,3714.12,No
Female,0,Yes,No,16,Yes,No,No,No,No,No,No,No,No,Two year,No,Credit card (automatic),73.23,1217.57,No
Female,0,Yes,Yes,64,Yes,No,DSL,No,Yes,No,No internet service,No,Yes,Month-to-month,Yes,Bank transfer (automatic),18.0,1163.61,No
Female,0,Yes,No,8,Yes,No,No,No internet service,Yes,Yes,No,No internet service,No,Two year,Yes,Bank transfer (automatic),38.73,267.53,No
Female,0,No,No,12,Yes,No phone service,No,No,No,No internet service,No,No,No,Month-to-month,No,Credit card (automatic),49.25,571.79,Yes
Female,0,No,No,57,Yes,No phone service,Fiber optic,No,Yes,Yes,No,No internet service,Yes,Month-to-month,Yes,Bank transfer (automatic),96.8,5503.98,Yes
Male,0,No,No,29,Yes,No phone service,DSL,No,No internet service,No,Yes,No internet service,Yes,Month-to-month,No,Credit card (automatic),75.66,2178.27,No
Male,0,No,No,30,Yes,No,Fiber optic,No,No internet service,No internet service,No internet service,No internet service,No,Two year,Yes,Electronic check,75.89,2291.88,No
Male,1,Yes,No,22,Yes,No,Fiber optic,No internet service,Yes,No,No internet service,Yes,Yes,Two year,No,Credit card (automatic),75.44,1725.5,No
Female,0,No,No,62,Yes,No,Fiber optic,No,No,No,Yes,Yes,No internet service,Month-to-month,Yes,Electronic check,77.45,4749.83,Yes
Male,1,No,No,27,Yes,Yes,DSL,No,Yes,No,No internet service,No,Yes,Month-to-month,No,Mailed check,18.0,492.31,No
Female,0,No,Yes,58,Yes,Yes,Fiber optic,No,No,Yes,Yes,Yes,No,Two year,No,Bank transfer (automatic),18.0,1019.19,No
Female,0,No,No,9,Yes,Yes,No,Yes,No,No internet service,Yes,No,Yes,One year,No,Bank transfer (automatic),20.35,156.01,No
Male,0,No,Yes,25,Yes,No phone service,No,Yes,Yes,Yes,No,No,No internet service,Month-to-month,Yes,Credit card (automatic),44.7,1158.45,No
Female,0,No,No,16,Yes,No,DSL,No,No,No internet service,No,No,Yes,Month-to-month,No,Mailed check,75.52,1261.24,Yes
Male,0,Yes,No,39,Yes,No phone service,Fiber optic,No internet service,No internet service,No,No,No internet service,No,One year,Yes,Mailed check,64.53,2472.25,No
Male,0,No,No,67,Yes,Yes,No,No internet service,Yes,Yes,No internet service,No,No internet service,Two year,No,Mailed check,32.68,2198.88,No
Male,0,Yes,No,22,Yes,Yes,DSL,No,Yes,Yes,No,No internet service,No internet service,Month-to-month,Yes,Mailed check,68.75,1488.93,No
Female,0,Yes,Yes,34,Yes,Yes,DSL,No,No,No,Yes,No,Yes,Month-to-month,Yes,Bank transfer (automatic),18.0,578.41,No
Male,0,Yes,No,8,Yes,Yes,Fiber optic,Yes,No,No,Yes,No,Yes,Month-to-month,Yes,Credit card (automatic),74.01,618.63,Yes
Female,1,Yes,No,44,Yes,No,Fiber optic,No,No internet service,No internet service,No internet service,No,Yes,Month-to-month,Yes,Credit card (automatic),45.05,2021.71,No
Male,0,Yes,No,36,Yes,No,DSL,No,No,Yes,No,Yes,Yes,One year,No,Electronic check,120.0,4380.28,No
Male,1,Yes,No,68,Yes,No,No,No,No,No,No internet service,No,No,Two year,Yes,Bank transfer (automatic),33.61,2352.02,No
Male,0,No,No,18,No,No,Fiber optic,No,No,No internet service,No,No internet service,Yes,One year,No,Electronic check,18.0,369.37,No
Female,0,No,No,72,Yes,No,Fiber optic,No,Yes,No,Yes,No,No,Two year,Yes,Mailed check,99.9,7150.49,No
Female,1,No,No,26,Yes,Yes,Fiber optic,No,Yes,No,No internet service,Yes,Yes,Two year,No,Credit card (automatic),20.91,637.33,No
Female,0,Yes,No,12,Yes,No phone service,Fiber optic,No internet service,No,Yes,Yes,No,No,Month-to-month,Yes,Electronic check,61.27,680.66,No
Male,0,No,No,56,Yes,No,Fiber optic,No,Yes,No internet service,No internet service,No internet service,No internet service,Month-to-month,Yes,Bank transfer (automatic),60.08,3408.4,No
Male,0,No,No,59,Yes,No,Fiber optic,No internet service,No internet service,No,No,No,Yes,One year,No,Credit card (automatic),83.88,4963.91,No
Female,1,Yes,No,11,Yes,No,Fiber optic,No,No,No,No,No,No,Month-to-month,No,Bank transfer (automatic),40.45,504.26,Yes
Female,0,No,Yes,8,Yes,Yes,Fiber optic,No,No,Yes,Yes,No,No,One year,Yes,Credit card (automatic),55.13,501.57,No
Female,0,No,No,26,Yes,No,No,No,Yes,No,No,Yes,No internet service,Month-to-month,Yes,Bank transfer (automatic),81.15,2066.94,Yes
Female,0,Yes,Yes,62,No,Yes,No,No,No,No internet service,No internet service,Yes,No internet service,One year,Yes,Bank transfer (automatic),18.0,1126.36,No
Female,0,No,Yes,28,Yes,No,No,No,Yes,No,No internet service,No,No,One year,Yes,Credit card (automatic),80.22,2227.19,Yes
Female,0,No,Yes,21,Yes,No,DSL,No internet service,Yes,Yes,No internet service,No,No internet service,Month-to-month,No,Bank transfer (automatic),82.96,1649.16,Yes
Male,0,Yes,Yes,72,Yes,Yes,DSL,No,No,No,No,No,Yes,One year,Yes,Bank transfer (automatic),77.62,5554.58,No
Female,0,Yes,No,18,Yes,Yes,No,Yes,Yes,No,No internet service,No internet service,Yes,Month-to-month,Yes,Mailed check,69.83,1231.51,No
Male,0,Yes,Yes,37,No,No phone service,DSL,No,No internet service,Yes,No,No internet service,No internet service,Month-to-month,Yes,Credit card (automatic),40.28,1553.52,Yes
Male,0,Yes,Yes,38,Yes,No,DSL,Yes,No internet service,No internet service,No internet service,Yes,Yes,One year,Yes,Electronic check,41.02,1560.96,No
Female,0,No,Yes,14,Yes,No,Fiber optic,Yes,Yes,No internet service,No internet service,No,Yes,Month-to-month,No,Credit card (automatic),65.91,994.02,Yes
Female,0,No,Yes,53,Yes,Yes,No,No internet service,No,No,No internet service,No internet service,No,Two year,No,Credit card (automatic),59.75,3215.85,No
Male,1,Yes,Yes,31,Yes,No,No,Yes,Yes,No,No,Yes,No,Month-to-month,Yes,Mailed check,44.89,1408.56,Yes
Female,0,No,No,45,No,Yes,Fiber optic,Yes,No,Yes,No internet service,Yes,Yes,One year,Yes,Electronic check,87.94,3936.85,No
Female,0,Yes,No,60,Yes,Yes,No,Yes,Yes,No internet service,No internet service,Yes,Yes,One year,Yes,Electronic check,84.24,5037.86,No
Male,0,Yes,No,51,Yes,No,Fiber optic,No,No internet service,No,No,No,Yes,Month-to-month,No,Electronic check,92.16,4670.64,Yes
Male,0,Yes,No,33,Yes,No phone service,Fiber optic,No,No internet service,No,No,Yes,No,Month-to-month,No,Bank transfer (automatic),120.0,4027.94,Yes
Male,0,No,Yes,72,Yes,No,DSL,No,No,Yes,Yes,No,No internet service,One year,Yes,Bank transfer (automatic),115.68,8284.52,No
Female,0,Yes,Yes,34,Yes,Yes,Fiber optic,Yes,Yes,No,No,No,Yes,Month-to-month,Yes,Bank transfer (automatic),48.9,1653.86,No
Male,0,Yes,Yes,69,Yes,No,No,No,No internet service,Yes,Yes,No,Yes,Month-to-month,No,Electronic check,57.61,3966.21,No
Female,0,Yes,No,36,Yes,No,DSL,No,No,Yes,No,Yes,No internet service,One year,No,Credit card (automatic),37.61,1466.9,No
Male,0,No,Yes,60,Yes,No,Fiber optic,Yes,No,No,Yes,No internet service,Yes,Month-to-month,Yes,Credit card (automatic),102.07,6181.14,Yes
Male,0,No,No,48,No,No,No,No,No,No,Yes,Yes,No,One year,Yes,Electronic check,53.26,2547.29,No
Male,1,Yes,Yes,8,Yes,No,DSL,No,No,Yes,No,No internet service,Yes,Two year,No,Electronic check,56.44,411.62,No
Female,0,Yes,Yes,18,Yes,Yes,DSL,No,Yes,Yes,Yes,Yes,No,Month-to-month,Yes,Mailed check,63.61,1102.22,Yes
Female,0,No,No,27,Yes,No,No,No internet service,No,Yes,Yes,Yes,No,Month-to-month,Yes,Bank transfer (automatic),61.24,1716.16,Yes
Male,0,No,No,25,Yes,Yes,DSL,No,No,No,No,No,No internet service,Month-to-month,No,Bank transfer (automatic),26.25,633.49,No
Male,0,Yes,No,37,Yes,No,Fiber optic,No internet service,No,No,No internet service,No,Yes,One year,No,Bank transfer (automatic),108.92,4014.82,No
Male,0,No,No,39,Yes,No,DSL,Yes,No internet service,No,No,Yes,Yes,Month-to-month,No,Mailed check,119.19,4683.57,Yes
Female,0,No,No,24,Yes,No,Fiber optic,Yes,Yes,No,Yes,No,No,Month-to-month,Yes,Mailed check,45.59,1091.34,No
Male,0,Yes,No,68,No,No phone service,DSL,No,No,Yes,No,Yes,No internet service,Month-to-month,Yes,Mailed check,106.26,7193.7,No
Female,0,No,No,70,Yes,No,DSL,Yes,Yes,Yes,No,Yes,Yes,Month-to-month,Yes,Electronic check,49.94,3504.22,Yes
Male,0,No,Yes,22,Yes,No,DSL,No,No,No,Yes,Yes,Yes,One year,No,Mailed check,105.5,2364.66,No
Male,0,No,No,64,Yes,No,DSL,Yes,Yes,No,Yes,No,No internet service,Month-to-month,No,Credit card (automatic),98.46,6257.62,No
Male,0,Yes,No,21,Yes,Yes,Fiber optic,No,Yes,No,No,No,No,Month-to-month,No,Electronic check,36.74,738.92,Yes
Male,0,Yes,No,63,Yes,Yes,DSL,No internet service,No,Yes,No,No,No,Month-to-month,No,Electronic check,72.55,4638.08,No
Male,0,Yes,No,67,Yes,No,Fiber optic,Yes,No internet service,No,No,Yes,No,Month-to-month,No,Bank transfer (automatic),89.32,5987.62,No
Male,0,Yes,No,57,Yes,Yes,DSL,No,No,Yes,No,No internet service,Yes,Month-to-month,Yes,Bank transfer (automatic),114.53,6490.9,No
Female,0,No,No,27,Yes,Yes,Fiber optic,No,Yes,No,Yes,Yes,No internet service,Month-to-month,Yes,Mailed check,120.0,3196.33,Yes
Male,1,No,No,67,No,No phone service,No,No,Yes,No internet service,No,No internet service,Yes,Month-to-month,Yes,Credit card (automatic),106.78,7214.63,No
Female,0,No,No,3,Yes,No,Fiber optic,Yes,No internet service,No,No,Yes,Yes,Two year,Yes,Electronic check,62.96,156.72,Yes
Male,1,No,No,0,Yes,No,Fiber optic,No,Yes,No,Yes,No internet service,No,Month-to-month,Yes,Electronic check,71.9,54.41,Yes
Male,0,Yes,No,25,Yes,No,Fiber optic,Yes,No,Yes,Yes,Yes,Yes,One year,No,Electronic check,64.96,1646.63,No
Female,0,No,Yes,32,Yes,Yes,No,No,Yes,Yes,No,No,Yes,Month-to-month,Yes,Bank transfer (automatic),34.75,1086.92,No
Male,0,No,No,26,Yes,No phone service,No,No internet service,Yes,No,No internet service,Yes,No,One year,No,Bank transfer (automatic),74.62,1920.91,No
Female,1,Yes,Yes,41,Yes,No,Fiber optic,No,No,No,Yes,No,No,Month-to-month,No,Credit card (automatic),51.87,2099.16,No
Female,0,No,No,68,Yes,Yes,DSL,No internet service,No internet service,No,No,No,No,Two year,Yes,Bank transfer (automatic),51.05,3475.19,No
Male,0,Yes,No,70,Yes,No phone service,Fiber optic,No internet service,Yes,No,Yes,No,No,One year,Yes,Credit card (automatic),29.78,2143.21,No
Female,0,No,No,63,Yes,No,Fiber optic,Yes,Yes,No internet service,Yes,No,No,Month-to-month,Yes,Bank transfer (automatic),56.44,3573.54,Yes
Female,0,No,No,24,Yes,No phone service,DSL,No,Yes,No internet service,Yes,Yes,No,Month-to-month,Yes,Credit card (automatic),30.89,688.07,Yes
Male,0,Yes,Yes,71,No,No,DSL,No internet service,No,No internet service,No,Yes,No internet service,One year,Yes,Bank transfer (automatic),114.73,8210.8,No
Female,1,No,Yes,3,Yes,No,Fiber optic,No,No,No,Yes,No internet service,Yes,Two year,No,Bank transfer (automatic),60.68,290.97,No
Male,1,No,No,11,Yes,No,No,No internet service,Yes,No,No,No internet service,Yes,Month-to-month,No,Mailed check,83.95,873.05,No
Male,0,Yes,Yes,57,Yes,Yes,Fiber optic,No,Yes,No internet service,No,No internet service,No,Month-to-month,Yes,Mailed check,18.38,961.55,No
Male,1,Yes,No,10,Yes,No,Fiber optic,No,Yes,No,No,Yes,No internet service,Month-to-month,Yes,Mailed check,60.82,609.95,Yes
Male,0,Yes,No,58,Yes,Yes,No,Yes,No,Yes,Yes,Yes,No internet service,Month-to-month,No,Credit card (automatic),18.0,1045.07,No
Female,0,No,No,35,Yes,No phone service,Fiber optic,No internet service,Yes,Yes,No,Yes,No,Month-to-month,Yes,Credit card (automatic),105.36,3722.97,No
Male,0,No,No,21,Yes,No,Fiber optic,No,No,No internet service,No internet service,No,Yes,Month-to-month,Yes,Credit card (automatic),62.37,1316.15,No
Male,0,No,No,64,Yes,No,No,No,Yes,No internet service,No,Yes,No,Month-to-month,No,Credit card (automatic),82.15,5229.98,Yes
Female,1,No,No,49,No,No,DSL,No,No internet service,No,Yes,Yes,No,Month-to-month,Yes,Mailed check,45.66,2194.69,No
Male,0,No,Yes,3,Yes,Yes,DSL,No,No,Yes,No,Yes,No,One year,No,Electronic check,78.13,233.3,Yes
Male,0,Yes,Yes,71,Yes,No,No,No,Yes,No internet service,No,No internet service,Yes,One year,Yes,Bank transfer (automatic),116.99,8355.99,No
Female,0,No,No,51,Yes,Yes,No,Yes,No internet service,No internet service,Yes,No,No,Month-to-month,Yes,Bank transfer (automatic),75.68,3833.02,Yes
Female,0,Yes,No,42,Yes,Yes,No,No internet service,No internet service,No,No,Yes,No,Two year,Yes,Credit card (automatic),55.24,2347.81,No
Female,0,Yes,Yes,45,Yes,No,DSL,No,Yes,Yes,Yes,No,Yes,Month-to-month,No,Mailed check,52.35,2328.2,No
Female,1,No,No,3,Yes,No,Fiber optic,Yes,No internet service,No,No,Yes,No,Month-to-month,No,Electronic check,18.0,19.61,Yes
Female,0,Yes,No,12,Yes,No,Fiber optic,No,No internet service,Yes,No,Yes,No internet service,One year,Yes,Mailed check,64.08,815.03,Yes
Female,0,No,No,37,Yes,Yes,DSL,No internet service,No,No,No internet service,No,No,One year,No,Bank transfer (automatic),68.1,2580.41,No
Female,0,No,No,44,Yes,No,Fiber optic,Yes,Yes,No,No,No,No,Two year,Yes,Credit card (automatic),85.2,3758.9,No
Male,0,Yes,No,24,No,Yes,Fiber optic,Yes,No internet service,No internet service,No,No,No,Month-to-month,Yes,Credit card (automatic),83.22,1947.97,Yes
Female,0,Yes,No,66,Yes,Yes,DSL,No,Yes,Yes,No,Yes,Yes,Month-to-month,Yes,Mailed check,53.52,3500.51,Yes
Female,0,No,No,54,Yes,No phone service,No,No,No,Yes,Yes,Yes,Yes,One year,Yes,Credit card (automatic),87.78,4667.04,No
Female,0,No,No,38,Yes,Yes,Fiber optic,No,No,No,No internet service,No,No,Month-to-month,Yes,Electronic check,107.88,4124.32,Yes
Male,0,Yes,No,64,Yes,Yes,Fiber optic,No,No,Yes,Yes,No,No,Month-to-month,Yes,Bank transfer (automatic),114.17,7296.73,No
Male,0,Yes,No,1,Yes,No,Fiber optic,No internet service,No internet service,No,No,No internet service,No,One year,No,Electronic check,49.28,49.15,Yes
Female,0,No,Yes,68,Yes,Yes,No,Yes,No internet service,Yes,Yes,Yes,No,Month-to-month,No,Mailed check,66.21,4535.97,No
Female,0,No,Yes,61,Yes,Yes,Fiber optic,No internet service,No internet service,No,No,No,Yes,Month-to-month,No,Bank transfer (automatic),87.89,5317.96,Yes
Female,0,Yes,No,45,No,No,Fiber optic,Yes,No,Yes,No,Yes,Yes,Month-to-month,Yes,Electronic check,29.19,1347.91,No
Male,0,Yes,No,30,Yes,No,DSL,Yes,Yes,No,No,No,Yes,Month-to-month,No,Electronic check,66.77,2065.28,Yes
Male,1,No,No,34,Yes,No,Fiber optic,No,Yes,Yes,No internet service,No,Yes,Month-to-month,Yes,Electronic check,51.9,1700.93,No
Female,0,No,No,44,Yes,Yes,Fiber optic,No internet service,No,Yes,Yes,Yes,No internet service,Month-to-month,No,Bank transfer (automatic),85.57,3796.88,No
Male,0,No,Yes,53,Yes,No,Fiber optic,No,No internet service,No,Yes,No internet service,No internet service,Month-to-month,No,Bank transfer (automatic),51.59,2747.68,No
Female,0,No,No,70,No,No phone service,DSL,No,No,Yes,No,Yes,Yes,Two year,No,Credit card (automatic),59.41,4190.64,No
Male,0,No,Yes,68,Yes,Yes,Fiber optic,No,No,No internet service,No internet service,Yes,No internet service,Month-to-month,Yes,Mailed check,41.93,2874.96,No
Male,0,Yes,No,28,Yes,No,Fiber optic,No,Yes,No,No,No,No,Two year,Yes,Credit card (automatic),18.0,476.13,No
Female,1,No,No,71,Yes,No,Fiber optic,No,No,No internet service,No internet service,Yes,Yes,Month-to-month,No,Mailed check,44.68,3211.69,Yes
Female,0,Yes,No,7,Yes,No,DSL,No internet service,Yes,Yes,Yes,Yes,No,Month-to-month,Yes,Bank transfer (automatic),99.11,667.16,Yes
Female,0,No,Yes,53,Yes,No phone service,Fiber optic,Yes,No internet service,Yes,Yes,No internet service,No internet service,Month-to-month,No,Electronic check,18.0,982.42,No
Female,0,Yes,No,6,Yes,No phone service,No,No,No internet service,No,No,Yes,No internet service,Month-to-month,Yes,Credit card (automatic),71.47,500.15,Yes
Male,0,Yes,No,22,Yes,No,DSL,No,Yes,No,No,Yes,No internet service,Month-to-month,Yes,Bank transfer (automatic),66.87,1414.24,No
Male,0,No,No,31,Yes,Yes,DSL,No,No,Yes,No,Yes,No internet service,Month-to-month,No,Bank transfer (automatic),44.43,1341.2,No
Male,1,No,No,61,Yes,Yes,DSL,No internet service,Yes,No,Yes,Yes,No,One year,Yes,Bank transfer (automatic),90.79,5497.98,No
Female,0,Yes,No,44,Yes,Yes,DSL,Yes,No,No,No,No internet service,Yes,Month-to-month,Yes,Credit card (automatic),56.25,2489.55,No
Male,0,No,No,67,Yes,No,No,No internet service,Yes,Yes,No internet service,Yes,Yes,One year,Yes,Bank transfer (automatic),57.94,3917.27,No
Female,0,Yes,No,29,Yes,No phone service,Fiber optic,No internet service,No internet service,No,No,No internet service,Yes,One year,No,Mailed check,106.98,3089.88,No
Male,0,Yes,Yes,38,Yes,Yes,DSL,No internet service,Yes,No internet service,No,No internet service,No internet service,Month-to-month,Yes,Mailed check,18.0,649.58,Yes
Female,0,No,No,4,No,No,No,Yes,No,No,No,No,No,Two year,Yes,Electronic check,18.0,137.74,No
Female,0,Yes,No,66,Yes,Yes,DSL,No internet service,No,No internet service,No,No internet service,No internet service,Two year,No,Credit card (automatic),111.62,7412.54,No
Male,0,No,No,21,Yes,No phone service,Fiber optic,No internet service,Yes,Yes,Yes,Yes,Yes,Two year,Yes,Credit card (automatic),98.26,1979.75,No
Female,0,Yes,Yes,27,Yes,No phone service,Fiber optic,No,Yes,Yes,No,No,No,Month-to-month,Yes,Credit card (automatic),94.55,2551.85,Yes
Female,0,No,Yes,21,Yes,No,DSL,Yes,Yes,Yes,No internet service,Yes,No,Two year,No,Credit card (automatic),120.0,2489.66,No
Male,0,No,Yes,28,Yes,Yes,Fiber optic,No,No,No,No internet service,No,No,Two year,Yes,Credit card (automatic),89.0,2504.33,No
Female,0,Yes,No,42,No,Yes,DSL,No internet service,No internet service,No,No internet service,Yes,No,One year,Yes,Bank transfer (automatic),71.23,3024.79,No
Female,0,Yes,No,41,Yes,No,No,No,No,Yes,No internet service,No internet service,No,Month-to-month,No,Bank transfer (automatic),23.13,986.16,Yes
Female,0,No,No,59,No,No,DSL,No,Yes,No,No internet service,No,No,Two year,No,Mailed check,67.81,3986.68,No
Male,0,No,No,70,Yes,Yes,DSL,Yes,Yes,No,Yes,Yes,Yes,Two year,Yes,Credit card (automatic),41.11,2870.88,No
Male,0,Yes,No,67,Yes,No phone service,Fiber optic,Yes,Yes,No internet service,Yes,Yes,No internet service,One year,Yes,Credit card (automatic),59.3,3965.62,No
Female,0,No,No,58,Yes,No,No,No,No,Yes,No internet service,No,No internet service,Month-to-month,Yes,Credit card (automatic),18.0,1002.11,No
Male,0,Yes,No,5,No,Yes,Fiber optic,No,Yes,Yes,No,No internet service,No internet service,Two year,Yes,Mailed check,18.0,76.97,No
Female,1,Yes,No,72,Yes,Yes,DSL,Yes,Yes,No,No,No internet service,No internet service,Month-to-month,No,Credit card (automatic),54.1,3830.31,No
Female,0,No,No,27,Yes,No,DSL,No internet service,Yes,Yes,No,No internet service,No internet service,Month-to-month,Yes,Credit card (automatic),71.67,1930.8,Yes
Female,0,Yes,No,30,Yes,Yes,DSL,No,No,No,No,No,Yes,Two year,No,Bank transfer (automatic),41.87,1222.74,No
Female,0,No,Yes,38,Yes,Yes,Fiber optic,No internet service,No,No,Yes,No internet service,No,Two year,Yes,Mailed check,60.35,2307.72,No
Female,0,No,No,49,Yes,No,Fiber optic,No,No,No internet service,No internet service,No,No,Two year,Yes,Bank transfer (automatic),41.64,2072.94,No
Male,0,No,No,36,Yes,No phone service,Fiber optic,Yes,Yes,No internet service,No internet service,Yes,Yes,One year,Yes,Electronic check,33.67,1125.63,No
Female,0,No,No,71,Yes,No phone service,Fiber optic,No internet service,Yes,No internet service,No,Yes,Yes,Month-to-month,Yes,Credit card (automatic),85.63,6082.55,Yes
Male,0,No,No,14,Yes,Yes,DSL,No,No internet service,No,Yes,No,Yes,Two year,No,Electronic check,36.1,581.1,No
Male,0,No,Yes,50,Yes,No,Fiber optic,Yes,Yes,No internet service,Yes,Yes,No,Month-to-month,No,Credit card (automatic),28.86,1426.52,No
Female,0,No,No,69,Yes,No,Fiber optic,No,Yes,No,No,Yes,Yes,One year,Yes,Electronic check,120.0,8201.48,Yes
Female,0,No,No,22,Yes,Yes,DSL,No,Yes,No,No,No,Yes,One year,No,Bank transfer (automatic),73.89,1583.57,No
Male,0,No,No,24,Yes,No,Fiber optic,No internet service,Yes,No,No,Yes,No,Month-to-month,No,Mailed check,70.69,1712.1,Yes
Male,0,Yes,Yes,45,Yes,No phone service,DSL,Yes,Yes,No,Yes,No,Yes,Month-to-month,No,Electronic check,46.32,2113.16,No
Male,0,No,No,22,Yes,Yes,DSL,No,No,Yes,No internet service,Yes,No,Month-to-month,Yes,Bank transfer (automatic),86.63,1874.48,No
Female,0,No,No,9,Yes,Yes,No,No,Yes,No,No,No internet service,Yes,Month-to-month,No,Electronic check,63.86,584.59,Yes
Male,0,No,No,72,Yes,No,No,Yes,No,No internet service,No,Yes,No,Month-to-month,Yes,Electronic check,28.8,2122.22,Yes
Female,1,No,Yes,31,Yes,Yes,Fiber optic,Yes,No,Yes,Yes,No internet service,Yes,Month-to-month,No,Mailed check,114.74,3557.05,Yes
Female,0,No,Yes,50,Yes,No,DSL,No,Yes,No,No internet service,Yes,No,One year,No,Bank transfer (automatic),18.0,926.87,No
Female,0,No,No,40,Yes,No,Fiber optic,No,Yes,No,No,No,No internet service,One year,Yes,Mailed check,80.52,3238.84,No
Male,0,Yes,No,64,Yes,No,DSL,No,No,No internet service,Yes,No internet service,No internet service,Month-to-month,Yes,Credit card (automatic),18.0,1158.67,No
Female,0,No,No,64,Yes,Yes,DSL,No,No internet service,No,No,Yes,Yes,One year,No,Mailed check,80.62,5078.35,No
Female,0,Yes,No,39,Yes,No,DSL,No,No,No,No,No internet service,No internet service,Month-to-month,Yes,Mailed check,110.61,4324.6,No
Female,0,No,No,17,Yes,No,Fiber optic,Yes,No,No,No internet service,No internet service,No,Month-to-month,No,Electronic check,21.05,226.28,No
Female,0,No,No,35,Yes,Yes,No,No,Yes,No internet service,No,Yes,Yes,Month-to-month,Yes,Electronic check,107.16,3754.81,Yes
Female,0,Yes,Yes,30,Yes,No phone service,No,Yes,No,Yes,Yes,No,No,One year,No,Electronic check,52.36,1522.51,No
Male,0,Yes,No,53,Yes,No,No,No internet service,Yes,No,No,Yes,Yes,Month-to-month,No,Bank transfer (automatic),66.9,3534.92,Yes
Female,1,No,No,62,Yes,Yes,DSL,Yes,No,Yes,No,No,No internet service,Month-to-month,Yes,Mailed check,18.0,1127.89,No
Female,0,Yes,No,0,No,Yes,Fiber optic,Yes,No,No,No,Yes,No,Month-to-month,Yes,Credit card (automatic),81.78,105.59,Yes
Male,0,Yes,No,51,Yes,Yes,No,No,Yes,Yes,No,No,Yes,Two year,Yes,Electronic check,36.04,1807.29,No
Female,0,No,No,56,Yes,No phone service,No,No internet service,Yes,No internet service,Yes,No,No,Two year,Yes,Credit card (automatic),53.68,2992.29,No
Male,1,Yes,Yes,8,Yes,No,DSL,Yes,No,No internet service,No internet service,No,Yes,Month-to-month,Yes,Mailed check,92.26,764.74,Yes
Female,0,No,No,55,Yes,Yes,No,No,No,No,No,No,No,Month-to-month,No,Mailed check,50.9,2732.21,No
Male,0,No,No,46,No,No,Fiber optic,No internet service,No,No,Yes,No,Yes,Two year,No,Mailed check,22.15,1070.25,No
Male,0,Yes,No,2,Yes,Yes,DSL,No,No,No internet service,Yes,Yes,No internet service,Month-to-month,No,Credit card (automatic),105.13,220.92,No
Female,0,Yes,No,1,Yes,No,DSL,No,Yes,No,No,Yes,Yes,Month-to-month,No,Credit card (automatic),53.41,56.76,No
Female,1,No,Yes,53,No,Yes,DSL,No internet service,No internet service,No,No,No internet service,No,Month-to-month,No,Credit card (automatic),53.8,2897.76,Yes
Female,0,No,No,36,Yes,Yes,Fiber optic,No,Yes,No internet service,Yes,No,No,Two year,No,Mailed check,84.06,2984.25,No
Male,0,No,No,55,Yes,No,DSL,Yes,Yes,No,No,No,No,One year,No,Mailed check,87.08,4755.94,No
Male,1,No,Yes,30,Yes,No,Fiber optic,Yes,Yes,Yes,No,Yes,Yes,Month-to-month,Yes,Electronic check,120.0,3593.27,Yes
Male,0,No,No,11,Yes,No,No,No,No internet service,No internet service,No,No internet service,No,Month-to-month,Yes,Bank transfer (automatic),48.12,477.38,No
Female,0,Yes,Yes,57,Yes,No phone service,No,Yes,Yes,Yes,Yes,No,No,Two year,Yes,Credit card (automatic),34.56,2010.74,No
Male,0,Yes,No,66,Yes,No phone service,Fiber optic,No,No,No internet service,Yes,Yes,No,Month-to-month,No,Bank transfer (automatic),73.01,4783.77,No
Male,0,Yes,No,25,Yes,No,Fiber optic,No,Yes,No internet service,Yes,Yes,No,One year,Yes,Credit card (automatic),83.94,2106.33,No
Female,0,Yes,No,11,Yes,Yes,Fiber optic,No,No,No,No internet service,Yes,Yes,Month-to-month,Yes,Credit card (automatic),64.37,686.59,Yes
Male,0,No,Yes,15,Yes,No,No,Yes,Yes,Yes,No,No,Yes,One year,Yes,Bank transfer (automatic),66.28,977.79,No
Male,0,No,No,52,Yes,Yes,No,No,No,No internet service,No,Yes,No,Month-to-month,No,Bank transfer (automatic),71.52,3672.17,Yes
Female,0,Yes,No,71,Yes,Yes,Fiber optic,No internet service,Yes,No internet service,No,No internet service,Yes,One year,No,Credit card (automatic),58.14,4095.26,No
Male,0,No,No,48,Yes,No,DSL,Yes,Yes,Yes,No,No,No,Month-to-month,Yes,Mailed check,43.75,2069.88,Yes
Female,0,Yes,No,48,Yes,No,Fiber optic,No,No,No,No internet service,No internet service,Yes,Month-to-month,No,Electronic check,38.66,1836.5,Yes
Female,0,Yes,Yes,6,Yes,Yes,No,No,Yes,Yes,Yes,No,No internet service,Month-to-month,No,Credit card (automatic),38.38,202.24,Yes
Female,0,No,No,14,Yes,No,No,Yes,Yes,Yes,No internet service,Yes,No internet service,Two year,Yes,Electronic check,74.98,1008.26,No
Female,0,Yes,No,35,Yes,Yes,Fiber optic,No,Yes,No,Yes,No,No,Month-to-month,Yes,Mailed check,18.0,548.58,No
Female,0,Yes,No,71,Yes,No,Fiber optic,No,No,No,Yes,Yes,No,Month-to-month,Yes,Mailed check,90.03,6370.26,No
Male,0,Yes,No,14,Yes,No,DSL,No internet service,Yes,Yes,No internet service,No internet service,Yes,One year,Yes,Electronic check,100.44,1430.92,Yes
Male,0,Yes,No,61,Yes,No,Fiber optic,No,No internet service,Yes,Yes,Yes,No internet service,One year,No,Credit card (automatic),79.41,4787.34,No
Female,0,No,No,17,Yes,No,Fiber optic,No,No internet service,No internet service,Yes,No,Yes,One year,No,Electronic check,18.0,368.1,No
Female,0,No,No,45,Yes,No phone service,No,Yes,Yes,No,Yes,No,No,Month-to-month,No,Credit card (automatic),33.48,1424.03,No
Male,0,Yes,Yes,60,Yes,No,No,No,Yes,No,No,No,No,Month-to-month,Yes,Bank transfer (automatic),29.12,1672.12,No
Female,0,Yes,No,42,Yes,Yes,DSL,Yes,No internet service,No internet service,No,Yes,Yes,One year,No,Credit card (automatic),22.52,858.4,No
Female,0,No,Yes,43,Yes,No,Fiber optic,Yes,Yes,Yes,No,No internet service,No internet service,Month-to-month,Yes,Bank transfer (automatic),53.53,2352.71,Yes
Female,1,No,No,65,Yes,No,DSL,No,No,No,Yes,No internet service,Yes,Two year,Yes,Bank transfer (automatic),106.75,6920.86,No
Male,0,Yes,Yes,54,Yes,No,DSL,No,No,No,No,No,No,Month-to-month,Yes,Electronic check,93.81,5137.02,No
Male,0,Yes,No,38,Yes,Yes,DSL,No,No,No,No,Yes,Yes,Month-to-month,No,Bank transfer (automatic),90.55,3359.19,Yes
Female,0,No,Yes,4,Yes,No,No,No,No internet service,No,No,No internet service,No,Month-to-month,No,Electronic check,18.0,192.08,Yes
Female,1,No,Yes,56,Yes,No,No,Yes,No,No,No,No,No internet service,Month-to-month,No,Electronic check,116.72,6493.2,No
Male,0,Yes,No,14,Yes,Yes,Fiber optic,No,No,No internet service,No internet service,No,No internet service,Month-to-month,No,Mailed check,109.56,1521.51,Yes
Male,0,No,Yes,15,Yes,No,Fiber optic,No,No,No,No,No internet service,No,Month-to-month,Yes,Electronic check,28.28,414.36,Yes
Female,0,Yes,No,56,Yes,No,No,No internet service,Yes,No,No,No,Yes,Two year,Yes,Mailed check,18.0,1020.82,No
Female,1,No,No,24,Yes,No,Fiber optic,No,No internet service,Yes,No,No internet service,Yes,Month-to-month,Yes,Mailed check,67.89,1631.76,No
Male,0,No,Yes,21,Yes,Yes,Fiber optic,No,No,No,No,No internet service,No,Month-to-month,Yes,Electronic check,120.0,2522.16,Yes
Male,0,No,No,30,Yes,Yes,No,No,Yes,No internet service,Yes,Yes,Yes,Month-to-month,No,Credit card (automatic),77.0,2365.45,No
Male,1,Yes,No,33,Yes,No,Fiber optic,Yes,No internet service,Yes,Yes,Yes,Yes,One year,No,Credit card (automatic),54.31,1768.05,No
Female,1,Yes,No,15,Yes,Yes,No,Yes,No,No internet service,No internet service,No,Yes,Month-to-month,Yes,Electronic check,64.89,947.73,Yes
Male,1,Yes,No,69,Yes,No,Fiber optic,No,Yes,No,No,No internet service,Yes,Month-to-month,Yes,Bank transfer (automatic),87.92,6138.6,Yes
Female,0,No,No,58,Yes,Yes,Fiber optic,Yes,Yes,No internet service,No,Yes,Yes,One year,No,Electronic check,40.46,2353.33,Yes
Male,0,Yes,No,14,Yes,Yes,DSL,No internet service,No,No,No,No,Yes,Month-to-month,Yes,Bank transfer (automatic),79.8,1087.85,Yes
Male,0,Yes,Yes,12,Yes,Yes,No,No internet service,Yes,No,Yes,Yes,Yes,One year,Yes,Credit card (automatic),105.96,1306.33,No
Male,0,Yes,No,23,Yes,No phone service,DSL,No,No internet service,No internet service,No internet service,No internet service,No internet service,One year,Yes,Bank transfer (automatic),31.85,723.64,No
Male,0,No,No,12,Yes,No,No,Yes,No internet service,No,Yes,No,Yes,Two year,Yes,Electronic check,75.83,1002.16,No
Female,0,Yes,No,64,Yes,No,No,Yes,No,Yes,No,No,No internet service,Month-to-month,Yes,Bank transfer (automatic),100.8,6403.65,No
Female,0,Yes,No,35,Yes,No,No,No,No,No,Yes,No,No internet service,Month-to-month,Yes,Mailed check,18.0,645.46,No
Male,0,Yes,No,48,Yes,No,Fiber optic,No,No internet service,No internet service,No,Yes,No,Month-to-month,No,Mailed check,57.7,2718.59,No
Female,0,No,Yes,47,Yes,Yes,Fiber optic,Yes,Yes,Yes,No,No internet service,No,Month-to-month,Yes,Electronic check,37.97,1775.7,Yes
Male,0,No,No,42,Yes,Yes,No,No,No,No internet service,Yes,Yes,Yes,Month-to-month,Yes,Electronic check,35.29,1445.97,No
Male,0,No,No,5,Yes,No,No,Yes,Yes,No,No,Yes,Yes,One year,No,Electronic check,111.13,555.86,Yes
Male,0,No,Yes,67,Yes,No,No,Yes,No,No internet service,Yes,Yes,No,Month-to-month,No,Credit card (automatic),92.18,6156.4,Yes
Male,0,No,Yes,13,Yes,No phone service,DSL,No,No internet service,Yes,Yes,Yes,No internet service,Month-to-month,Yes,Credit card (automatic),101.36,1276.49,Yes
Female,0,Yes,Yes,29,No,No,Fiber optic,Yes,Yes,Yes,No,No,No,Month-to-month,Yes,Credit card (automatic),94.67,2694.46,No
Male,0,No,No,7,No,Yes,No,Yes,No internet service,No internet service,No,No,Yes,One year,Yes,Mailed check,72.14,506.46,No
Male,0,Yes,No,53,Yes,Yes,Fiber optic,No,No,Yes,No,Yes,No,Month-to-month,Yes,Bank transfer (automatic),81.25,4288.02,No
Female,0,Yes,Yes,65,Yes,No phone service,DSL,No,No internet service,No,Yes,No,No,Month-to-month,No,Mailed check,100.65,6573.7,No
Male,0,No,Yes,3,Yes,Yes,Fiber optic,No internet service,No internet service,Yes,No internet service,No,No,Two year,Yes,Bank transfer (automatic),60.7,128.11,Yes
Male,0,Yes,No,59,Yes,Yes,DSL,Yes,No internet service,No,No,No internet service,Yes,One year,Yes,Bank transfer (automatic),87.05,5148.59,No
Male,0,Yes,No,52,Yes,Yes,No,No,No internet service,Yes,Yes,No,No,Month-to-month,Yes,Electronic check,120.0,6253.97,No
Female,1,Yes,No,14,Yes,No,Fiber optic,No internet service,Yes,No,No,No,No,Month-to-month,Yes,Electronic check,89.59,1338.31,Yes
Male,0,No,No,0,Yes,Yes,Fiber optic,No internet service,No,Yes,Yes,Yes,No internet service,Month-to-month,Yes,Credit card (automatic),55.4,9.36,No
Female,1,Yes,No,21,Yes,Yes,Fiber optic,No,Yes,No internet service,No,No,Yes,Two year,No,Electronic check,56.19,1201.69,No
Male,1,No,Yes,14,Yes,No,No,No,No,No,No,Yes,Yes,Two year,No,Mailed check,44.28,543.43,No
Male,0,No,No,21,Yes,Yes,DSL,No,No,No internet service,No,No,No internet service,Month-to-month,Yes,Mailed check,21.45,458.8,No
Female,1,No,No,49,Yes,Yes,DSL,No internet service,No internet service,No,Yes,No,Yes,Two year,No,Mailed check,18.0,823.5,No
Male,0,Yes,No,47,Yes,Yes,Fiber optic,No,No,No internet service,No,Yes,Yes,Month-to-month,Yes,Electronic check,32.49,1452.07,Yes
Male,0,No,No,72,Yes,Yes,Fiber optic,No,No,No internet service,No internet service,Yes,No internet service,One year,Yes,Electronic check,52.01,3734.26,No
Female,0,Yes,No,50,Yes,No,No,No,Yes,No internet service,Yes,No internet service,Yes,Month-to-month,No,Bank transfer (automatic),73.56,3695.8,No
Female,0,Yes,No,16,No,Yes,DSL,No,No internet service,No,Yes,Yes,No,Month-to-month,Yes,Bank transfer (automatic),79.53,1304.16,No
Female,1,Yes,No,50,Yes,No,Fiber optic,No,No,No internet service,No,No,No,Two year,No,Electronic check,59.43,3051.36,No
Female,0,No,No,36,Yes,Yes,Fiber optic,Yes,No,Yes,No,No internet service,No,Month-to-month,No,Mailed check,52.35,1857.62,No
Female,0,Yes,No,48,Yes,No,Fiber optic,No,No internet service,Yes,No,No,No,Two year,No,Electronic check,107.99,5145.3,No
Male,0,Yes,No,58,Yes,No,No,No internet service,No internet service,No,No,No,Yes,Month-to-month,No,Credit card (automatic),36.64,2083.09,No
Female,0,Yes,Yes,9,No,No,DSL,Yes,No,No internet service,No,No,No,Month-to-month,Yes,Credit card (automatic),120.0,1051.69,Yes
Male,0,Yes,Yes,29,Yes,No,Fiber optic,No internet service,No internet service,Yes,Yes,Yes,No internet service,One year,No,Mailed check,34.77,974.29,Yes
Male,0,No,No,20,Yes,Yes,No,No internet service,No,No internet service,Yes,No,Yes,Month-to-month,Yes,Credit card (automatic),54.76,1147.05,No
Male,1,No,Yes,33,Yes,No,DSL,Yes,No,Yes,No,Yes,No,Month-to-month,No,Electronic check,48.31,1679.24,Yes
Female,0,No,No,72,Yes,No,Fiber optic,No,No,No,No internet service,Yes,No,Month-to-month,Yes,Electronic check,39.35,2845.32,Yes
Female,0,Yes,Yes,49,Yes,No,DSL,Yes,Yes,No internet service,Yes,Yes,Yes,Two year,No,Bank transfer (automatic),24.16,1196.4,No
Male,0,Yes,No,46,Yes,Yes,Fiber optic,Yes,Yes,No internet service,No internet service,No internet service,No,One year,No,Credit card (automatic),42.38,1940.31,No
Female,0,No,No,5,Yes,Yes,DSL,No,No,No,No internet service,No,No,Month-to-month,No,Credit card (automatic),119.49,601.98,No
Female,0,Yes,No,49,Yes,No,Fiber optic,No,No internet service,No,No,Yes,Yes,Month-to-month,No,Credit card (automatic),107.74,5329.89,No
Female,0,No,Yes,62,No,No,Fiber optic,No,No,Yes,No internet service,No,Yes,Month-to-month,No,Credit card (automatic),67.97,4166.0,No
Female,0,Yes,No,11,Yes,No,Fiber optic,No,No,Yes,No,Yes,No,Month-to-month,Yes,Mailed check,51.96,542.57,Yes
Male,1,No,No,40,Yes,No,Fiber optic,No,No,No internet service,No,No internet service,No internet service,Two year,No,Mailed check,120.0,4805.21,No
Male,0,Yes,No,30,Yes,Yes,Fiber optic,No,Yes,Yes,No,No,Yes,One year,No,Electronic check,18.0,475.29,No
Female,1,Yes,Yes,1,No,No,No,No,No,Yes,No internet service,Yes,No,Month-to-month,No,Credit card (automatic),52.19,56.17,Yes
Male,0,No,Yes,15,Yes,No,DSL,No,No,No,No internet service,No,Yes,Month-to-month,No,Bank transfer (automatic),18.0,204.68,No
Female,0,No,No,0,Yes,No,Fiber optic,No,No internet service,Yes,No internet service,No internet service,No,Two year,Yes,Electronic check,115.2,10.61,No
Female,0,Yes,Yes,3,Yes,Yes,Fiber optic,No internet service,No,No,Yes,No,Yes,Month-to-month,Yes,Electronic check,90.17,267.56,Yes
Male,1,No,No,46,Yes,No,DSL,No,No,No,No,No,No,Two year,No,Mailed check,75.25,3462.93,No
Male,0,No,No,64,Yes,Yes,Fiber optic,No,Yes,Yes,No,Yes,No internet service,Month-to-month,Yes,Electronic check,47.26,3032.56,Yes
Male,1,Yes,Yes,51,Yes,No phone service,DSL,No internet service,Yes,No internet service,No,No,No,One year,Yes,Bank transfer (automatic),114.35,5872.02,No
Female,1,Yes,No,46,Yes,No,Fiber optic,No,No,Yes,No,No internet service,Yes,One year,No,Credit card (automatic),79.43,3631.31,No
Male,0,Yes,Yes,49,Yes,No,DSL,Yes,No internet service,No,Yes,No,No,One year,Yes,Electronic check,62.86,3075.9,No
Female,0,Yes,No,44,Yes,No,No,Yes,No internet service,Yes,No internet service,Yes,No,One year,No,Bank transfer (automatic),120.0,5248.05,No
Male,0,No,No,41,Yes,No phone service,Fiber optic,No,No,No,No internet service,No,Yes,Month-to-month,No,Mailed check,98.0,4020.86,No
Male,0,Yes,No,55,Yes,No phone service,DSL,No,No,Yes,Yes,No internet service,Yes,Month-to-month,Yes,Mailed check,30.56,1681.59,No
Female,0,Yes,No,70,Yes,Yes,Fiber optic,No,Yes,No,No,No,Yes,Two year,No,Credit card (automatic),86.38,5994.91,No
Female,0,Yes,No,56,Yes,No,No,No,Yes,No internet service,No,No,No internet service,Month-to-month,Yes,Electronic check,25.53,1467.25,Yes
Female,0,No,No,32,Yes,No,Fiber optic,No,No internet service,Yes,No internet service,Yes,Yes,Two year,No,Bank transfer (automatic),106.15,3417.42,Yes
Female,0,Yes,No,27,Yes,Yes,No,No,No internet service,No internet service,No,No,No,One year,Yes,Mailed check,115.88,3174.97,No
Female,0,Yes,No,43,Yes,No phone service,DSL,No,Yes,Yes,No,Yes,No,Month-to-month,No,Bank transfer (automatic),18.0,794.6,No
Female,0,Yes,No,55,Yes,Yes,Fiber optic,No,No,Yes,No internet service,No internet service,Yes,Two year,Yes,Mailed check,71.57,3974.68,Yes
Female,0,No,Yes,43,No,Yes,DSL,No,No,No,No,Yes,Yes,Two year,No,Mailed check,49.46,2086.04,Yes
Female,0,Yes,Yes,72,Yes,Yes,DSL,No,Yes,No,No,Yes,No internet service,Month-to-month,No,Credit card (automatic),26.79,1912.69,No
Male,0,No,No,33,Yes,No,Fiber optic,No,No internet service,No,Yes,No,Yes,Month-to-month,Yes,Bank transfer (automatic),110.38,3593.06,Yes
Female,0,Yes,No,13,Yes,No,Fiber optic,No,Yes,Yes,No internet service,No,No,Two year,No,Bank transfer (automatic),34.8,484.37,No
Female,0,Yes,No,67,Yes,No,Fiber optic,Yes,No internet service,Yes,No,No internet service,No,One year,No,Bank transfer (automatic),36.71,2451.2,Yes
Male,0,No,No,28,Yes,Yes,Fiber optic,Yes,No internet service,Yes,No,Yes,No,Two year,No,Mailed check,43.03,1187.3,No
Female,0,Yes,Yes,16,Yes,Yes,No,No,No,No internet service,No,No,No,One year,No,Credit card (automatic),18.0,298.81,No
Male,0,No,Yes,8,Yes,No phone service,DSL,No,No internet service,Yes,No,No,No,Month-to-month,Yes,Bank transfer (automatic),79.82,639.96,Yes
Male,0,No,Yes,26,Yes,Yes,DSL,Yes,Yes,No,No,No,No,Two year,No,Electronic check,39.5,1025.42,No
Female,1,No,No,48,Yes,No phone service,Fiber optic,No internet service,No,No,Yes,Yes,Yes,Month-to-month,Yes,Bank transfer (automatic),66.71,3279.97,Yes
Male,0,No,No,36,Yes,No phone service,Fiber optic,No,No,No,No internet service,No,No internet service,Month-to-month,Yes,Mailed check,52.33,1836.88,Yes
Female,0,Yes,No,27,Yes,No,Fiber optic,No,No internet service,No internet service,Yes,Yes,No,Month-to-month,Yes,Credit card (automatic),97.1,2584.93,No
Male,0,Yes,Yes,49,Yes,No phone service,Fiber optic,No,No,Yes,No,No,Yes,Month-to-month,No,Bank transfer (automatic),89.19,4396.85,No
Male,0,No,No,54,Yes,Yes,Fiber optic,No internet service,No,No,Yes,No,No internet service,Month-to-month,Yes,Bank transfer (automatic),66.75,3584.99,No
Male,0,No,No,3,Yes,No phone service,DSL,Yes,Yes,Yes,No internet service,No internet service,No internet service,Month-to-month,Yes,Bank transfer (automatic),46.29,87.1,No
Female,0,No,No,18,Yes,Yes,No,Yes,No internet service,Yes,Yes,Yes,No,Month-to-month,No,Electronic check,36.34,544.33,Yes
Female,0,Yes,No,36,Yes,No,DSL,No,No internet service,Yes,No,No,Yes,Month-to-month,Yes,Mailed check,27.4,958.18,No
Male,0,Yes,No,3,Yes,No,Fiber optic,No,No,No,No,No,Yes,One year,Yes,Electronic check,49.96,157.33,No
Male,0,No,No,36,Yes,No,DSL,No,No internet service,Yes,No,Yes,No,Month-to-month,Yes,Electronic check,18.0,630.38,Yes
Female,0,Yes,Yes,50,Yes,Yes,DSL,No,Yes,Yes,No internet service,No internet service,Yes,Month-to-month,Yes,Mailed check,52.9,2644.08,No
Female,1,Yes,Yes,31,Yes,No,DSL,Yes,Yes,No,No,No internet service,No internet service,One year,No,Mailed check,83.07,2528.44,No
Male,0,Yes,Yes,44,Yes,No,Fiber optic,No,No internet service,Yes,No,No internet service,No,Month-to-month,No,Bank transfer (automatic),50.92,2272.51,No
Male,0,No,No,11,Yes,No phone service,Fiber optic,No internet service,No internet service,Yes,Yes,No,Yes,Month-to-month,Yes,Mailed check,18.0,169.28,Yes
Female,0,Yes,No,40,Yes,No,No,No,No,Yes,Yes,No,No,Two year,Yes,Bank transfer (automatic),55.88,2284.11,No
Female,0,No,Yes,55,Yes,No,Fiber optic,Yes,No,No internet service,Yes,Yes,No,Month-to-month,No,Electronic check,80.43,4436.36,Yes
Female,0,Yes,No,13,Yes,No phone service,DSL,No,No,No internet service,No,Yes,Yes,Month-to-month,No,Bank transfer (automatic),84.8,1123.95,Yes
Female,0,No,No,53,Yes,No phone service,Fiber optic,No internet service,No,No,No,No internet service,Yes,One year,Yes,Mailed check,19.43,1045.19,No
Female,0,No,No,62,Yes,No,DSL,No,Yes,No internet service,Yes,Yes,No internet service,One year,No,Bank transfer (automatic),88.52,5476.63,No
Male,0,Yes,No,64,Yes,No,DSL,No internet service,Yes,No internet service,No,No internet service,No,Two year,Yes,Electronic check,84.89,5435.52,No
Female,0,No,No,57,Yes,No,No,No internet service,Yes,No,Yes,Yes,Yes,Month-to-month,Yes,Mailed check,51.29,2913.35,No
Male,0,Yes,No,20,Yes,Yes,Fiber optic,No,No,No,Yes,No,Yes,One year,Yes,Mailed check,83.04,1711.43,No
Female,0,Yes,No,3,Yes,No,Fiber optic,No internet service,Yes,No internet service,Yes,No,Yes,One year,No,Credit card (automatic),24.94,12.43,No
Male,0,No,No,72,Yes,No,No,No,No internet service,No,No,Yes,No,Month-to-month,No,Bank transfer (automatic),18.0,1367.59,Yes
Female,0,Yes,No,45,Yes,Yes,DSL,No,No internet service,No,No,Yes,No internet service,Month-to-month,Yes,Bank transfer (automatic),40.75,1795.08,Yes
Female,0,Yes,Yes,11,Yes,Yes,No,No internet service,No,Yes,No,Yes,Yes,One year,No,Bank transfer (automatic),60.46,671.97,No
Male,0,Yes,No,29,Yes,No,No,No,Yes,No,No,No internet service,No,Month-to-month,Yes,Electronic check,65.43,1885.7,No
Male,0,Yes,No,59,Yes,No,No,No,No,No internet service,Yes,No internet service,Yes,Month-to-month,Yes,Electronic check,18.0,1073.91,Yes
Female,0,No,No,70,Yes,Yes,DSL,No internet service,No,No,No internet service,Yes,Yes,Month-to-month,Yes,Mailed check,60.91,4279.07,No
Female,0,Yes,No,64,No,No,No,Yes,Yes,No,Yes,Yes,No,Month-to-month,No,Mailed check,50.39,3256.32,Yes
Female,0,No,No,13,Yes,Yes,DSL,No,No,Yes,No,No,Yes,Month-to-month,Yes,Electronic check,110.37,1410.65,Yes
Female,0,No,No,43,Yes,Yes,Fiber optic,No,Yes,No internet service,No,Yes,No,Month-to-month,Yes,Bank transfer (automatic),71.79,3141.44,No
Female,1,Yes,Yes,25,Yes,Yes,DSL,No,No internet service,No,No,Yes,No,Month-to-month,Yes,Bank transfer (automatic),73.89,1889.14,Yes
Male,0,Yes,No,15,Yes,No phone service,No,No,No,No,Yes,No internet service,Yes,Two year,No,Electronic check,78.46,1160.52,No
Male,0,No,Yes,6,Yes,Yes,Fiber optic,Yes,No,No,No internet service,Yes,No internet service,Month-to-month,Yes,Bank transfer (automatic),115.57,774.42,Yes
Female,0,Yes,Yes,31,Yes,Yes,Fiber optic,No,No internet service,No,No,No internet service,No,Month-to-month,Yes,Electronic check,78.25,2392.49,Yes
Male,0,Yes,No,15,Yes,Yes,No,No,No,No,No,No,No,Two year,Yes,Bank transfer (automatic),103.74,1584.53,No
Male,0,Yes,Yes,61,No,Yes,DSL,Yes,No internet service,No,No,No internet service,Yes,Two year,Yes,Bank transfer (automatic),18.0,1097.94,No
Male,0,No,No,29,Yes,Yes,Fiber optic,Yes,Yes,No,No,No,No,Month-to-month,No,Credit card (automatic),117.14,3359.87,Yes
Female,1,No,No,70,Yes,Yes,DSL,No,No,No internet service,No,No,No,Month-to-month,No,Mailed check,45.36,3278.93,No
Male,1,Yes,No,11,Yes,No,DSL,No internet service,Yes,Yes,No,No,No,One year,Yes,Bank transfer (automatic),41.87,469.04,No
Female,0,Yes,Yes,66,Yes,No,Fiber optic,Yes,No,Yes,Yes,Yes,Yes,Two year,No,Bank transfer (automatic),73.3,4817.1,No
Male,0,No,No,45,Yes,Yes,Fiber optic,No,No internet service,Yes,No,No,Yes,Month-to-month,Yes,Electronic check,57.32,2583.58,Yes
Female,1,No,No,42,No,No,DSL,Yes,No internet service,No,Yes,Yes,Yes,Month-to-month,Yes,Credit card (automatic),56.61,2410.56,No
Male,0,No,No,54,Yes,Yes,Fiber optic,No,No internet service,No,Yes,Yes,Yes,Two year,Yes,Credit card (automatic),81.12,4335.41,No
Female,0,No,No,44,Yes,No phone service,Fiber optic,No,No,No,No,Yes,No,Month-to-month,No,Electronic check,42.88,1880.77,Yes
Female,0,Yes,Yes,59,Yes,Yes,No,No,Yes,No,No,Yes,Yes,One year,No,Electronic check,75.36,4467.88,No
Male,0,No,No,70,Yes,No,No,Yes,Yes,Yes,No,No,No,One year,No,Electronic check,18.0,1279.92,No
Female,0,Yes,No,31,Yes,Yes,Fiber optic,No,Yes,Yes,No,No internet service,No,Month-to-month,Yes,Bank transfer (automatic),80.37,2493.99,No
Female,0,Yes,Yes,7,Yes,No,No,No internet service,No,Yes,No internet service,Yes,Yes,Month-to-month,No,Electronic check,75.03,431.23,Yes
Female,0,No,No,61,Yes,Yes,No,No,No,No internet service,Yes,No,No,One year,No,Mailed check,49.16,2972.16,Yes
Female,0,Yes,No,19,Yes,Yes,Fiber optic,No,No,No internet service,No,Yes,Yes,One year,Yes,Electronic check,30.96,621.85,Yes
Female,0,No,Yes,17,Yes,No,No,Yes,No internet service,No internet service,No internet service,No,Yes,Two year,No,Bank transfer (automatic),38.61,704.1,No
Female,0,Yes,No,5,Yes,No,No,No,No,Yes,No internet service,Yes,No,One year,Yes,Mailed check,43.76,218.15,No
Female,0,No,Yes,28,Yes,No,DSL,No,Yes,Yes,Yes,No,No,Month-to-month,No,Bank transfer (automatic),40.21,1104.87,No
Female,0,No,No,3,Yes,No,Fiber optic,Yes,Yes,Yes,Yes,No,Yes,One year,Yes,Mailed check,63.25,194.18,No
Male,0,Yes,No,70,Yes,Yes,DSL,No,No internet service,No internet service,No,No internet service,No,Month-to-month,No,Mailed check,71.92,5074.23,No
Male,1,No,No,42,Yes,No phone service,Fiber optic,No,No internet service,No internet service,No,Yes,Yes,One year,No,Mailed check,74.22,3104.27,No
Female,1,Yes,No,33,Yes,No,Fiber optic,No,Yes,No,No,No internet service,Yes,Month-to-month,Yes,Bank transfer (automatic),39.31,1418.09,No
Female,0,No,Yes,70,Yes,Yes,No,Yes,No internet service,No,Yes,No,No,One year,No,Mailed check,75.48,5200.46,No
Male,0,Yes,Yes,32,Yes,No phone service,Fiber optic,No,No,No,Yes,No internet service,Yes,One year,Yes,Credit card (automatic),18.0,611.0,No
Male,0,No,Yes,14,Yes,No phone service,Fiber optic,No,No internet service,No,No internet service,No internet service,Yes,One year,Yes,Credit card (automatic),18.0,228.84,No
Male,0,Yes,No,39,Yes,Yes,DSL,No,No,No,Yes,No,No,Two year,No,Bank transfer (automatic),87.63,3353.84,No
Female,1,Yes,No,4,Yes,Yes,DSL,No,No internet service,No internet service,No internet service,No internet service,Yes,Month-to-month,Yes,Credit card (automatic),18.0,83.79,Yes
Male,1,Yes,No,49,Yes,Yes,Fiber optic,No internet service,No,No,No,Yes,No internet service,Month-to-month,Yes,Mailed check,18.0,874.31,Yes
Female,0,Yes,Yes,65,Yes,No,No,No,Yes,Yes,Yes,Yes,No,Month-to-month,No,Electronic check,18.0,1148.2,Yes
Female,0,No,No,53,Yes,No,Fiber optic,Yes,Yes,No,No,Yes,No,Two year,No,Electronic check,73.22,3851.19,No
Male,0,No,No,45,No,No,No,No,No,Yes,Yes,No internet service,No internet service,Month-to-month,No,Mailed check,69.39,3112.31,No
Female,0,No,No,10,Yes,No,No,No,Yes,No,No,Yes,No,Month-to-month,No,Credit card (automatic),75.32,760.65,No
Female,0,Yes,No,48,Yes,Yes,DSL,Yes,Yes,Yes,Yes,No internet service,No,Two year,No,Mailed check,71.56,3452.69,No
Female,0,No,Yes,22,Yes,Yes,DSL,No,Yes,Yes,No internet service,Yes,No internet service,Two year,No,Electronic check,43.97,1034.87,Yes
Female,0,Yes,Yes,54,Yes,No phone service,Fiber optic,Yes,No,Yes,No internet service,No internet service,Yes,Two year,Yes,Electronic check,45.81,2527.65,No
Male,0,No,No,4,Yes,No phone service,DSL,No,No,No internet service,No,No internet service,No internet service,Month-to-month,Yes,Bank transfer (automatic),18.0,66.26,Yes
Male,0,No,No,63,Yes,Yes,DSL,No,No internet service,No,No internet service,No,No internet service,Two year,No,Electronic check,85.19,5290.56,No
Female,0,Yes,Yes,34,Yes,Yes,DSL,No,No internet service,No,Yes,No internet service,Yes,Month-to-month,Yes,Bank transfer (automatic),71.52,2397.51,No
Female,0,Yes,Yes,68,Yes,Yes,DSL,No,No internet service,Yes,Yes,No,No,One year,Yes,Credit card (automatic),33.35,2379.44,No
Male,0,Yes,No,53,No,Yes,Fiber optic,Yes,No,Yes,No,Yes,Yes,Month-to-month,No,Mailed check,110.6,5944.94,Yes
Female,0,No,No,2,Yes,Yes,Fiber optic,No,No internet service,No internet service,No internet service,No internet service,No internet service,One year,No,Bank transfer (automatic),18.0,50.24,No
Male,0,No,Yes,5,Yes,Yes,DSL,Yes,No internet service,No,No internet service,No,Yes,Month-to-month,Yes,Mailed check,72.57,344.03,No
Female,1,No,No,55,Yes,Yes,DSL,No internet service,No internet service,Yes,No,No,Yes,Month-to-month,Yes,Bank transfer (automatic),18.0,943.86,Yes
Female,0,Yes,No,1,Yes,No,Fiber optic,Yes,Yes,No internet service,No,No,No internet service,One year,Yes,Credit card (automatic),28.22,12.7,No
Male,0,No,No,37,Yes,No phone service,Fiber optic,Yes,No internet service,No internet service,No,No,No,Month-to-month,Yes,Credit card (automatic),18.0,673.34,Yes
Male,0,No,No,55,Yes,No phone service,No,No,Yes,No,No internet service,No,No internet service,Month-to-month,Yes,Bank transfer (automatic),87.59,4772.36,No
Male,0,Yes,Yes,4,Yes,No,DSL,No,No,No,No,No internet service,No,Month-to-month,No,Bank transfer (automatic),120.0,405.87,Yes
Male,1,No,No,45,No,No,DSL,No,No,Yes,Yes,Yes,No internet service,One year,Yes,Credit card (automatic),30.08,1302.38,No
Female,0,Yes,No,10,Yes,No,Fiber optic,No internet service,No,No,Yes,No internet service,No internet service,Month-to-month,Yes,Mailed check,39.36,465.55,Yes
Male,1,Yes,No,64,Yes,Yes,DSL,Yes,No,Yes,Yes,Yes,Yes,One year,No,Credit card (automatic),120.0,7670.14,No
Female,0,No,No,9,Yes,No,Fiber optic,No,No,No internet service,No,No,No,One year,No,Mailed check,40.59,376.8,No
Male,1,Yes,No,40,Yes,Yes,No,Yes,No,No,Yes,Yes,No internet service,One year,Yes,Bank transfer (automatic),109.66,4400.08,No
Male,0,No,No,43,Yes,Yes,DSL,No internet service,No,Yes,Yes,No,No internet service,Month-to-month,Yes,Mailed check,86.89,3746.86,Yes
Female,1,No,No,32,Yes,No,DSL,No internet service,Yes,Yes,Yes,No,Yes,One year,Yes,Bank transfer (automatic),85.2,2665.57,Yes
Male,0,Yes,Yes,55,No,Yes,DSL,No,No,No,Yes,No,No internet service,Month-to-month,No,Mailed check,120.0,6675.75,No
Male,0,No,Yes,11,Yes,No,DSL,Yes,No,Yes,No internet service,Yes,Yes,Month-to-month,Yes,Bank transfer (automatic),84.19,938.17,Yes
Male,0,No,No,1,No,No phone service,DSL,No internet service,No,No internet service,No internet service,No,No internet service,One year,No,Electronic check,18.0,0.0,Yes
Male,1,Yes,No,0,Yes,Yes,DSL,No internet service,Yes,Yes,No internet service,No,Yes,Two year,No,Electronic check,36.26,0.0,No
Female,0,Yes,No,64,Yes,Yes,Fiber optic,Yes,No,No,Yes,No internet service,No internet service,Month-to-month,Yes,Credit card (automatic),33.2,2097.59,No
Female,0,Yes,No,32,No,Yes,DSL,No,No internet service,No,No,No,Yes,Month-to-month,Yes,Credit card (automatic),38.87,1214.27,No
Male,1,Yes,No,35,Yes,No phone service,DSL,No internet service,Yes,No,Yes,No,Yes,Two year,No,Bank transfer (automatic),97.03,3412.39,No
Male,0,Yes,No,20,No,Yes,Fiber optic,No,No,No,No internet service,No internet service,No,Two year,Yes,Mailed check,37.09,579.62,No
Male,0,Yes,No,35,Yes,No,Fiber optic,No internet service,Yes,Yes,No internet service,No internet service,Yes,Month-to-month,Yes,Bank transfer (automatic),74.1,2561.73,Yes
Female,0,Yes,No,25,Yes,Yes,Fiber optic,Yes,No,No,No internet service,Yes,Yes,Month-to-month,Yes,Electronic check,47.45,1134.57,No
Female,0,No,No,46,Yes,Yes,Fiber optic,Yes,No,Yes,Yes,Yes,Yes,Month-to-month,No,Electronic check,78.55,3619.76,Yes
Female,1,Yes,No,0,Yes,No,Fiber optic,No,No internet service,Yes,Yes,No internet service,No,One year,Yes,Bank transfer (automatic),28.14,0.0,No
Female,0,No,No,37,No,Yes,Fiber optic,No,Yes,No,No,No,No,Month-to-month,No,Electronic check,111.89,4060.3,Yes
Male,0,No,No,13,Yes,No,Fiber optic,No internet service,No internet service,No,Yes,No,Yes,One year,Yes,Credit card (automatic),113.63,1447.22,Yes
Male,1,No,No,45,Yes,No,DSL,No,No,Yes,No internet service,Yes,Yes,Two year,No,Bank transfer (automatic),38.79,1770.11,No
Male,0,Yes,Yes,41,Yes,No,No,Yes,No,Yes,No,No,No,Two year,Yes,Credit card (automatic),50.36,2148.36,No
Female,0,No,Yes,6,Yes,No,DSL,No internet service,No internet service,Yes,Yes,No,Yes,Two year,Yes,Credit card (automatic),44.16,304.78,No
Male,0,No,No,54,Yes,No,No,No internet service,Yes,Yes,No internet service,No,No,Month-to-month,Yes,Credit card (automatic),86.43,4673.15,Yes
Female,0,No,No,55,Yes,No,Fiber optic,No,Yes,No internet service,No,No,Yes,Month-to-month,No,Electronic check,74.28,4145.91,No
Female,0,Yes,No,62,Yes,No,Fiber optic,Yes,No internet service,No internet service,No,No,No,One year,Yes,Mailed check,45.53,2833.55,No
Male,1,Yes,Yes,23,Yes,No,Fiber optic,Yes,No internet service,Yes,Yes,No,No internet service,Month-to-month,No,Mailed check,39.89,987.45,No
Male,0,No,No,72,Yes,Yes,Fiber optic,No,No internet service,No,No,No,No internet service,Month-to-month,Yes,Mailed check,100.48,7234.88,Yes
Male,0,Yes,No,3,Yes,No phone service,Fiber optic,No,Yes,No internet service,No,Yes,Yes,Month-to-month,No,Credit card (automatic),82.39,352.68,Yes
Female,0,Yes,No,41,Yes,Yes,Fiber optic,Yes,No,No,No,Yes,Yes,Two year,Yes,Bank transfer (automatic),78.39,3135.77,No
Female,0,Yes,Yes,69,No,Yes,DSL,Yes,No,No,Yes,Yes,Yes,Two year,Yes,Credit card (automatic),102.9,7123.78,No
Male,1,No,No,27,Yes,No,DSL,No,No internet service,No internet service,No,No internet service,No internet service,Month-to-month,No,Credit card (automatic),61.28,1593.67,Yes
Male,1,No,No,39,Yes,Yes,DSL,No,Yes,No,No,No,No internet service,Month-to-month,Yes,Bank transfer (automatic),105.58,4141.88,Yes
Female,0,Yes,Yes,50,Yes,No,DSL,Yes,No internet service,No internet service,Yes,Yes,Yes,One year,Yes,Mailed check,64.53,3247.91,No
Male,0,No,No,28,Yes,Yes,DSL,No,Yes,Yes,Yes,Yes,Yes,Two year,Yes,Mailed check,43.69,1266.38,No
Female,0,No,No,41,Yes,No phone service,No,Yes,Yes,No internet service,Yes,Yes,No,Month-to-month,No,Mailed check,61.29,2540.87,No
Female,0,No,No,68,Yes,No,Fiber optic,Yes,Yes,No internet service,Yes,No,Yes,Two year,Yes,Credit card (automatic),42.73,2942.81,No
Male,0,No,No,4,Yes,No,Fiber optic,Yes,Yes,No internet service,Yes,No,No internet service,Two year,Yes,Credit card (automatic),33.71,171.35,Yes
Male,0,No,No,40,Yes,No,Fiber optic,No,Yes,Yes,No internet service,No,No internet service,Two year,No,Electronic check,30.2,1201.61,Yes
Male,0,No,No,60,Yes,Yes,No,No,Yes,No,Yes,No,Yes,One year,Yes,Mailed check,18.0,1075.73,No
Male,0,Yes,No,54,Yes,No,Fiber optic,No internet service,No,No,No,No,No internet service,Two year,Yes,Credit card (automatic),63.31,3531.11,No
Female,0,No,Yes,27,Yes,Yes,Fiber optic,Yes,No,No,No,No,No,Two year,No,Electronic check,77.22,2062.26,Yes
Female,0,Yes,Yes,40,Yes,Yes,DSL,Yes,No internet service,Yes,No,Yes,No,Month-to-month,No,Credit card (automatic),20.55,797.91,No
Female,0,Yes,No,8,Yes,No phone service,Fiber optic,No internet service,Yes,Yes,No,No internet service,No internet service,Month-to-month,Yes,Credit card (automatic),23.93,244.42,Yes
Male,0,No,Yes,28,Yes,No,Fiber optic,No,No,No,No,Yes,No,Two year,No,Mailed check,56.02,1568.88,Yes
Female,0,No,No,37,Yes,Yes,DSL,Yes,Yes,No,No internet service,No,Yes,Month-to-month,Yes,Bank transfer (automatic),90.75,3423.63,No
Male,1,No,No,61,Yes,No,Fiber optic,No,No,No,Yes,Yes,No internet service,Month-to-month,Yes,Credit card (automatic),43.22,2603.0,Yes
Male,0,Yes,No,53,Yes,No,Fiber optic,No,No internet service,Yes,No,No internet service,No internet service,Two year,Yes,Credit card (automatic),87.63,4679.41,No
Male,0,Yes,No,51,Yes,Yes,DSL,No,No,Yes,No,No,No internet service,Two year,Yes,Credit card (automatic),118.43,6003.45,No
Male,0,No,No,33,Yes,Yes,Fiber optic,Yes,No internet service,No internet service,No,Yes,No,Month-to-month,Yes,Mailed check,18.0,627.65,Yes
Male,1,Yes,No,36,Yes,No,Fiber optic,Yes,No internet service,Yes,Yes,No,Yes,Month-to-month,No,Credit card (automatic),120.0,4303.9,No
Male,1,No,Yes,48,Yes,No,Fiber optic,No,Yes,Yes,No,No,Yes,Month-to-month,Yes,Electronic check,111.56,5366.49,Yes
Female,0,Yes,Yes,41,Yes,Yes,DSL,No,Yes,Yes,Yes,Yes,No,Month-to-month,Yes,Mailed check,66.14,2689.29,Yes
Male,0,Yes,No,13,Yes,Yes,Fiber optic,Yes,No,Yes,Yes,Yes,No,Two year,Yes,Electronic check,115.14,1493.26,No
Female,1,No,Yes,32,Yes,No,Fiber optic,Yes,No,Yes,No,Yes,No,One year,Yes,Mailed check,73.7,2403.91,No
Female,0,Yes,No,16,Yes,No,Fiber optic,No,No,Yes,No,No internet service,No,Two year,Yes,Credit card (automatic),26.11,453.98,No
Male,0,Yes,No,31,Yes,No phone service,No,No internet service,No,No,Yes,Yes,No internet service,Month-to-month,Yes,Credit card (automatic),32.28,1016.57,No
Male,0,Yes,No,67,Yes,No,DSL,Yes,Yes,No,No,Yes,No,Month-to-month,Yes,Electronic check,31.88,2237.68,No
Male,0,No,Yes,38,Yes,No phone service,DSL,No internet service,No internet service,No,No,No internet service,No,Two year,No,Electronic check,92.48,3548.75,No
Female,0,No,No,9,Yes,No,DSL,No,Yes,Yes,Yes,Yes,No,Month-to-month,Yes,Mailed check,95.27,832.57,Yes
Male,0,Yes,Yes,23,Yes,No,Fiber optic,No,Yes,No,No internet service,Yes,No internet service,Month-to-month,No,Mailed check,102.42,2346.26,No
Female,0,Yes,No,57,Yes,Yes,DSL,No,No,No,Yes,No,Yes,Two year,No,Bank transfer (automatic),40.13,2291.26,No
Male,1,No,Yes,68,Yes,Yes,Fiber optic,No,No,No internet service,No,No internet service,No,Two year,Yes,Bank transfer (automatic),117.01,8016.67,No
Male,0,Yes,No,63,Yes,No,No,No,No,No,No,No,No,Month-to-month,Yes,Bank transfer (automatic),61.15,3902.33,Yes
Female,0,No,Yes,18,Yes,No,DSL,No,No internet service,No internet service,No,No internet service,No,One year,Yes,Credit card (automatic),114.88,2047.51,No
Female,0,Yes,Yes,7,Yes,No,No,No,No,No,No,Yes,Yes,Month-to-month,Yes,Electronic check,74.02,558.58,No
Male,0,Yes,No,70,Yes,No,Fiber optic,No,Yes,No,No,No,No,Two year,No,Electronic check,41.56,2899.57,No
Female,0,No,Yes,39,Yes,Yes,DSL,No,Yes,No,No internet service,Yes,Yes,Two year,Yes,Bank transfer (automatic),92.28,3560.0,No
Female,1,Yes,No,12,Yes,Yes,Fiber optic,Yes,Yes,Yes,Yes,No,No internet service,Month-to-month,Yes,Bank transfer (automatic),66.82,833.71,No
Female,0,No,Yes,26,Yes,No,DSL,Yes,Yes,No,Yes,No,No,Month-to-month,Yes,Mailed check,18.0,420.31,No
Female,0,Yes,No,1,Yes,Yes,Fiber optic,No,No internet service,No internet service,No,Yes,No,Two year,Yes,Bank transfer (automatic),57.53,68.96,No
Female,0,Yes,No,15,No,No,No,No,No internet service,No,No,No,Yes,Month-to-month,Yes,Electronic check,22.36,363.88,No
Male,0,No,Yes,13,Yes,No,No,No internet service,No,No internet service,No internet service,No,Yes,Two year,Yes,Mailed check,69.36,883.58,No
Male,1,Yes,No,16,Yes,Yes,DSL,Yes,No,Yes,No internet service,No internet service,Yes,Two year,Yes,Bank transfer (automatic),84.42,1329.5,No
Female,0,No,No,59,Yes,Yes,DSL,Yes,No,No,No,No internet service,No,Two year,No,Credit card (automatic),40.57,2390.8,No
Male,1,Yes,Yes,69,Yes,No,No,Yes,Yes,No,No,No internet service,No internet service,One year,Yes,Bank transfer (automatic),57.43,4051.01,No
Male,0,No,Yes,16,Yes,Yes,No,No,Yes,Yes,No internet service,No internet service,No internet service,Month-to-month,No,Credit card (automatic),72.91,1138.01,No
Female,0,No,No,44,Yes,No,Fiber optic,Yes,No,No,No internet service,No,No internet service,Month-to-month,Yes,Bank transfer (automatic),44.03,1960.98,Yes
Male,0,Yes,No,37,Yes,No,Fiber optic,No,Yes,No internet service,No,No internet service,Yes,One year,Yes,Mailed check,62.97,2308.04,No
Female,0,No,No,63,Yes,Yes,Fiber optic,No,No internet service,No,Yes,No,Yes,Month-to-month,Yes,Credit card (automatic),18.0,1173.79,No
Female,0,No,No,5,Yes,No,Fiber optic,No internet service,No,No internet service,No,No,No,One year,No,Credit card (automatic),42.4,161.47,No
Male,0,Yes,No,59,Yes,No phone service,No,No internet service,Yes,No,Yes,Yes,Yes,Month-to-month,Yes,Mailed check,81.13,4789.46,No
Female,0,No,Yes,48,Yes,No phone service,DSL,No,No,No,No internet service,Yes,Yes,Month-to-month,Yes,Credit card (automatic),57.99,2718.79,No
Female,0,No,No,20,Yes,No,Fiber optic,No internet service,No,Yes,No internet service,Yes,No internet service,Month-to-month,Yes,Mailed check,43.41,799.13,Yes
Female,0,Yes,No,22,Yes,Yes,Fiber optic,Yes,No,No,No internet service,Yes,Yes,Two year,No,Bank transfer (automatic),65.15,1427.56,Yes
Female,0,Yes,No,56,Yes,No,No,Yes,No internet service,No,Yes,No,No,Month-to-month,No,Mailed check,26.43,1468.24,Yes
Female,1,Yes,No,63,Yes,Yes,No,Yes,Yes,No,No internet service,Yes,Yes,Month-to-month,Yes,Mailed check,34.82,2161.62,No
Male,0,Yes,No,28,Yes,No,DSL,Yes,No,No internet service,No,Yes,Yes,Month-to-month,Yes,Mailed check,67.95,1850.71,No
Male,0,No,No,26,Yes,Yes,No,No,No,No internet service,Yes,No,No internet service,Month-to-month,Yes,Mailed check,52.32,1344.02,No
Female,0,No,No,5,Yes,Yes,No,No,No,No,No,No,Yes,Two year,Yes,Electronic check,59.98,280.07,No
Female,0,No,Yes,20,Yes,No,DSL,No internet service,Yes,Yes,No,Yes,No,One year,No,Credit card (automatic),84.21,1745.01,No
Male,0,Yes,Yes,70,Yes,Yes,No,No internet service,Yes,Yes,No,No internet service,No,Month-to-month,No,Bank transfer (automatic),75.06,5326.97,Yes
Female,0,Yes,No,40,Yes,No,Fiber optic,No,Yes,Yes,Yes,Yes,Yes,Month-to-month,Yes,Mailed check,24.3,960.37,Yes
Male,0,No,No,4,Yes,No,Fiber optic,Yes,Yes,No,Yes,No,No,Two year,No,Electronic check,28.91,126.09,No
Female,1,No,Yes,14,Yes,No,No,No,No internet service,No internet service,No internet service,No,No,One year,Yes,Electronic check,86.31,1228.66,No
Female,0,No,No,20,Yes,No,No,No,No internet service,No internet service,No internet service,Yes,No internet service,Month-to-month,Yes,Bank transfer (automatic),75.67,1498.28,No
Female,0,Yes,No,57,Yes,Yes,DSL,Yes,No,No,No,No,No,Month-to-month,Yes,Credit card (automatic),70.16,3969.78,No
Female,0,Yes,Yes,3,Yes,No,No,Yes,No,No internet service,No,Yes,Yes,Month-to-month,Yes,Bank transfer (automatic),92.28,288.42,Yes
Female,0,Yes,Yes,68,Yes,No,DSL,No,No,No internet service,No,Yes,Yes,Month-to-month,Yes,Mailed check,115.44,7853.63,Yes
Female,0,No,No,6,Yes,Yes,Fiber optic,No internet service,No,No,No internet service,No,Yes,Two year,Yes,Credit card (automatic),104.52,582.01,No
Female,0,Yes,No,34,Yes,Yes,DSL,Yes,No,No,No internet service,No internet service,Yes,Month-to-month,Yes,Credit card (automatic),120.0,4116.79,No
Male,0,No,No,35,Yes,No,DSL,No,No,Yes,No,Yes,Yes,Two year,Yes,Bank transfer (automatic),89.25,3188.07,No
Male,0,No,No,14,Yes,Yes,No,Yes,No,Yes,No,No internet service,Yes,Month-to-month,No,Bank transfer (automatic),63.03,919.11,Yes
Male,0,Yes,No,1,Yes,No,Fiber optic,No,No,No,No,No,No internet service,Month-to-month,No,Credit card (automatic),42.3,133.0,Yes
Female,0,No,Yes,56,Yes,Yes,Fiber optic,No,No,No,No,No internet service,Yes,Two year,Yes,Bank transfer (automatic),76.09,4335.85,No
Female,0,No,No,4,Yes,No phone service,DSL,No internet service,No internet service,No,No,No,Yes,Month-to-month,No,Credit card (automatic),105.54,456.31,No
Female,0,No,No,70,No,Yes,Fiber optic,No internet service,No,No internet service,No internet service,No,Yes,One year,No,Bank transfer (automatic),67.69,4652.22,No
Female,1,Yes,No,31,Yes,No phone service,Fiber optic,No,Yes,No,No internet service,Yes,No,Two year,No,Credit card (automatic),37.14,1137.33,No
Female,1,Yes,Yes,71,Yes,Yes,Fiber optic,No internet service,No,Yes,No,No internet service,Yes,Two year,Yes,Mailed check,71.06,5101.54,No
Female,0,Yes,Yes,40,Yes,No,DSL,Yes,No,Yes,Yes,Yes,Yes,Month-to-month,Yes,Electronic check,87.45,3522.33,No
Female,0,Yes,No,41,Yes,Yes,DSL,No,Yes,Yes,Yes,No internet service,No internet service,Month-to-month,Yes,Bank transfer (automatic),57.95,2412.87,No
Male,0,No,No,64,No,No,No,No,Yes,No internet service,Yes,No,No,Month-to-month,Yes,Credit card (automatic),109.03,6908.31,Yes
Female,1,No,No,39,Yes,Yes,DSL,No,No,No internet service,Yes,Yes,Yes,Month-to-month,Yes,Electronic check,34.11,1365.7,No
Male,0,Yes,No,37,Yes,No,Fiber optic,No,No,Yes,No,No,No,Month-to-month,No,Electronic check,45.27,1685.35,Yes
Male,0,No,No,41,Yes,No,DSL,No,No internet service,No,Yes,No internet service,Yes,Month-to-month,Yes,Electronic check,77.96,3231.6,No
Female,0,No,No,36,No,Yes,DSL,No,No,No,No,No,No internet service,Month-to-month,Yes,Bank transfer (automatic),87.61,3183.31,Yes
Female,1,Yes,No,55,Yes,Yes,DSL,Yes,Yes,No,No,Yes,No,Month-to-month,Yes,Bank transfer (automatic),70.22,3944.25,No
Male,0,Yes,No,70,Yes,No,No,No internet service,No,No internet service,No internet service,No internet service,Yes,Two year,Yes,Mailed check,25.29,1795.89,No
Male,1,No,No,54,No,Yes,No,No internet service,Yes,No,No,No,Yes,One year,No,Bank transfer (automatic),80.76,4384.62,Yes
Female,0,No,Yes,53,Yes,No,Fiber optic,No,No,No,No,Yes,Yes,Month-to-month,No,Bank transfer (automatic),115.65,6053.92,Yes
Female,0,No,Yes,21,Yes,No,Fiber optic,Yes,Yes,No,No,No internet service,Yes,Two year,No,Bank transfer (automatic),88.27,1902.76,No
Male,0,Yes,No,26,Yes,Yes,Fiber optic,No,Yes,No,No internet service,No,Yes,Month-to-month,Yes,Electronic check,108.65,2848.77,No
Female,0,Yes,No,46,Yes,No,DSL,Yes,Yes,No internet service,No,No,No,Month-to-month,Yes,Mailed check,38.75,1758.0,No
Female,0,Yes,No,37,Yes,Yes,Fiber optic,No,Yes,No,No,No,No internet service,Month-to-month,No,Electronic check,120.0,4392.72,No
Female,0,No,No,38,Yes,No,Fiber optic,No,Yes,No,No,No,Yes,Two year,Yes,Mailed check,76.72,2899.56,Yes
Male,1,No,No,14,Yes,No,Fiber optic,No,No internet service,No,No internet service,Yes,Yes,Month-to-month,Yes,Bank transfer (automatic),49.89,768.46,Yes
Male,0,Yes,No,65,Yes,Yes,Fiber optic,No internet service,Yes,Yes,No,No,Yes,Month-to-month,Yes,Credit card (automatic),50.13,3376.81,Yes
Male,0,No,No,60,Yes,Yes,Fiber optic,No,Yes,Yes,No,Yes,Yes,Two year,No,Bank transfer (automatic),96.64,5782.96,No
Female,0,No,Yes,59,Yes,Yes,No,No internet service,No internet service,No,Yes,Yes,No internet service,Month-to-month,No,Electronic check,115.22,6750.93,Yes
Female,1,No,No,7,Yes,No,DSL,No internet service,No,Yes,No internet service,Yes,No,Two year,Yes,Electronic check,57.26,451.31,No
Male,0,No,No,43,Yes,Yes,DSL,Yes,No,No,No,No internet service,No,Month-to-month,Yes,Electronic check,108.67,4655.24,Yes
Male,1,Yes,No,42,Yes,Yes,No,No,Yes,Yes,No,No internet service,No internet service,Two year,No,Mailed check,91.23,3878.73,No
Male,1,No,No,5,Yes,Yes,DSL,No,Yes,Yes,No,No,Yes,One year,Yes,Electronic check,65.03,369.23,No
Female,0,Yes,Yes,26,Yes,No,Fiber optic,Yes,No,No,No,No,Yes,Two year,Yes,Credit card (automatic),60.09,1509.52,No
Male,0,Yes,No,44,Yes,Yes,Fiber optic,No,Yes,No,Yes,No,No,Two year,Yes,Credit card (automatic),111.85,4926.51,No
Male,0,No,No,22,Yes,No,DSL,No,Yes,No,No,Yes,Yes,Two year,Yes,Bank transfer (automatic),73.37,1501.52,No
Female,0,No,No,12,No,Yes,DSL,No,No,No,No,No,Yes,Month-to-month,Yes,Mailed check,120.0,1484.45,No
Female,1,No,No,67,Yes,No,Fiber optic,No internet service,Yes,Yes,Yes,No,No internet service,Two year,Yes,Mailed check,25.98,1719.32,No
Female,0,No,No,63,Yes,Yes,DSL,No,No,No,No internet service,Yes,Yes,One year,No,Bank transfer (automatic),41.87,2600.36,No
Male,0,No,No,24,Yes,Yes,No,No,Yes,Yes,Yes,Yes,Yes,Month-to-month,Yes,Electronic check,81.71,1961.01,No
Female,0,No,Yes,51,Yes,No,Fiber optic,No,Yes,Yes,No,No internet service,No,Two year,Yes,Electronic check,54.0,2745.96,No
Female,0,Yes,No,47,No,Yes,DSL,No,No,Yes,No,Yes,No internet service,Month-to-month,Yes,Bank transfer (automatic),45.93,2132.35,No
Male,1,No,No,60,Yes,Yes,DSL,No internet service,No,Yes,Yes,Yes,Yes,Month-to-month,Yes,Bank transfer (automatic),59.81,3564.95,No
Female,0,No,No,16,Yes,No phone service,No,No internet service,No,Yes,No,No internet service,No,Month-to-month,No,Bank transfer (automatic),72.07,1148.4,Yes
Male,0,Yes,No,39,No,Yes,Fiber optic,No,Yes,Yes,No,No internet service,Yes,One year,Yes,Bank transfer (automatic),93.97,3665.93,Yes
Male,0,Yes,No,68,Yes,Yes,Fiber optic,No,Yes,Yes,No,Yes,No internet service,One year,No,Mailed check,78.1,5369.91,No
Female,0,No,No,25,Yes,Yes,DSL,No,Yes,No,No,No internet service,No,One year,Yes,Mailed check,58.08,1554.04,No
Female,0,No,Yes,55,Yes,No phone service,Fiber optic,No,No,No,No internet service,No internet service,No,Month-to-month,No,Electronic check,18.0,1022.17,Yes
Female,0,No,No,39,Yes,Yes,No,No,No,No,Yes,Yes,No,One year,No,Mailed check,94.95,3709.15,No
Female,0,No,Yes,67,Yes,Yes,Fiber optic,No,No,No internet service,Yes,Yes,No internet service,Two year,No,Mailed check,44.26,2890.31,No
Female,0,Yes,Yes,7,Yes,Yes,DSL,No,No,No internet service,No internet service,Yes,Yes,Month-to-month,No,Mailed check,48.34,316.79,No
Female,0,No,No,72,Yes,No,No,Yes,No,No internet service,No internet service,No,No internet service,One year,Yes,Bank transfer (automatic),84.26,5996.09,Yes
Male,0,No,Yes,44,Yes,No,DSL,No internet service,No,No,No internet service,No,No,Month-to-month,No,Mailed check,58.24,2496.66,No
Male,0,No,No,16,No,No,Fiber optic,No,Yes,Yes,Yes,Yes,No,Month-to-month,No,Electronic check,77.92,1278.36,Yes
Female,0,No,No,40,Yes,No,No,No internet service,Yes,No internet service,No,Yes,No internet service,One year,No,Mailed check,105.08,4185.6,Yes
Male,0,No,No,8,Yes,No,No,Yes,Yes,No,No,Yes,Yes,Month-to-month,Yes,Bank transfer (automatic),73.38,619.76,Yes
Female,0,No,No,69,No,No phone service,Fiber optic,Yes,Yes,No,No internet service,No,No internet service,One year,Yes,Mailed check,18.14,1276.22,No
Male,0,No,No,23,Yes,No,No,Yes,No internet service,No internet service,Yes,No internet service,No,One year,Yes,Credit card (automatic),81.18,1855.7,No
Male,0,Yes,No,72,Yes,Yes,Fiber optic,Yes,No internet service,No,No,Yes,Yes,Month-to-month,Yes,Electronic check,45.8,3247.48,Yes
Male,1,No,No,10,No,Yes,DSL,Yes,Yes,No,Yes,No internet service,No internet service,Month-to-month,No,Mailed check,64.99,634.62,No
Female,0,Yes,Yes,34,Yes,No,Fiber optic,No,Yes,Yes,No,No internet service,Yes,Two year,Yes,Electronic check,53.45,1724.25,No
Male,0,Yes,No,28,Yes,Yes,Fiber optic,No,Yes,Yes,Yes,Yes,No,Month-to-month,Yes,Bank transfer (automatic),67.57,1850.08,Yes
Female,0,No,No,7,Yes,No,Fiber optic,No,No internet service,No,Yes,No internet service,Yes,One year,No,Electronic check,63.68,567.68,Yes
Male,0,Yes,No,16,Yes,No,DSL,Yes,No internet service,No,No,No,Yes,Two year,No,Credit card (automatic),43.2,685.94,Yes
Male,0,No,No,70,No,Yes,No,No,No,No internet service,No,No,Yes,Two year,Yes,Credit card (automatic),41.96,2998.06,No
Male,0,Yes,No,11,Yes,No,DSL,No,No,No internet service,No internet service,No,No internet service,One year,Yes,Electronic check,116.39,1231.21,No
Male,0,Yes,No,49,Yes,No,Fiber optic,Yes,No,No internet service,No,No internet service,No,Month-to-month,No,Bank transfer (automatic),120.0,5922.65,Yes
Male,0,No,No,23,Yes,Yes,No,No,Yes,No internet service,No,No,Yes,Month-to-month,Yes,Electronic check,31.31,695.29,No
Female,0,Yes,No,36,Yes,No,Fiber optic,No,Yes,No,No,No,No,Month-to-month,No,Mailed check,99.18,3571.83,Yes
Female,0,No,Yes,10,Yes,No,DSL,No,No,No,No internet service,No,No internet service,One year,Yes,Mailed check,71.12,659.76,No
Male,0,Yes,No,58,Yes,No,No,No,No internet service,No,No,No,No,Month-to-month,Yes,Electronic check,83.76,4895.68,Yes
Male,0,Yes,Yes,54,Yes,No,DSL,No internet service,No,Yes,No,Yes,Yes,Two year,No,Mailed check,104.16,5635.9,No
Male,0,Yes,No,26,Yes,No,DSL,Yes,No internet service,No,Yes,Yes,No internet service,One year,No,Mailed check,61.94,1658.1,Yes
Male,1,Yes,No,66,Yes,No,DSL,No,No internet service,No,No,No,No,Month-to-month,Yes,Bank transfer (automatic),65.87,4364.49,Yes
Female,0,No,Yes,59,Yes,No,Fiber optic,No,Yes,No internet service,No,Yes,Yes,Month-to-month,No,Electronic check,107.95,6466.49,No
Male,0,Yes,No,1,Yes,Yes,No,No internet service,Yes,No internet service,No,No,No,One year,Yes,Mailed check,59.57,71.05,No
Female,1,No,No,67,Yes,Yes,DSL,No,No,Yes,No,No,No,Month-to-month,Yes,Electronic check,52.15,3505.33,No
Male,0,No,No,17,Yes,No,No,No,No,Yes,No internet service,Yes,Yes,One year,No,Electronic check,32.16,573.63,No
Female,0,No,Yes,19,Yes,No,DSL,No internet service,No,Yes,No internet service,No internet service,No,Two year,No,Mailed check,40.26,891.83,No
Male,0,No,No,62,Yes,No phone service,DSL,No,Yes,No,No internet service,Yes,No,Two year,No,Bank transfer (automatic),61.72,3802.95,No
Male,1,Yes,No,71,Yes,Yes,Fiber optic,No internet service,No internet service,Yes,No,Yes,No internet service,One year,Yes,Bank transfer (automatic),64.21,4501.95,No
Female,1,Yes,No,1,Yes,No,No,No,No internet service,Yes,Yes,No internet service,Yes,Two year,No,Credit card (automatic),51.14,39.79,No
Male,0,No,No,41,Yes,Yes,Fiber optic,Yes,Yes,No,No,No internet service,No,One year,Yes,Electronic check,26.41,1060.06,No
Male,0,No,No,27,Yes,No,DSL,Yes,No,Yes,No,No,Yes,Month-to-month,Yes,Credit card (automatic),18.0,557.84,No
Male,0,No,No,28,Yes,No,Fiber optic,No,No internet service,No internet service,Yes,No internet service,Yes,One year,Yes,Bank transfer (automatic),23.73,678.46,Yes
Female,0,No,No,68,Yes,Yes,Fiber optic,Yes,Yes,No,Yes,No internet service,No,Month-to-month,No,Mailed check,18.6,1236.95,No
Male,0,Yes,Yes,27,Yes,Yes,DSL,No,No,Yes,No,Yes,No,Month-to-month,Yes,Mailed check,116.08,3115.3,Yes
Male,0,Yes,Yes,59,Yes,No,DSL,No internet service,No,No internet service,No,No,No,One year,Yes,Bank transfer (automatic),18.0,1074.62,No
Female,0,No,Yes,4,Yes,Yes,DSL,No,Yes,No internet service,No internet service,Yes,Yes,Two year,No,Bank transfer (automatic),54.37,157.68,No
Female,0,No,No,14,Yes,Yes,Fiber optic,No,Yes,No internet service,No internet service,Yes,No internet service,One year,Yes,Electronic check,77.4,942.63,No
Female,0,Yes,No,72,Yes,No,Fiber optic,No internet service,No,No,No,Yes,No,Month-to-month,No,Credit card (automatic),120.0,8675.33,Yes
Male,0,No,No,31,Yes,Yes,DSL,Yes,No,No internet service,Yes,Yes,No,Month-to-month,Yes,Credit card (automatic),60.49,1843.83,Yes
Male,0,Yes,No,51,Yes,Yes,DSL,No,No,No,No,No internet service,Yes,Month-to-month,No,Bank transfer (automatic),62.55,3315.23,Yes
Male,1,Yes,No,36,Yes,No,DSL,Yes,Yes,Yes,Yes,No internet service,Yes,Month-to-month,Yes,Electronic check,105.67,3857.35,Yes
Female,0,No,No,14,Yes,Yes,Fiber optic,Yes,No,No,No,No internet service,Yes,Two year,Yes,Mailed check,93.69,1247.51,Yes
Male,0,No,Yes,40,Yes,Yes,DSL,No,No,No,No internet service,Yes,No internet service,Month-to-month,No,Bank transfer (automatic),70.53,2785.4,No
Male,0,No,Yes,3,Yes,Yes,DSL,No,No,No,No internet service,No,Yes,Month-to-month,No,Credit card (automatic),50.71,159.77,No
Female,0,Yes,No,52,No,Yes,DSL,No internet service,No,No,Yes,No,No,One year,Yes,Electronic check,102.04,5376.21,No
Female,1,Yes,No,26,No,No,Fiber optic,No,No,Yes,No,No,No,Month-to-month,Yes,Electronic check,65.87,1691.06,No
Female,0,No,No,20,Yes,No,Fiber optic,No,No,No,No,No,Yes,One year,Yes,Electronic check,46.8,860.39,Yes
Female,0,Yes,No,59,Yes,Yes,Fiber optic,No,No,No,No,Yes,No,One year,Yes,Credit card (automatic),32.61,2019.67,No
Female,0,No,No,63,Yes,No,DSL,No,No internet service,Yes,No internet service,No,No,One year,Yes,Electronic check,64.6,4166.58,No
Male,0,No,No,70,Yes,Yes,Fiber optic,No,No,Yes,No,No internet service,No,Month-to-month,Yes,Mailed check,120.0,8337.87,Yes
Female,0,No,No,46,No,No,DSL,No,No,Yes,No,Yes,Yes,Month-to-month,Yes,Credit card (automatic),81.35,3752.94,Yes
Male,0,Yes,Yes,53,Yes,No,DSL,No internet service,Yes,Yes,No,No,No internet service,Month-to-month,Yes,Bank transfer (automatic),76.47,3953.36,No
Male,0,No,No,30,Yes,Yes,No,No internet service,No,No,No,No,No,One year,Yes,Electronic check,68.01,2075.71,No
Female,0,Yes,No,16,Yes,Yes,Fiber optic,No internet service,No,Yes,No internet service,No,No,Month-to-month,Yes,Credit card (automatic),64.87,1131.8,No
Female,0,Yes,No,49,Yes,No,Fiber optic,Yes,No,No,No,No internet service,Yes,Month-to-month,No,Bank transfer (automatic),66.47,3294.86,No
Female,1,Yes,Yes,6,Yes,No,No,No,Yes,Yes,No internet service,No,No,Two year,No,Bank transfer (automatic),92.11,530.82,No
Male,0,Yes,No,27,Yes,No,No,No internet service,Yes,No internet service,No,No,No internet service,Month-to-month,Yes,Mailed check,22.49,591.72,No
Female,1,No,No,9,No,No,Fiber optic,No,Yes,Yes,No,Yes,No,Two year,Yes,Bank transfer (automatic),106.87,1041.65,Yes
Female,0,Yes,No,26,Yes,No,DSL,No,No,Yes,Yes,Yes,No,Two year,Yes,Mailed check,72.3,1922.97,No
Female,0,Yes,Yes,12,Yes,Yes,Fiber optic,No,Yes,No,No,Yes,Yes,Two year,Yes,Credit card (automatic),74.69,876.9,No
Female,0,No,Yes,65,Yes,No,Fiber optic,No,Yes,No,No,No internet service,Yes,Two year,Yes,Mailed check,92.2,6020.92,No
Female,0,Yes,No,59,Yes,No,DSL,No,No,No,Yes,No,No,Month-to-month,Yes,Credit card (automatic),98.74,5821.02,Yes
Male,0,No,No,42,No,No,DSL,No internet service,Yes,No internet service,Yes,Yes,No,One year,No,Credit card (automatic),65.64,2731.4,No
Male,0,Yes,Yes,68,Yes,Yes,Fiber optic,No internet service,Yes,Yes,No,No,No internet service,One year,Yes,Electronic check,29.57,2103.64,Yes
Male,0,Yes,No,62,No,Yes,DSL,No,No,No,No internet service,Yes,Yes,Month-to-month,No,Mailed check,18.0,1113.09,No
Female,0,No,Yes,69,Yes,No,DSL,Yes,No,Yes,No,No internet service,No,Month-to-month,Yes,Credit card (automatic),59.71,4132.3,Yes
Female,0,Yes,No,64,Yes,No,Fiber optic,No internet service,Yes,No,No internet service,No,No,Month-to-month,Yes,Electronic check,63.39,4123.44,No
Female,0,No,No,66,Yes,No,No,Yes,Yes,No,No internet service,Yes,No internet service,Month-to-month,Yes,Mailed check,82.81,5518.31,No
Male,0,Yes,No,53,Yes,No,DSL,No,Yes,Yes,No,No,No internet service,One year,Yes,Mailed check,32.94,1768.1,No
Female,0,Yes,No,35,Yes,No,DSL,No,No internet service,Yes,No,No internet service,No,Two year,Yes,Bank transfer (automatic),94.72,3285.33,Yes
Female,0,Yes,No,70,Yes,Yes,No,No,No,No,No internet service,No,Yes,Two year,No,Electronic check,120.0,8394.3,No
Female,0,Yes,No,14,Yes,No,DSL,No,No internet service,Yes,No,No,No,Month-to-month,No,Bank transfer (automatic),50.14,705.7,No
Male,0,Yes,No,17,Yes,No,Fiber optic,No internet service,No,No,No,Yes,No,Month-to-month,Yes,Credit card (automatic),96.51,1634.91,Yes
Female,0,No,No,3,Yes,Yes,Fiber optic,Yes,No internet service,Yes,No,No,No internet service,One year,No,Mailed check,100.91,325.83,Yes
Male,0,No,No,10,Yes,Yes,DSL,No,No internet service,No internet service,Yes,No internet service,No internet service,Month-to-month,Yes,Credit card (automatic),104.83,1029.66,No
Female,0,Yes,No,5,No,Yes,Fiber optic,Yes,Yes,No,Yes,Yes,No,Two year,Yes,Electronic check,102.37,469.45,No
Male,0,Yes,Yes,50,Yes,No phone service,No,No,Yes,No,No,Yes,No internet service,One year,No,Mailed check,99.13,4912.9,No
Male,0,No,Yes,57,Yes,No,Fiber optic,Yes,No,No,No internet service,No,Yes,One year,No,Credit card (automatic),77.46,4458.4,No
Male,0,No,No,59,Yes,No,No,No internet service,Yes,No,Yes,No,No internet service,Month-to-month,Yes,Mailed check,101.58,6068.8,No
Female,0,No,No,17,Yes,No,DSL,No internet service,No,No,No internet service,No,No internet service,Month-to-month,Yes,Bank transfer (automatic),58.15,999.86,No
Female,0,No,Yes,66,Yes,Yes,No,No,Yes,No,Yes,Yes,No internet service,Month-to-month,Yes,Electronic check,94.41,6220.82,Yes
Male,0,Yes,No,16,No,No,DSL,No,No internet service,No,No,No internet service,No,Month-to-month,Yes,Electronic check,120.0,1934.99,Yes
Male,0,Yes,No,33,Yes,No,DSL,No,No,No,Yes,No,Yes,Two year,No,Electronic check,21.23,610.54,No
Female,1,No,No,29,Yes,No,DSL,No,No,No internet service,No internet service,Yes,No internet service,Month-to-month,Yes,Mailed check,21.32,593.96,No
Female,0,No,Yes,18,Yes,Yes,No,Yes,No,No,Yes,Yes,No,Month-to-month,No,Credit card (automatic),55.54,1057.53,Yes
Male,0,No,No,8,Yes,No phone service,Fiber optic,No,No,Yes,Yes,No internet service,No,One year,No,Credit card (automatic),84.43,705.32,Yes
Female,0,Yes,No,39,Yes,Yes,Fiber optic,Yes,No,No,No internet service,No,Yes,Month-to-month,Yes,Electronic check,46.18,1780.4,Yes
Female,0,No,No,43,Yes,Yes,Fiber optic,Yes,No,No internet service,No,Yes,Yes,Two year,Yes,Mailed check,75.91,3274.74,No
Female,0,No,Yes,58,Yes,No,No,No internet service,No,Yes,No,Yes,Yes,Month-to-month,No,Mailed check,70.24,4043.88,No
Female,0,Yes,No,24,Yes,No,No,No,No,No,No internet service,Yes,No,Two year,Yes,Mailed check,71.29,1736.07,No
Male,1,No,No,70,Yes,No,Fiber optic,No internet service,No,No internet service,No,No,Yes,Two year,Yes,Credit card (automatic),24.96,1787.65,No
Female,0,Yes,No,52,Yes,No,Fiber optic,No,No,No,Yes,No internet service,No,Two year,Yes,Electronic check,120.0,6264.76,No
Female,0,Yes,No,47,Yes,No,DSL,No,No,Yes,No,Yes,Yes,Month-to-month,Yes,Credit card (automatic),80.5,3776.59,No
Male,1,Yes,No,70,No,Yes,DSL,Yes,No,No,No,Yes,No internet service,Month-to-month,Yes,Bank transfer (automatic),85.82,6028.21,Yes
Male,1,Yes,No,52,Yes,No,DSL,Yes,Yes,No,No internet service,No internet service,No,Two year,Yes,Mailed check,92.35,4766.37,No
Female,0,Yes,Yes,48,Yes,Yes,DSL,No internet service,No,No internet service,No internet service,No,No internet service,Two year,No,Bank transfer (automatic),93.54,4528.56,No
Female,1,No,No,42,Yes,Yes,DSL,No,No internet service,Yes,No,Yes,Yes,One year,No,Electronic check,55.44,2403.49,No
Female,0,Yes,Yes,18,Yes,Yes,Fiber optic,No,Yes,No internet service,Yes,Yes,No internet service,Month-to-month,Yes,Electronic check,98.39,1802.58,Yes
Female,1,No,Yes,65,Yes,No,No,No,Yes,Yes,No internet service,Yes,Yes,Month-to-month,Yes,Credit card (automatic),65.86,4279.9,Yes
Male,0,Yes,No,33,Yes,Yes,No,Yes,No internet service,No internet service,No,Yes,No,Two year,Yes,Electronic check,105.06,3365.24,No
Male,0,Yes,No,72,Yes,Yes,Fiber optic,No,No,Yes,No,No internet service,No internet service,Month-to-month,Yes,Electronic check,48.96,3504.61,Yes
Male,0,No,No,53,No,No,DSL,Yes,No,Yes,Yes,No,Yes,Month-to-month,No,Credit card (automatic),56.01,3039.61,Yes
Female,0,No,No,0,Yes,Yes,DSL,No,Yes,Yes,No,No,No internet service,Month-to-month,No,Credit card (automatic),78.46,3.52,Yes
Female,0,No,No,54,Yes,Yes,No,No,No,Yes,Yes,No internet service,No,One year,Yes,Credit card (automatic),40.7,2177.33,No
Female,0,No,Yes,14,No,Yes,DSL,No internet service,No,No,No,No,Yes,Month-to-month,No,Credit card (automatic),37.41,470.47,No
Female,0,Yes,Yes,14,Yes,No,DSL,No internet service,No internet service,No,No internet service,No,No internet service,Month-to-month,No,Electronic check,45.58,696.95,Yes
Male,0,Yes,Yes,22,Yes,No phone service,DSL,Yes,No internet service,No,Yes,Yes,No internet service,Month-to-month,Yes,Bank transfer (automatic),93.63,2071.12,Yes
Male,0,No,No,65,Yes,Yes,DSL,No,No internet service,Yes,Yes,No,No internet service,Month-to-month,No,Credit card (automatic),95.83,6284.27,No
Female,0,No,Yes,45,Yes,No,DSL,No,Yes,No internet service,No,No,No,One year,Yes,Electronic check,72.27,3142.94,Yes
Male,0,No,No,8,No,No phone service,Fiber optic,Yes,No,Yes,No,No internet service,Yes,Month-to-month,No,Electronic check,38.47,341.33,Yes
Female,0,No,No,65,Yes,Yes,Fiber optic,No,No,No,No,No,Yes,Month-to-month,Yes,Electronic check,50.94,3259.27,Yes
Female,1,No,Yes,65,Yes,No,Fiber optic,Yes,No,No,No,Yes,Yes,One year,Yes,Electronic check,67.19,4385.5,Yes
Male,0,Yes,Yes,17,Yes,No phone service,Fiber optic,Yes,No,No,No,No,Yes,Month-to-month,No,Electronic check,42.24,704.23,No
Female,0,No,No,16,No,Yes,DSL,No internet service,No internet service,Yes,Yes,No internet service,No,Month-to-month,Yes,Credit card (automatic),93.37,1479.79,No
Female,0,No,No,71,Yes,Yes,DSL,No,No internet service,Yes,No,Yes,No internet service,Two year,No,Credit card (automatic),72.38,5163.01,No
Male,0,No,No,33,Yes,No phone service,Fiber optic,No,No internet service,No internet service,No,Yes,No internet service,Two year,Yes,Mailed check,97.11,3194.54,No
Female,0,Yes,No,68,Yes,Yes,DSL,No,No,No internet service,No,Yes,No,Month-to-month,No,Mailed check,61.61,4144.58,No
Female,0,Yes,No,63,Yes,Yes,DSL,No,Yes,No,No internet service,No internet service,Yes,Month-to-month,Yes,Credit card (automatic),120.0,7548.59,No
Male,0,Yes,No,43,No,No,No,No,No,Yes,Yes,Yes,No,Month-to-month,No,Credit card (automatic),76.4,3293.75,No
Female,0,Yes,No,28,Yes,Yes,Fiber optic,No internet service,No,No internet service,No,Yes,Yes,Two year,No,Credit card (automatic),18.0,491.87,No
Male,0,No,No,61,Yes,No phone service,DSL,No,No,No internet service,No,No internet service,No,One year,Yes,Bank transfer (automatic),74.54,4527.9,No
Female,0,Yes,No,15,No,Yes,No,No,Yes,No,Yes,No,Yes,Month-to-month,Yes,Credit card (automatic),44.46,618.77,No
Male,1,Yes,No,51,Yes,Yes,Fiber optic,No,No internet service,No,Yes,Yes,Yes,Two year,No,Electronic check,120.0,6193.8,No
Male,0,Yes,No,1,Yes,No,No,No internet service,Yes,No internet service,Yes,Yes,No,Month-to-month,Yes,Bank transfer (automatic),39.21,8.6,No
Male,0,No,No,60,No,No,DSL,Yes,No internet service,Yes,No internet service,No,No,Month-to-month,No,Bank transfer (automatic),111.92,6791.3,Yes
Female,0,No,Yes,3,Yes,No phone service,DSL,No internet service,No internet service,Yes,Yes,Yes,Yes,Month-to-month,Yes,Electronic check,25.65,129.6,Yes
Male,0,Yes,No,51,No,No,DSL,No,No internet service,No internet service,No internet service,No,No,Month-to-month,No,Electronic check,48.25,2533.37,No
Male,0,Yes,No,40,Yes,No phone service,No,No internet service,No internet service,No,No,No,No internet service,Two year,No,Mailed check,31.84,1230.98,No
Male,0,Yes,No,51,Yes,No,DSL,No,Yes,No internet service,No internet service,No,No,One year,No,Electronic check,73.34,3739.68,No
Male,1,No,Yes,30,Yes,No,DSL,No internet service,No,No,Yes,No,No,Month-to-month,No,Credit card (automatic),106.07,3180.93,Yes
Male,0,Yes,No,25,No,Yes,Fiber optic,No,No internet service,Yes,No,Yes,No,Month-to-month,Yes,Credit card (automatic),38.59,981.32,No
Female,0,No,Yes,26,Yes,No phone service,Fiber optic,Yes,Yes,Yes,No,Yes,Yes,One year,Yes,Mailed check,20.39,524.44,No
Female,0,Yes,Yes,50,Yes,No,No,Yes,Yes,Yes,No,Yes,Yes,Month-to-month,Yes,Bank transfer (automatic),81.94,4080.32,No
Female,0,Yes,Yes,47,Yes,Yes,No,No,No,No internet service,No,No,No,Month-to-month,Yes,Bank transfer (automatic),55.86,2625.8,No
Female,0,No,No,10,Yes,Yes,Fiber optic,No,No,No internet service,No,No,No internet service,One year,Yes,Mailed check,40.55,379.43,Yes
Female,0,Yes,No,7,Yes,No,Fiber optic,Yes,No internet service,No internet service,Yes,No,No internet service,Month-to-month,Yes,Credit card (automatic),55.28,362.66,Yes
Female,0,No,No,11,Yes,No,Fiber optic,No internet service,No,No,No,No internet service,No internet service,Month-to-month,Yes,Mailed check,86.57,988.73,Yes
Female,0,Yes,No,44,Yes,Yes,Fiber optic,No internet service,Yes,Yes,No,No internet service,Yes,Month-to-month,Yes,Credit card (automatic),97.18,4289.8,Yes
Male,0,No,No,33,Yes,No,Fiber optic,No internet service,No,Yes,No,Yes,No,Month-to-month,No,Credit card (automatic),42.52,1295.6,Yes
Female,0,No,No,71,Yes,No,DSL,No internet service,No,Yes,No,Yes,No,One year,Yes,Electronic check,83.35,5974.1,No
Male,0,No,Yes,46,Yes,Yes,DSL,No,No,No internet service,No,No internet service,No,Month-to-month,Yes,Mailed check,52.11,2441.09,No
Male,0,Yes,No,20,Yes,Yes,Fiber optic,No,No internet service,Yes,No,No,No,One year,No,Mailed check,58.78,1154.47,Yes
Female,0,Yes,No,40,No,No,No,No internet service,No,No internet service,Yes,No internet service,No internet service,Month-to-month,Yes,Credit card (automatic),55.15,2232.82,Yes
Male,0,Yes,No,21,Yes,Yes,No,No,No,No internet service,Yes,Yes,No internet service,One year,Yes,Credit card (automatic),43.03,853.14,No
Male,0,No,No,20,Yes,Yes,Fiber optic,No,No,Yes,No,Yes,No,Month-to-month,Yes,Electronic check,109.22,2154.35,No
Male,0,No,No,27,Yes,Yes,DSL,No,No internet service,No internet service,No internet service,Yes,No internet service,One year,No,Credit card (automatic),18.0,489.42,No
Male,0,Yes,Yes,66,No,No,No,No internet service,No,No internet service,No,No internet service,Yes,One year,Yes,Credit card (automatic),75.75,4949.82,No
Female,0,Yes,No,70,Yes,Yes,DSL,No,Yes,No,Yes,Yes,No,One year,Yes,Bank transfer (automatic),101.44,7172.88,No
Female,0,No,Yes,13,Yes,Yes,Fiber optic,No,No internet service,No,No,Yes,No,One year,Yes,Mailed check,18.0,195.64,No
Female,0,Yes,Yes,72,Yes,Yes,No,No,No,No,No,No,Yes,Month-to-month,Yes,Electronic check,71.16,5178.24,Yes
Female,0,Yes,No,51,Yes,Yes,DSL,Yes,Yes,No,No internet service,No internet service,No internet service,Two year,No,Electronic check,69.34,3430.55,No
Female,0,Yes,No,42,Yes,Yes,No,No internet service,Yes,No,Yes,No internet service,Yes,Two year,No,Credit card (automatic),103.81,4365.69,No
Female,0,No,Yes,70,Yes,Yes,DSL,No internet service,Yes,No internet service,No internet service,Yes,No internet service,One year,No,Mailed check,20.9,1529.14,No
Female,1,No,No,18,Yes,Yes,No,No,No internet service,Yes,No internet service,No internet service,No,Two year,Yes,Bank transfer (automatic),120.0,2106.67,No
Female,0,No,No,26,Yes,Yes,Fiber optic,No,Yes,Yes,No,Yes,No internet service,Month-to-month,No,Electronic check,63.16,1633.08,Yes
Female,0,Yes,No,17,Yes,Yes,Fiber optic,Yes,No,No,Yes,Yes,No,Month-to-month,Yes,Credit card (automatic),107.62,1784.2,Yes
Female,1,No,No,12,Yes,No,Fiber optic,Yes,Yes,Yes,No,Yes,Yes,One year,Yes,Mailed check,108.22,1305.36,No
Male,0,No,No,0,Yes,No phone service,Fiber optic,Yes,Yes,No internet service,No internet service,No,No internet service,Two year,Yes,Bank transfer (automatic),18.0,0.0,No
Female,0,Yes,No,33,Yes,No,Fiber optic,No,No,No,No,Yes,No internet service,Month-to-month,No,Mailed check,47.79,1529.69,No
Male,0,No,No,12,Yes,No,Fiber optic,Yes,Yes,No,No internet service,No internet service,No,One year,No,Electronic check,99.43,1276.81,No
Male,0,Yes,No,50,Yes,No phone service,Fiber optic,Yes,No internet service,No internet service,Yes,No internet service,Yes,Two year,Yes,Credit card (automatic),55.72,2792.58,No
Male,1,Yes,No,0,Yes,Yes,No,Yes,No,Yes,No,Yes,No,Two year,No,Credit card (automatic),90.84,109.59,No
Male,0,Yes,No,27,Yes,No,DSL,No,No,Yes,No internet service,No internet service,Yes,Month-to-month,No,Electronic check,52.33,1373.67,No
Female,0,Yes,Yes,31,Yes,No,DSL,No,No internet service,No internet service,No,No internet service,No,Month-to-month,Yes,Electronic check,69.97,2153.43,Yes
Male,0,No,Yes,71,Yes,Yes,No,No internet service,No,No,No,No,No,Month-to-month,No,Mailed check,26.94,1828.54,No
Female,0,Yes,Yes,54,Yes,No,Fiber optic,Yes,No,No internet service,Yes,No,Yes,One year,Yes,Electronic check,59.76,3102.21,No
Female,0,Yes,No,25,Yes,No,DSL,No,No internet service,No internet service,No internet service,No,No,Two year,No,Mailed check,35.19,953.05,No
Male,0,Yes,No,13,Yes,No,Fiber optic,No internet service,No,No,No,No,Yes,One year,No,Credit card (automatic),66.51,811.01,Yes
Female,0,No,No,67,Yes,No,Fiber optic,No internet service,No,No,No internet service,No,Yes,Two year,Yes,Bank transfer (automatic),73.33,4915.87,No
Male,0,No,No,62,Yes,Yes,Fiber optic,Yes,No,No internet service,No internet service,Yes,Yes,One year,No,Credit card (automatic),120.0,7366.78,No
Male,0,No,No,13,Yes,Yes,DSL,Yes,Yes,Yes,Yes,Yes,No,One year,Yes,Credit card (automatic),64.2,889.93,No
Female,0,No,No,26,Yes,Yes,No,Yes,Yes,No,No,No,No,Month-to-month,No,Bank transfer (automatic),30.41,774.92,No
Female,0,Yes,No,40,Yes,Yes,Fiber optic,No,No,Yes,No,Yes,No internet service,Month-to-month,Yes,Bank transfer (automatic),79.32,3185.81,Yes
Male,0,Yes,Yes,2,Yes,No,Fiber optic,No,Yes,No,Yes,Yes,Yes,Month-to-month,No,Bank transfer (automatic),23.34,37.48,No
Female,0,No,Yes,58,Yes,Yes,No,No,Yes,Yes,Yes,No,Yes,Month-to-month,Yes,Credit card (automatic),50.53,2980.73,No
Female,1,Yes,No,22,No,No phone service,DSL,No,Yes,No,Yes,Yes,Yes,Month-to-month,No,Electronic check,70.85,1630.7,No
Female,0,Yes,No,17,Yes,Yes,Fiber optic,No,No,No internet service,No,Yes,Yes,Month-to-month,Yes,Credit card (automatic),25.42,406.81,Yes
Male,0,No,No,40,No,Yes,No,No,No,No internet service,No internet service,Yes,No,Month-to-month,No,Electronic check,46.3,1891.33,Yes
Male,0,Yes,Yes,7,Yes,No,DSL,No,No internet service,No internet service,No,Yes,No,Month-to-month,Yes,Mailed check,46.43,303.25,Yes
Female,1,Yes,Yes,31,No,No,Fiber optic,Yes,No,Yes,No,Yes,No internet service,Month-to-month,Yes,Credit card (automatic),24.82,817.37,No
Female,0,Yes,No,40,Yes,No,No,No,No,No,Yes,No internet service,No,One year,Yes,Bank transfer (automatic),114.67,4540.7,No
Female,0,Yes,No,44,Yes,No,Fiber optic,No,Yes,No,No,No,No internet service,One year,No,Credit card (automatic),49.35,2177.96,Yes
Female,0,No,No,8,Yes,Yes,Fiber optic,Yes,No,Yes,No,No,Yes,One year,Yes,Credit card (automatic),26.58,198.14,No
Female,1,No,No,47,Yes,No,Fiber optic,No,No,Yes,No internet service,No,No,One year,Yes,Bank transfer (automatic),118.78,5627.46,Yes
Male,0,No,No,23,Yes,No,Fiber optic,No internet service,No internet service,Yes,No,Yes,No,One year,No,Mailed check,108.05,2438.3,No
Female,0,No,No,43,Yes,Yes,Fiber optic,No internet service,No internet service,Yes,Yes,No internet service,Yes,Two year,No,Mailed check,62.59,2672.0,No
Male,1,Yes,No,57,Yes,Yes,No,No internet service,No,No internet service,No internet service,No internet service,Yes,Month-to-month,Yes,Mailed check,20.74,1201.39,No
Female,0,Yes,No,65,Yes,No,Fiber optic,No internet service,No,No,Yes,Yes,Yes,Month-to-month,Yes,Mailed check,109.77,7160.9,Yes
Male,0,Yes,No,17,Yes,Yes,Fiber optic,No internet service,No internet service,No internet service,No internet service,Yes,No internet service,Month-to-month,Yes,Credit card (automatic),54.68,894.44,No
Female,0,Yes,No,28,Yes,No,Fiber optic,No,No,Yes,No internet service,No,Yes,One year,No,Credit card (automatic),46.4,1331.25,No
Male,1,No,No,1,Yes,No,Fiber optic,No,No,Yes,No,No,No internet service,Month-to-month,No,Bank transfer (automatic),44.25,188.23,Yes
Female,0,No,Yes,67,Yes,Yes,Fiber optic,No,No,No internet service,Yes,Yes,No,Month-to-month,No,Electronic check,78.72,5274.03,No
Male,1,Yes,No,38,Yes,Yes,No,No internet service,No,No,Yes,Yes,No,Month-to-month,No,Bank transfer (automatic),42.34,1527.13,No
Male,0,Yes,No,72,Yes,No,DSL,No internet service,Yes,No,Yes,No,No internet service,One year,Yes,Mailed check,51.25,3695.9,No
Male,0,Yes,Yes,40,Yes,No,DSL,Yes,No internet service,No,No,No internet service,Yes,One year,Yes,Electronic check,20.73,865.44,No
Male,1,Yes,No,70,Yes,Yes,Fiber optic,No internet service,No internet service,No,No internet service,Yes,No,Month-to-month,Yes,Bank transfer (automatic),24.13,1673.25,Yes
Male,0,Yes,Yes,21,Yes,No,No,Yes,No,No internet service,No internet service,No,Yes,Month-to-month,Yes,Mailed check,91.53,1942.93,No
Male,0,No,No,48,Yes,No,No,No,No,No,No,No,Yes,Two year,No,Electronic check,59.26,2815.93,No
Female,0,No,No,27,Yes,Yes,Fiber optic,No,No,No internet service,Yes,No,No,One year,Yes,Electronic check,34.29,968.48,No
Male,0,No,Yes,15,Yes,No,Fiber optic,Yes,No,No internet service,No internet service,No internet service,No,Month-to-month,No,Mailed check,51.63,796.35,No
Female,0,Yes,No,67,Yes,No,Fiber optic,No,Yes,No,No,No,No,Two year,No,Electronic check,52.15,3517.91,No
Female,0,Yes,No,61,Yes,Yes,Fiber optic,No,Yes,No,No,No,No,Month-to-month,No,Bank transfer (automatic),24.33,1520.27,No
Female,0,No,No,35,Yes,No,DSL,No,No internet service,No internet service,No internet service,No internet service,No internet service,Month-to-month,Yes,Bank transfer (automatic),50.28,1758.71,No
Female,0,No,No,21,Yes,No,Fiber optic,No,No internet service,No internet service,No,Yes,Yes,Month-to-month,Yes,Bank transfer (automatic),56.05,1181.84,Yes
Female,0,No,No,10,Yes,Yes,DSL,No internet service,Yes,Yes,No,Yes,No,Two year,Yes,Electronic check,18.0,226.49,No
Male,1,No,No,41,Yes,Yes,Fiber optic,No,Yes,No,No internet service,Yes,No internet service,Month-to-month,No,Electronic check,57.86,2401.67,No
Male,0,No,No,54,Yes,No,DSL,Yes,No internet service,No internet service,No internet service,No,No internet service,Month-to-month,Yes,Mailed check,50.53,2726.61,No
Male,0,No,Yes,72,Yes,Yes,Fiber optic,No,Yes,Yes,Yes,Yes,No,Two year,Yes,Mailed check,56.18,4020.46,No
Female,0,Yes,No,34,No,No,Fiber optic,No,No,No,Yes,Yes,No,One year,No,Electronic check,78.82,2593.61,No
Male,0,No,Yes,56,Yes,No,DSL,Yes,No,No internet service,Yes,No internet service,No internet service,Two year,No,Bank transfer (automatic),84.07,4719.65,No
Male,0,Yes,No,33,Yes,No phone service,Fiber optic,No,No internet service,Yes,No,No,Yes,Month-to-month,No,Electronic check,34.87,1140.73,No
Male,0,Yes,No,72,Yes,No,DSL,No,No,No,No,No internet service,Yes,Month-to-month,Yes,Credit card (automatic),81.37,5878.01,No
Male,1,No,Yes,69,Yes,Yes,DSL,No internet service,No,No internet service,No,No internet service,Yes,Two year,No,Bank transfer (automatic),52.45,3568.47,No
Male,1,Yes,No,3,Yes,No,Fiber optic,Yes,Yes,No,Yes,No internet service,No,One year,No,Credit card (automatic),109.31,386.57,No
Female,0,Yes,Yes,45,No,No,No,No,Yes,No,Yes,Yes,No,Two year,No,Mailed check,85.83,3919.57,No
Male,1,Yes,No,10,Yes,No,No,Yes,No internet service,No,No internet service,No,Yes,Two year,Yes,Electronic check,63.29,669.89,No
Female,0,Yes,No,60,Yes,No,No,No internet service,Yes,No internet service,No,No internet service,Yes,One year,No,Credit card (automatic),54.49,3283.57,No
Female,0,Yes,No,34,Yes,No,DSL,No,Yes,No,No,Yes,No internet service,Month-to-month,No,Electronic check,41.62,1376.93,Yes
Female,1,Yes,No,68,Yes,Yes,Fiber optic,No internet service,Yes,No,No,No internet service,No,Month-to-month,No,Credit card (automatic),49.66,3488.85,No
Female,0,Yes,No,56,No,No,DSL,No,Yes,Yes,No internet service,No internet service,No,Month-to-month,Yes,Electronic check,18.0,1055.6,No
Female,0,Yes,No,10,Yes,Yes,DSL,No,No,No,Yes,No,No,Month-to-month,No,Bank transfer (automatic),68.51,684.18,Yes
Male,0,No,No,11,Yes,Yes,No,No,No internet service,No,No,No,No internet service,Two year,No,Mailed check,39.77,375.85,Yes
Male,0,Yes,No,42,Yes,Yes,Fiber optic,No,Yes,Yes,No,Yes,Yes,Month-to-month,No,Bank transfer (automatic),66.49,2788.67,Yes
Male,0,Yes,No,18,Yes,Yes,Fiber optic,No,No internet service,No,No,No,No,Two year,Yes,Mailed check,34.44,613.17,Yes
Female,0,No,No,67,No,No,Fiber optic,No,Yes,Yes,Yes,Yes,Yes,Two year,Yes,Bank transfer (automatic),74.71,5038.31,No
Male,1,No,No,58,Yes,Yes,DSL,No,No internet service,No,Yes,Yes,No,Two year,Yes,Mailed check,79.75,4616.79,No
Male,0,No,No,1,Yes,No,DSL,No,No,No,Yes,No internet service,No,Two year,No,Bank transfer (automatic),74.37,0.0,No
Female,0,Yes,No,7,Yes,No,Fiber optic,No,No internet service,Yes,No,No,Yes,One year,No,Electronic check,71.06,449.1,Yes
Female,0,No,No,21,Yes,No,DSL,Yes,Yes,No,No,No,No,Two year,Yes,Bank transfer (automatic),18.0,426.99,No
Female,0,No,Yes,20,No,No,Fiber optic,No internet service,No internet service,Yes,Yes,No internet service,No,One year,No,Credit card (automatic),66.35,1283.58,No
Female,0,No,No,28,Yes,No,Fiber optic,No,Yes,Yes,Yes,Yes,No internet service,One year,No,Credit card (automatic),42.47,1138.0,No
Male,0,No,No,36,Yes,Yes,DSL,No,Yes,No,No,Yes,No internet service,One year,Yes,Electronic check,59.87,2187.55,No
Female,1,No,No,28,Yes,No,No,Yes,No,No,No,No,No,One year,Yes,Electronic check,51.37,1445.59,Yes
Female,1,No,No,36,Yes,Yes,Fiber optic,No,Yes,No internet service,No internet service,No internet service,No internet service,Month-to-month,Yes,Electronic check,39.1,1350.56,No
Male,0,No,No,20,Yes,No,Fiber optic,No internet service,No internet service,No,No,No,No,Month-to-month,No,Credit card (automatic),46.59,981.51,No
Male,1,Yes,No,11,Yes,No phone service,DSL,No,No,No,No,No,No internet service,Month-to-month,Yes,Bank transfer (automatic),73.35,759.96,Yes
Female,0,No,No,47,Yes,No phone service,Fiber optic,No,Yes,Yes,No,No,No,Month-to-month,No,Electronic check,95.9,4525.72,Yes
Male,0,No,No,46,Yes,Yes,DSL,No internet service,Yes,Yes,No internet service,No,No,Month-to-month,No,Bank transfer (automatic),61.38,2871.08,No
Female,0,Yes,Yes,14,Yes,No,Fiber optic,No internet service,Yes,Yes,No,No,Yes,Two year,Yes,Mailed check,120.0,1671.05,No
Female,0,No,No,66,Yes,Yes,Fiber optic,No internet service,No,Yes,No internet service,No internet service,No internet service,One year,Yes,Bank transfer (automatic),42.73,2838.54,Yes
Male,0,Yes,No,12,Yes,No,DSL,Yes,No internet service,Yes,No,No internet service,No,Month-to-month,No,Bank transfer (automatic),104.52,1174.93,No
Male,0,Yes,No,58,Yes,No,No,No,No,Yes,No,No,No internet service,Two year,Yes,Credit card (automatic),39.34,2324.02,No
Female,0,No,Yes,72,Yes,Yes,Fiber optic,No,No,Yes,Yes,No,No,Two year,No,Bank transfer (automatic),60.53,4353.64,No
Female,1,Yes,Yes,12,Yes,No,Fiber optic,No,Yes,Yes,No,No,Yes,Two year,Yes,Credit card (automatic),43.42,583.62,No
Female,0,Yes,Yes,71,Yes,Yes,DSL,No internet service,No internet service,Yes,Yes,Yes,No,One year,Yes,Mailed check,54.59,3803.73,No
Male,0,Yes,Yes,18,Yes,No phone service,No,Yes,No internet service,No,Yes,No,No,Month-to-month,No,Credit card (automatic),85.6,1483.96,Yes
Female,0,Yes,No,56,Yes,No phone service,DSL,No internet service,Yes,No internet service,No internet service,Yes,Yes,Month-to-month,No,Mailed check,63.1,3542.57,No
Female,0,Yes,No,31,Yes,Yes,DSL,No,No,No internet service,No,Yes,Yes,One year,Yes,Mailed check,56.0,1679.04,No
Female,0,Yes,No,20,Yes,No,DSL,No,Yes,No,No internet service,No,Yes,Month-to-month,Yes,Electronic check,103.66,2069.24,No
Female,0,Yes,No,13,Yes,Yes,No,No,No internet service,No internet service,Yes,Yes,Yes,Month-to-month,No,Bank transfer (automatic),32.67,393.18,No
Female,0,No,No,23,No,Yes,DSL,No,Yes,No,No,No,No,Two year,Yes,Bank transfer (automatic),27.39,614.89,No
Male,0,No,No,48,Yes,No,Fiber optic,No internet service,No,No,No internet service,Yes,No internet service,One year,Yes,Electronic check,18.0,835.63,No
Female,0,Yes,No,31,Yes,Yes,Fiber optic,No,No,Yes,No,Yes,No,Month-to-month,No,Electronic check,58.85,1761.57,Yes
Female,0,No,No,10,Yes,No,No,No,Yes,Yes,Yes,Yes,No internet service,Month-to-month,No,Bank transfer (automatic),60.97,560.88,Yes
Female,0,Yes,No,59,Yes,No phone service,Fiber optic,No,Yes,Yes,No,No internet service,No,Month-to-month,No,Electronic check,18.0,1078.78,Yes
Female,0,Yes,No,67,Yes,Yes,Fiber optic,Yes,No internet service,Yes,No,No,No internet service,Month-to-month,Yes,Electronic check,26.21,1683.36,Yes
Male,0,Yes,Yes,60,No,No,No,No,Yes,Yes,No internet service,No internet service,Yes,One year,Yes,Mailed check,52.38,3169.56,No
Male,0,No,No,4,Yes,No,DSL,No,No,Yes,No,Yes,No,Month-to-month,Yes,Electronic check,93.84,326.52,Yes
Male,0,No,No,35,Yes,No,No,No internet service,No,No,No internet service,No internet service,No,Two year,No,Electronic check,120.0,4251.18,Yes
Female,0,Yes,No,63,No,No,DSL,No,No,No,No internet service,No internet service,Yes,Two year,No,Credit card (automatic),95.29,5954.42,No
Female,0,Yes,No,31,Yes,No,No,No,Yes,No,No,Yes,Yes,One year,Yes,Bank transfer (automatic),120.0,3764.86,No
Male,0,Yes,No,70,Yes,No,DSL,No,Yes,No,No internet service,No,No,One year,Yes,Credit card (automatic),42.87,2993.66,No
Male,0,No,Yes,65,Yes,No phone service,Fiber optic,No,No,No,No,Yes,No,Month-to-month,No,Electronic check,78.27,5092.88,No
Male,0,No,No,9,Yes,No,DSL,No,Yes,Yes,No internet service,No,No internet service,One year,Yes,Electronic check,81.63,776.79,No
Female,1,Yes,Yes,20,Yes,No,DSL,No,No,No,No internet service,Yes,No,One year,Yes,Credit card (automatic),37.49,766.9,No
Female,1,No,No,39,No,No,Fiber optic,No,No,No internet service,Yes,No internet service,Yes,One year,Yes,Electronic check,75.98,2959.63,No
Male,0,Yes,No,41,Yes,No,Fiber optic,Yes,No,No internet service,No internet service,No,Yes,Month-to-month,No,Mailed check,44.56,1807.96,No
Male,0,No,Yes,71,Yes,No,No,No,No,No,No,No,No,Month-to-month,No,Credit card (automatic),42.03,2891.11,Yes
Male,0,No,No,45,No,No,DSL,No internet service,No,No,No,No,Yes,Month-to-month,Yes,Credit card (automatic),30.62,1452.18,No
Female,1,Yes,Yes,72,Yes,Yes,DSL,No,No internet service,Yes,No,Yes,No,One year,Yes,Bank transfer (automatic),56.16,3996.48,No
Female,1,No,Yes,40,Yes,Yes,No,No,No internet service,No,No,Yes,No,One year,Yes,Credit card (automatic),80.68,3263.43,No
Female,0,No,No,3,Yes,No,Fiber optic,No internet service,Yes,Yes,Yes,No,Yes,One year,Yes,Mailed check,29.35,90.64,No
Male,0,Yes,Yes,13,Yes,No,Fiber optic,Yes,No,No,No,Yes,No internet service,One year,Yes,Electronic check,50.59,571.43,No
Male,0,Yes,No,13,Yes,No,Fiber optic,No,No,No,No,Yes,No,Month-to-month,Yes,Credit card (automatic),47.65,577.38,Yes
Female,0,No,Yes,52,Yes,No,DSL,No,No,No internet service,Yes,Yes,No,Two year,No,Credit card (automatic),67.38,3522.47,No
Male,0,Yes,Yes,28,Yes,Yes,Fiber optic,No internet service,Yes,No,No,Yes,Yes,Month-to-month,Yes,Bank transfer (automatic),48.19,1295.9,Yes
Female,0,Yes,No,22,Yes,Yes,Fiber optic,No internet service,Yes,No internet service,No internet service,Yes,Yes,Month-to-month,No,Bank transfer (automatic),23.27,463.23,No
Male,1,Yes,No,30,Yes,No,Fiber optic,Yes,No,No,Yes,Yes,No,One year,No,Electronic check,72.83,2212.0,No
Male,0,No,Yes,70,Yes,Yes,Fiber optic,No internet service,Yes,No,No,No,No,Month-to-month,Yes,Credit card (automatic),50.07,3503.98,No
Male,0,No,No,60,Yes,No phone service,DSL,No,No,Yes,No,Yes,No,Month-to-month,Yes,Mailed check,65.8,3999.33,Yes
Male,1,No,No,22,No,Yes,No,No internet service,No,Yes,No internet service,No,No internet service,One year,No,Electronic check,82.15,1791.71,No
Female,1,No,No,7,Yes,No,No,Yes,Yes,No internet service,No,Yes,Yes,Two year,No,Mailed check,76.84,455.03,No
Male,0,Yes,Yes,15,Yes,Yes,No,No,No,No,No,Yes,Yes,Month-to-month,Yes,Credit card (automatic),36.9,506.85,No
Female,0,No,No,25,Yes,Yes,DSL,No internet service,No,No,No,Yes,No,Month-to-month,Yes,Electronic check,62.85,1584.59,Yes
Female,0,No,No,28,Yes,Yes,DSL,No internet service,No internet service,No internet service,No internet service,Yes,No,Month-to-month,No,Bank transfer (automatic),42.77,1171.63,No
Female,0,Yes,Yes,5,Yes,No,Fiber optic,Yes,No internet service,No,No,No,No,Two year,Yes,Bank transfer (automatic),77.79,439.54,No
Male,1,Yes,No,36,Yes,No,Fiber optic,Yes,Yes,No internet service,No,No,No,Month-to-month,Yes,Mailed check,75.24,2655.42,Yes
Female,1,Yes,No,32,Yes,Yes,Fiber optic,No internet service,No,Yes,No internet service,No,Yes,Month-to-month,No,Electronic check,34.59,1129.33,Yes
Female,0,No,No,45,Yes,Yes,DSL,No,No internet service,No internet service,Yes,Yes,Yes,Month-to-month,No,Mailed check,42.36,1878.53,No
Female,0,No,No,60,Yes,No,Fiber optic,Yes,No internet service,No internet service,Yes,No internet service,No,Month-to-month,No,Bank transfer (automatic),40.03,2367.64,No
Male,0,No,No,40,Yes,No,Fiber optic,No,No,No internet service,No internet service,No internet service,Yes,Month-to-month,Yes,Credit card (automatic),76.57,3026.94,No
Male,1,No,No,17,Yes,Yes,DSL,Yes,Yes,No,No,No,No internet service,Month-to-month,Yes,Bank transfer (automatic),89.35,1467.57,Yes
Female,0,Yes,No,15,Yes,No phone service,Fiber optic,Yes,No,Yes,No,Yes,No internet service,Month-to-month,No,Credit card (automatic),92.03,1353.3,No
Male,0,No,No,50,Yes,Yes,Fiber optic,No internet service,No,Yes,Yes,Yes,No,Month-to-month,No,Mailed check,36.15,1861.84,No
Female,0,No,No,36,Yes,No,Fiber optic,No,No,Yes,No,No,No,Two year,Yes,Mailed check,18.0,796.49,No
Female,0,Yes,No,13,Yes,Yes,DSL,Yes,Yes,No,No,No internet service,No internet service,Two year,No,Mailed check,50.26,670.13,No
Male,0,No,No,67,Yes,No,No,No,Yes,No,No,No internet service,No,Month-to-month,Yes,Credit card (automatic),81.26,5449.14,No
Female,0,Yes,No,29,Yes,Yes,DSL,No,No,No,No,Yes,Yes,One year,Yes,Mailed check,31.26,892.64,No
Male,1,No,Yes,59,Yes,No,No,No,No,No,No,Yes,Yes,One year,Yes,Mailed check,86.96,5084.85,No
Male,1,No,No,52,Yes,No,No,No internet service,No,Yes,No internet service,No internet service,Yes,Month-to-month,No,Electronic check,18.0,982.19,No
Female,0,No,No,35,No,Yes,DSL,Yes,No,Yes,No internet service,No,No internet service,Month-to-month,No,Credit card (automatic),101.59,3555.59,No
Male,0,No,No,29,No,Yes,Fiber optic,No internet service,No internet service,Yes,Yes,No,No,One year,No,Mailed check,62.87,1768.12,No
Male,0,Yes,No,63,Yes,Yes,DSL,No,Yes,Yes,Yes,Yes,Yes,Month-to-month,Yes,Mailed check,97.14,6213.35,Yes
Female,0,No,No,13,Yes,No,Fiber optic,No,No,No,No internet service,No internet service,Yes,One year,No,Credit card (automatic),69.62,999.7,Yes
Female,0,Yes,Yes,22,Yes,No,No,Yes,No,Yes,No,Yes,No internet service,Month-to-month,Yes,Credit card (automatic),57.92,1305.22,No
Male,1,No,No,47,Yes,Yes,Fiber optic,No,No internet service,Yes,No,No,Yes,Month-to-month,Yes,Bank transfer (automatic),75.02,3469.54,Yes
Male,0,No,Yes,27,Yes,No,DSL,Yes,No,No,No internet service,No,Yes,Two year,No,Bank transfer (automatic),110.88,2951.37,No
Female,0,No,No,6,Yes,Yes,DSL,No,Yes,No internet service,No,No,Yes,One year,Yes,Electronic check,25.42,98.72,No
Male,1,Yes,No,41,Yes,Yes,DSL,No,Yes,Yes,Yes,No,No internet service,Two year,Yes,Mailed check,84.22,3547.17,No
Male,1,No,Yes,9,No,Yes,Fiber optic,No,Yes,No internet service,No internet service,No,Yes,Two year,Yes,Credit card (automatic),88.28,736.1,No
Male,0,No,No,67,Yes,Yes,No,No,No,No internet service,No,Yes,No internet service,Month-to-month,Yes,Mailed check,59.06,3926.79,Yes
Male,0,No,No,43,Yes,Yes,Fiber optic,No,Yes,No,Yes,Yes,No internet service,One year,Yes,Bank transfer (automatic),40.84,1789.85,No
Male,0,Yes,No,12,No,No,Fiber optic,Yes,Yes,Yes,No internet service,No internet service,Yes,One year,Yes,Bank transfer (automatic),36.87,435.19,No
Male,0,Yes,No,32,Yes,No phone service,DSL,Yes,Yes,Yes,No internet service,No,No internet service,One year,Yes,Bank transfer (automatic),18.0,505.46,No
Male,0,Yes,Yes,31,Yes,No,Fiber optic,No internet service,No,No internet service,Yes,No,No,Month-to-month,Yes,Credit card (automatic),45.22,1430.48,No
Female,0,No,Yes,47,Yes,No phone service,DSL,Yes,No,No,Yes,Yes,Yes,Month-to-month,No,Mailed check,64.54,3121.49,No
Female,1,No,No,4,Yes,No,No,No,No internet service,No,No,No,No,Two year,Yes,Credit card (automatic),45.09,141.2,No
Female,0,No,No,60,Yes,Yes,DSL,Yes,No,No internet service,No internet service,Yes,No internet service,Two year,No,Mailed check,56.09,3330.96,No
Female,0,Yes,No,2,Yes,No,Fiber optic,No,No,No,No,No,No,Month-to-month,No,Electronic check,18.0,92.14,Yes
Female,0,Yes,Yes,23,Yes,No,Fiber optic,No,No,No,Yes,Yes,Yes,Month-to-month,No,Bank transfer (automatic),84.67,1984.98,Yes
Male,0,No,No,33,Yes,No,Fiber optic,No,No,No,Yes,Yes,Yes,Two year,No,Bank transfer (automatic),75.22,2427.34,No
Male,1,No,No,41,Yes,No,DSL,No,No,Yes,No,No,No,Month-to-month,Yes,Bank transfer (automatic),18.0,840.58,No
Male,0,No,No,19,Yes,No,Fiber optic,No,No,Yes,No internet service,Yes,No internet service,Month-to-month,Yes,Bank transfer (automatic),78.82,1452.67,No
Male,0,No,Yes,40,Yes,No,Fiber optic,No,No internet service,No,No internet service,Yes,No internet service,One year,No,Credit card (automatic),89.05,3588.89,No
Female,0,Yes,No,19,Yes,Yes,No,No,No,No internet service,No,No,No internet service,One year,No,Bank transfer (automatic),63.87,1146.1,No
Male,0,No,Yes,5,Yes,No,Fiber optic,No,No,No,No internet service,No internet service,No,Month-to-month,Yes,Mailed check,68.11,381.3,Yes
Male,0,No,Yes,56,Yes,Yes,DSL,Yes,No internet service,Yes,No,Yes,Yes,One year,Yes,Mailed check,44.82,2459.42,No
Female,0,No,No,41,Yes,Yes,Fiber optic,Yes,No,Yes,No,No,No internet service,One year,No,Bank transfer (automatic),91.38,3722.3,No
Male,0,Yes,No,24,Yes,No phone service,Fiber optic,No,Yes,No,No internet service,No,No internet service,One year,No,Bank transfer (automatic),53.57,1246.06,No
Male,0,Yes,No,40,Yes,No,No,Yes,No internet service,No,No,No,No,Month-to-month,No,Credit card (automatic),44.09,1673.46,No
Female,0,Yes,No,40,Yes,No,Fiber optic,No,No,No,No internet service,No,No,Month-to-month,Yes,Credit card (automatic),30.43,1164.8,No
Male,1,No,No,2,Yes,No,DSL,Yes,No,Yes,No,No,No internet service,Month-to-month,Yes,Mailed check,62.48,113.52,Yes
Male,1,Yes,No,42,Yes,Yes,No,Yes,No,Yes,No,No,Yes,Month-to-month,Yes,Mailed check,53.56,2184.28,No
Male,0,Yes,No,45,Yes,No,DSL,Yes,No,No internet service,Yes,No internet service,No,Month-to-month,Yes,Electronic check,28.81,1209.24,No
Male,0,Yes,No,56,Yes,Yes,DSL,Yes,No,No,No internet service,No,Yes,Month-to-month,No,Mailed check,79.43,4449.51,No
Male,0,No,Yes,50,Yes,No,DSL,Yes,No,Yes,No,Yes,No internet service,Month-to-month,Yes,Electronic check,103.98,5308.56,Yes
Female,0,Yes,Yes,4,Yes,No,No,No,Yes,No,Yes,No,No internet service,Month-to-month,Yes,Bank transfer (automatic),86.17,364.84,No
Female,0,No,No,72,No,No phone service,No,No,Yes,No,No,No internet service,No,Month-to-month,Yes,Bank transfer (automatic),82.13,5960.91,Yes
Female,1,Yes,No,14,Yes,No,DSL,Yes,Yes,Yes,No,No,No,Month-to-month,No,Bank transfer (automatic),42.15,592.53,No
Female,1,Yes,Yes,38,Yes,Yes,Fiber optic,No,Yes,No,No internet service,Yes,No internet service,One year,Yes,Mailed check,52.31,1993.47,No
Female,0,No,No,69,Yes,No,Fiber optic,No,No internet service,Yes,Yes,No,Yes,Month-to-month,No,Mailed check,38.39,2642.82,No
Female,0,Yes,No,37,Yes,No,Fiber optic,Yes,Yes,Yes,No,No,No,Month-to-month,No,Bank transfer (automatic),81.33,2998.18,No
Male,1,Yes,No,38,Yes,Yes,DSL,Yes,No,No,Yes,Yes,No,Month-to-month,Yes,Credit card (automatic),44.53,1636.21,No
Female,0,Yes,Yes,51,Yes,No,DSL,No,Yes,No,No,Yes,No internet service,One year,Yes,Bank transfer (automatic),99.43,5087.29,No
Female,0,No,No,2,Yes,No phone service,Fiber optic,No internet service,No,No,No,No,No,Month-to-month,No,Electronic check,45.56,36.81,Yes
Male,0,No,No,28,Yes,Yes,No,No,No internet service,No,Yes,No internet service,No,Two year,No,Credit card (automatic),76.87,2120.82,No
Male,0,Yes,No,30,No,No phone service,DSL,No,Yes,No,No,Yes,Yes,One year,Yes,Credit card (automatic),120.0,3498.54,No
Female,0,Yes,Yes,65,Yes,No,DSL,No,No,No internet service,No internet service,No,No,Month-to-month,Yes,Mailed check,120.0,7795.04,Yes
Male,0,No,Yes,44,Yes,Yes,DSL,No internet service,Yes,No internet service,No internet service,No,Yes,Month-to-month,No,Mailed check,46.43,1980.31,No
Female,0,No,No,72,Yes,No,Fiber optic,Yes,Yes,Yes,No,Yes,Yes,One year,Yes,Electronic check,110.38,7956.55,Yes
Male,0,Yes,No,21,Yes,No,DSL,No internet service,Yes,Yes,No,No internet service,Yes,Month-to-month,Yes,Bank transfer (automatic),62.68,1321.28,No
Female,0,No,No,9,Yes,No,No,No,No,No,No internet service,No internet service,Yes,Month-to-month,No,Bank transfer (automatic),58.54,500.77,Yes
Male,0,No,No,20,Yes,No,Fiber optic,No,No,No,Yes,Yes,No,Month-to-month,Yes,Mailed check,70.13,1317.33,Yes
Male,0,No,No,16,No,No,Fiber optic,Yes,No,No,No,No,No,Two year,No,Mailed check,66.41,1077.4,No
Female,0,Yes,Yes,66,Yes,No,DSL,No,No,Yes,No,No,Yes,Month-to-month,Yes,Bank transfer (automatic),18.0,1260.61,No
Female,1,Yes,No,6,Yes,Yes,DSL,No,No internet service,No,No internet service,No internet service,No internet service,Month-to-month,Yes,Credit card (automatic),52.56,356.89,No
Female,0,Yes,Yes,35,Yes,No,Fiber optic,No,Yes,No,No,Yes,No internet service,Month-to-month,No,Electronic check,42.26,1514.04,Yes
Female,0,No,No,66,Yes,Yes,No,No,No internet service,No,Yes,No internet service,No internet service,One year,Yes,Electronic check,62.18,4074.92,No
Female,1,No,No,29,Yes,No,DSL,No internet service,No,Yes,Yes,Yes,No,One year,No,Electronic check,39.0,1148.62,No
Male,0,Yes,No,70,Yes,No phone service,DSL,Yes,No internet service,No,Yes,No internet service,No,Month-to-month,Yes,Mailed check,56.11,3844.8,No
Female,0,No,Yes,28,Yes,Yes,DSL,No,No,No,No,No internet service,No,One year,Yes,Credit card (automatic),63.93,1732.71,No
Female,0,No,Yes,71,Yes,Yes,Fiber optic,No internet service,No,No,No,No internet service,No,Month-to-month,Yes,Electronic check,64.56,4634.03,Yes
Male,0,No,No,32,Yes,No phone service,DSL,No internet service,No,No,Yes,Yes,Yes,One year,No,Credit card (automatic),74.92,2340.64,No
Male,0,No,No,58,Yes,No,DSL,Yes,Yes,No,Yes,No,No,Month-to-month,Yes,Mailed check,88.87,5154.81,Yes
Female,1,No,No,19,Yes,Yes,Fiber optic,No internet service,Yes,No internet service,Yes,Yes,Yes,One year,Yes,Mailed check,18.0,339.52,No
Male,0,Yes,No,28,Yes,No,Fiber optic,Yes,No,No,No,Yes,No,Two year,Yes,Bank transfer (automatic),46.57,1219.46,No
Male,0,No,No,52,Yes,No phone service,DSL,No internet service,No,No,No internet service,No internet service,No,Two year,No,Credit card (automatic),54.39,2850.3,No
Female,1,No,No,0,Yes,No,Fiber optic,Yes,No,No,No,No,Yes,Month-to-month,Yes,Credit card (automatic),84.07,65.67,Yes
Male,0,Yes,Yes,33,Yes,No,DSL,No,Yes,No internet service,No internet service,Yes,No internet service,One year,No,Credit card (automatic),49.41,1733.13,No
Male,0,Yes,No,43,Yes,No,DSL,Yes,No,No,Yes,No,Yes,Month-to-month,No,Bank transfer (automatic),48.26,2113.03,No
Female,0,No,No,13,Yes,No,Fiber optic,No,Yes,Yes,No,No internet service,No internet service,Two year,Yes,Electronic check,19.34,270.47,Yes
Female,0,Yes,No,36,Yes,No,Fiber optic,No,No,No,No internet service,No,No,Month-to-month,Yes,Electronic check,96.15,3474.99,No
Male,0,No,No,34,Yes,Yes,No,No internet service,Yes,No,No,Yes,Yes,One year,No,Mailed check,68.3,2349.14,No
Male,0,Yes,Yes,58,Yes,No,No,No,No internet service,Yes,No,No,Yes,Month-to-month,Yes,Bank transfer (automatic),43.76,2551.92,No
Female,0,Yes,Yes,23,Yes,No phone service,Fiber optic,No internet service,No,Yes,No,No,No,Month-to-month,No,Credit card (automatic),107.1,2574.07,Yes
Male,0,Yes,Yes,64,Yes,No phone service,Fiber optic,No,No internet service,Yes,No,No,Yes,Month-to-month,Yes,Bank transfer (automatic),90.85,5850.41,Yes
Male,0,Yes,No,5,No,No,Fiber optic,No,Yes,Yes,No,No internet service,No internet service,Month-to-month,Yes,Mailed check,93.03,509.21,Yes
Male,0,No,No,67,Yes,No,Fiber optic,No,Yes,Yes,No,No internet service,No internet service,Month-to-month,No,Electronic check,19.77,1321.35,Yes
Female,0,No,No,37,Yes,Yes,DSL,Yes,Yes,No internet service,Yes,Yes,Yes,Month-to-month,Yes,Electronic check,76.5,2722.67,Yes
Male,0,Yes,Yes,0,Yes,Yes,Fiber optic,No,Yes,Yes,No,Yes,No,Month-to-month,Yes,Mailed check,35.26,0.0,Yes
Male,0,Yes,Yes,40,Yes,No,No,No internet service,No internet service,Yes,Yes,No internet service,No,Two year,No,Bank transfer (automatic),64.71,2552.07,No
Female,1,Yes,Yes,30,Yes,Yes,Fiber optic,No internet service,No,No internet service,No,No,No,Month-to-month,No,Mailed check,22.02,710.02,No
Male,0,Yes,No,35,Yes,Yes,Fiber optic,No,No,No,No internet service,No,Yes,Two year,Yes,Credit card (automatic),62.43,2213.93,No
Male,0,No,Yes,72,Yes,No,Fiber optic,No,Yes,No,No,No,No internet service,One year,No,Credit card (automatic),59.68,4291.8,No
Female,0,Yes,Yes,53,Yes,No,Fiber optic,No,Yes,No,No internet service,No internet service,No internet service,Two year,No,Mailed check,84.12,4485.39,No
Female,0,Yes,No,30,No,No,Fiber optic,No,No,Yes,Yes,No,No,Month-to-month,No,Credit card (automatic),50.94,1556.53,Yes
Female,0,No,No,28,Yes,No,Fiber optic,Yes,No,No internet service,No internet service,No internet service,No internet service,Month-to-month,No,Credit card (automatic),58.99,1740.9,No
Female,0,Yes,No,2,Yes,No,Fiber optic,Yes,No,No internet service,No,No,Yes,One year,No,Electronic check,45.6,63.11,No
Male,1,Yes,Yes,57,Yes,Yes,No,No,No,No,No,Yes,Yes,One year,No,Bank transfer (automatic),62.35,3507.87,No
Male,0,Yes,No,60,Yes,No phone service,Fiber optic,No,No internet service,No,No internet service,Yes,No,One year,Yes,Electronic check,60.11,3624.29,No
Female,0,No,No,5,Yes,No,Fiber optic,No,Yes,No,No internet service,No internet service,No,Two year,No,Electronic check,101.76,528.87,No
Female,0,No,Yes,19,Yes,No,Fiber optic,No internet service,No internet service,Yes,No,No internet service,Yes,One year,Yes,Bank transfer (automatic),47.29,899.85,Yes
Male,0,No,Yes,60,Yes,No,Fiber optic,No,Yes,No,Yes,No internet service,Yes,Month-to-month,Yes,Electronic check,99.99,6010.92,No
Female,0,Yes,No,45,Yes,Yes,No,No internet service,No,No,Yes,No,No internet service,Two year,No,Credit card (automatic),48.97,2290.64,No
Male,0,Yes,No,12,Yes,No,DSL,No,No,Yes,Yes,No,No,One year,Yes,Mailed check,106.53,1280.61,No
Female,1,No,Yes,22,Yes,No,Fiber optic,Yes,Yes,No,No internet service,Yes,No internet service,Month-to-month,No,Mailed check,100.32,2189.37,No
Male,0,No,No,30,No,Yes,Fiber optic,No,No,No,No,Yes,No,Month-to-month,No,Bank transfer (automatic),93.19,2771.72,Yes
Female,0,No,No,3,Yes,No,Fiber optic,No internet service,Yes,No,No,No,No internet service,One year,Yes,Mailed check,46.35,79.32,No
Female,0,Yes,Yes,65,Yes,No,No,No,No internet service,Yes,No,Yes,No internet service,One year,Yes,Mailed check,68.07,4386.1,No
Male,0,Yes,No,15,Yes,No phone service,DSL,No,Yes,No internet service,No,No internet service,Yes,Two year,Yes,Mailed check,101.77,1596.89,No
Female,0,No,No,30,No,Yes,Fiber optic,No,No internet service,No,No,No internet service,Yes,Month-to-month,No,Mailed check,45.86,1371.96,Yes
Male,0,No,No,47,Yes,No,No,Yes,No internet service,No,No,Yes,Yes,One year,No,Electronic check,70.59,3293.65,No
Male,0,No,No,42,Yes,Yes,DSL,No,Yes,No,No internet service,Yes,Yes,Two year,Yes,Credit card (automatic),81.44,3466.93,No
Male,0,No,Yes,3,Yes,Yes,DSL,Yes,No,Yes,No,Yes,No internet service,One year,No,Credit card (automatic),52.03,141.66,Yes
Male,0,No,Yes,61,No,No,DSL,Yes,Yes,No,No internet service,Yes,No internet service,Month-to-month,Yes,Mailed check,38.72,2426.06,No
Male,0,No,No,47,Yes,No,No,No,No,Yes,Yes,No,Yes,Month-to-month,Yes,Bank transfer (automatic),34.66,1657.47,No
Female,1,No,No,27,Yes,No,DSL,Yes,No internet service,No internet service,No,No,Yes,One year,Yes,Electronic check,111.73,2958.75,Yes
Female,0,No,No,15,Yes,No,DSL,No,Yes,No,No,No,No,Month-to-month,Yes,Mailed check,102.43,1581.73,No
Male,0,No,No,68,Yes,No,DSL,No internet service,Yes,No,No,No,Yes,Two year,No,Mailed check,94.28,6420.84,No
Female,1,Yes,No,29,Yes,No,Fiber optic,No,No,No,No,Yes,Yes,Month-to-month,Yes,Bank transfer (automatic),103.54,2992.7,Yes
Male,0,Yes,No,64,Yes,No,Fiber optic,No internet service,No,No,No,Yes,No internet service,One year,No,Electronic check,80.16,5137.44,No
Female,0,No,No,68,Yes,Yes,DSL,No internet service,Yes,No internet service,No internet service,Yes,Yes,Month-to-month,No,Mailed check,52.29,3556.96,No
Female,0,Yes,No,13,Yes,No,No,Yes,No,No,No internet service,No,No,Month-to-month,Yes,Bank transfer (automatic),55.99,657.18,No
Female,1,No,No,33,No,Yes,DSL,No,Yes,Yes,Yes,No internet service,Yes,One year,Yes,Electronic check,35.41,1155.47,No
Female,0,Yes,Yes,55,Yes,Yes,DSL,No internet service,Yes,Yes,Yes,No internet service,No,Month-to-month,Yes,Electronic check,87.81,4810.97,No
Male,0,Yes,No,28,Yes,Yes,Fiber optic,Yes,No internet service,No internet service,No,No,No,One year,Yes,Mailed check,42.27,1103.68,No
Male,0,No,No,24,Yes,No,Fiber optic,No,No,No internet service,No,Yes,Yes,Month-to-month,Yes,Bank transfer (automatic),62.85,1491.8,No
Female,0,Yes,Yes,65,Yes,Yes,Fiber optic,No,No,No,No internet service,No,No internet service,One year,Yes,Bank transfer (automatic),69.5,4513.41,No
Female,0,Yes,No,39,Yes,Yes,No,No internet service,Yes,No,No,Yes,No,Month-to-month,Yes,Mailed check,65.94,2710.2,No
Male,0,Yes,No,14,No,No,Fiber optic,Yes,No,No,No,Yes,No,Month-to-month,No,Mailed check,90.33,1187.44,Yes
Female,0,No,No,31,Yes,No,No,Yes,No,No,Yes,No internet service,No,Month-to-month,Yes,Mailed check,108.22,3341.05,Yes
Male,0,Yes,Yes,19,Yes,No,DSL,Yes,Yes,No internet service,Yes,Yes,Yes,One year,No,Bank transfer (automatic),64.72,1199.79,No
Male,0,No,No,52,Yes,No,No,Yes,No,No internet service,Yes,No,No internet service,Month-to-month,Yes,Electronic check,88.63,4561.66,No
Male,0,Yes,Yes,66,No,No phone service,DSL,Yes,No,No,No,No internet service,No internet service,Month-to-month,No,Mailed check,67.78,4551.43,Yes
Female,0,No,No,48,No,No,Fiber optic,No,Yes,No internet service,No,No internet service,Yes,One year,Yes,Credit card (automatic),66.14,3263.91,No
Male,0,Yes,Yes,66,No,Yes,DSL,No,No,Yes,Yes,Yes,No,Month-to-month,No,Credit card (automatic),75.52,4947.44,No
Female,0,Yes,No,0,Yes,No phone service,DSL,No,Yes,No,No,Yes,No,One year,Yes,Mailed check,120.0,51.13,No
Male,0,Yes,No,38,Yes,Yes,No,No,No,Yes,No,No,No internet service,One year,Yes,Credit card (automatic),107.62,4122.04,No
Female,0,Yes,No,60,Yes,No,Fiber optic,No internet service,No,No internet service,No,No,No,Month-to-month,No,Electronic check,77.02,4639.02,No
Female,1,No,No,54,Yes,No,DSL,No,No,No internet service,No,Yes,No,Month-to-month,No,Electronic check,59.65,3215.63,No
Female,0,Yes,No,68,Yes,No,DSL,No,No,No,No,Yes,No,One year,No,Credit card (automatic),52.67,3638.73,No
Male,1,Yes,Yes,1,Yes,No,No,No,No,No,No,Yes,No internet service,Month-to-month,Yes,Bank transfer (automatic),58.38,108.0,Yes
Male,0,No,Yes,16,Yes,No phone service,Fiber optic,No internet service,Yes,No,No internet service,Yes,No,Month-to-month,No,Mailed check,87.19,1419.18,No
Female,0,Yes,Yes,28,Yes,No phone service,Fiber optic,Yes,No internet service,No,Yes,Yes,Yes,One year,Yes,Bank transfer (automatic),64.54,1729.66,No
Female,0,Yes,Yes,3,Yes,Yes,No,No internet service,Yes,No,No,Yes,No internet service,Month-to-month,Yes,Electronic check,58.16,210.86,Yes
Female,0,No,No,72,No,No phone service,No,No internet service,No,No,No,Yes,No,Month-to-month,No,Credit card (automatic),70.66,5173.27,No
Male,0,No,No,63,Yes,Yes,Fiber optic,No,No,Yes,No,No internet service,Yes,Month-to-month,Yes,Mailed check,61.61,3890.16,No
Male,1,Yes,Yes,42,Yes,No,Fiber optic,No,Yes,Yes,Yes,No,No,One year,No,Credit card (automatic),57.9,2404.18,No
Male,0,Yes,No,11,Yes,No,DSL,No internet service,No internet service,No internet service,No,No,Yes,One year,Yes,Credit card (automatic),103.44,1184.08,No
Male,0,No,No,49,Yes,No phone service,Fiber optic,No,No,No internet service,Yes,Yes,No,One year,No,Bank transfer (automatic),49.64,2484.81,No
Female,0,Yes,Yes,67,No,Yes,No,No,No,No internet service,No,No,No,Two year,No,Bank transfer (automatic),27.08,1788.33,No
Female,1,No,No,60,Yes,No phone service,No,No,No,No internet service,No,Yes,Yes,Month-to-month,Yes,Credit card (automatic),69.61,4200.97,No
Male,0,Yes,No,72,Yes,No phone service,Fiber optic,No,Yes,No,No,No internet service,Yes,Month-to-month,Yes,Electronic check,44.42,3242.4,Yes
Male,0,No,No,50,Yes,No phone service,Fiber optic,No,No internet service,No internet service,No,No internet service,Yes,Month-to-month,No,Mailed check,58.29,2858.68,Yes
Female,1,Yes,No,4,Yes,Yes,Fiber optic,Yes,Yes,Yes,Yes,No,No internet service,Month-to-month,No,Credit card (automatic),96.31,426.42,Yes
Male,0,No,No,27,Yes,No,No,Yes,Yes,No internet service,No,No,No,Month-to-month,Yes,Credit card (automatic),85.75,2302.61,No
Male,0,Yes,Yes,9,Yes,No,DSL,No,Yes,No internet service,No,Yes,Yes,Month-to-month,No,Credit card (automatic),63.02,582.61,No
Male,0,No,No,51,No,Yes,Fiber optic,Yes,Yes,No,Yes,No,No internet service,One year,Yes,Credit card (automatic),44.9,2288.07,No
Male,0,Yes,No,16,No,No phone service,Fiber optic,No,No internet service,No,Yes,No internet service,Yes,Month-to-month,No,Bank transfer (automatic),54.87,894.14,No
Male,0,Yes,No,64,Yes,Yes,No,No,No internet service,Yes,Yes,Yes,No internet service,One year,No,Bank transfer (automatic),120.0,7713.04,No
Male,0,No,No,20,Yes,Yes,DSL,Yes,No,No internet service,Yes,Yes,Yes,Month-to-month,Yes,Electronic check,118.15,2378.07,Yes
Female,0,No,No,53,Yes,Yes,No,Yes,No internet service,No,No internet service,No,No internet service,Two year,No,Mailed check,58.51,3086.03,Yes
Male,0,No,No,48,Yes,Yes,DSL,Yes,No,No,Yes,No,No,One year,Yes,Credit card (automatic),75.7,3600.65,No
Male,0,Yes,No,21,Yes,No,DSL,No,No,No,No internet service,No,No,One year,Yes,Electronic check,18.0,441.56,No
Female,0,No,No,68,Yes,No phone service,Fiber optic,Yes,No internet service,No internet service,No,No internet service,Yes,Two year,No,Bank transfer (automatic),53.64,3616.95,Yes
Female,0,Yes,No,63,Yes,No phone service,No,No,Yes,Yes,No,Yes,No internet service,Two year,Yes,Mailed check,88.11,5509.61,No
Female,0,No,No,35,Yes,No,Fiber optic,No,Yes,Yes,No,No,No,Month-to-month,Yes,Electronic check,55.3,1858.17,No
Male,0,No,No,20,Yes,No,DSL,Yes,Yes,Yes,No,No,Yes,Month-to-month,No,Mailed check,67.48,1387.1,No
Female,0,Yes,No,55,Yes,Yes,DSL,Yes,No,No,No,No,Yes,One year,Yes,Mailed check,65.75,3605.29,No
Male,0,No,No,72,Yes,No,DSL,No internet service,No internet service,No,No,No internet service,Yes,Month-to-month,Yes,Mailed check,91.26,6579.42,No
Male,0,No,Yes,47,Yes,No phone service,DSL,Yes,No internet service,No,Yes,No,Yes,Month-to-month,Yes,Bank transfer (automatic),18.0,879.97,No
Male,0,Yes,Yes,17,Yes,Yes,Fiber optic,No,No internet service,Yes,No internet service,Yes,Yes,Month-to-month,Yes,Credit card (automatic),41.08,695.56,Yes
Female,1,No,No,14,Yes,Yes,Fiber optic,Yes,No,No internet service,No internet service,No internet service,Yes,Month-to-month,Yes,Mailed check,77.02,1033.85,No
Female,0,Yes,No,43,Yes,No,Fiber optic,No,No internet service,Yes,Yes,No internet service,Yes,Month-to-month,No,Electronic check,40.49,1719.66,No
Female,0,No,Yes,44,Yes,No,DSL,Yes,Yes,No internet service,Yes,Yes,Yes,Month-to-month,Yes,Mailed check,100.67,4349.69,No
Female,0,Yes,No,35,Yes,Yes,No,No,No,No internet service,No,No,No,Month-to-month,Yes,Mailed check,57.13,2079.2,No
Female,0,Yes,No,39,Yes,No,Fiber optic,No,No,Yes,No internet service,Yes,Yes,Month-to-month,Yes,Bank transfer (automatic),18.0,699.21,No
Male,0,Yes,Yes,50,Yes,Yes,Fiber optic,No,Yes,Yes,No,Yes,No,Month-to-month,Yes,Electronic check,50.75,2501.41,Yes
Male,0,No,Yes,29,Yes,No,Fiber optic,No internet service,No internet service,No,No internet service,Yes,Yes,Two year,Yes,Mailed check,105.2,3099.48,No
Male,1,No,No,25,Yes,No,DSL,No,No,Yes,No,No,No,Month-to-month,No,Bank transfer (automatic),18.0,363.99,Yes
Male,0,No,Yes,30,Yes,No,DSL,No internet service,No,No,Yes,Yes,No internet service,Two year,Yes,Bank transfer (automatic),72.14,2231.56,No
Female,0,Yes,No,55,Yes,No,DSL,Yes,Yes,Yes,Yes,Yes,Yes,Month-to-month,No,Credit card (automatic),75.89,4141.72,No
Female,0,Yes,No,60,Yes,Yes,Fiber optic,No,No,No,No,No,No,Two year,Yes,Credit card (automatic),59.09,3599.03,No
Male,0,No,No,16,Yes,No,DSL,No internet service,No,No,No internet service,No,Yes,Month-to-month,Yes,Credit card (automatic),53.37,854.21,No
Female,1,No,No,23,Yes,Yes,Fiber optic,No,No,No,Yes,Yes,No internet service,Two year,Yes,Mailed check,61.48,1308.72,No
Female,0,Yes,No,3,Yes,Yes,Fiber optic,No,Yes,No,No,No,No,Month-to-month,Yes,Mailed check,58.66,121.32,Yes
Male,0,Yes,No,8,Yes,No,Fiber optic,No,No,Yes,No internet service,No,Yes,One year,No,Mailed check,86.56,686.18,No
Male,0,No,No,1,Yes,Yes,Fiber optic,Yes,No,No internet service,No,No,No,Month-to-month,No,Bank transfer (automatic),66.18,69.39,Yes
Female,0,Yes,No,34,Yes,No,DSL,Yes,No,Yes,No,No internet service,No internet service,One year,Yes,Mailed check,106.27,3601.69,No
Female,0,No,No,37,Yes,No,No,Yes,No,Yes,No,No,No,Month-to-month,No,Bank transfer (automatic),69.03,2568.79,No
Male,0,No,No,44,Yes,Yes,Fiber optic,Yes,Yes,No,No,No,Yes,One year,No,Electronic check,68.51,2910.67,Yes
Male,0,No,No,14,Yes,Yes,Fiber optic,Yes,No internet service,No internet service,No internet service,Yes,Yes,One year,No,Mailed check,90.01,1276.04,No
Male,0,No,No,41,Yes,No phone service,Fiber optic,Yes,No,Yes,No internet service,Yes,No,Two year,Yes,Electronic check,20.41,767.66,No
Female,0,Yes,Yes,2,No,Yes,Fiber optic,No,Yes,No,No internet service,No internet service,No,One year,Yes,Credit card (automatic),59.62,171.43,Yes
Male,0,No,Yes,30,Yes,No,Fiber optic,Yes,Yes,No,No,No internet service,No,Month-to-month,Yes,Electronic check,53.56,1527.18,Yes
Male,0,No,No,51,No,Yes,Fiber optic,No,Yes,Yes,Yes,Yes,No internet service,Month-to-month,Yes,Electronic check,40.87,2167.21,No
Female,0,Yes,No,40,Yes,Yes,No,Yes,Yes,No internet service,Yes,No internet service,Yes,One year,No,Bank transfer (automatic),56.73,2243.97,No
Female,0,No,No,56,Yes,No,Fiber optic,Yes,No,No,Yes,No,Yes,Month-to-month,No,Bank transfer (automatic),120.0,6684.82,No
Female,0,Yes,No,41,Yes,No,No,No internet service,No,Yes,No,No,Yes,Two year,Yes,Bank transfer (automatic),37.85,1622.61,No
Female,0,No,Yes,52,Yes,No,Fiber optic,Yes,Yes,Yes,No,Yes,No,Month-to-month,No,Bank transfer (automatic),51.08,2681.04,Yes
Female,0,Yes,No,55,Yes,No,Fiber optic,No internet service,No internet service,Yes,No internet service,No,Yes,Month-to-month,No,Credit card (automatic),120.0,6653.13,Yes
Male,1,No,Yes,71,Yes,No,DSL,No,No internet service,No internet service,Yes,No internet service,No,One year,No,Electronic check,71.08,5047.06,No
Male,0,Yes,No,52,Yes,No,Fiber optic,No internet service,No,No,Yes,Yes,No internet service,Month-to-month,No,Credit card (automatic),102.32,5335.31,Yes
Female,0,Yes,No,31,Yes,No,DSL,No internet service,Yes,No internet service,No,Yes,No internet service,One year,No,Credit card (automatic),90.78,2849.24,Yes
Female,0,No,No,53,Yes,Yes,Fiber optic,No internet service,No internet service,No,No internet service,No,Yes,Month-to-month,Yes,Bank transfer (automatic),60.12,3175.95,Yes
Female,0,No,No,36,No,No,DSL,Yes,Yes,Yes,Yes,Yes,No internet service,Month-to-month,No,Electronic check,93.59,3454.74,Yes
Female,0,Yes,Yes,7,Yes,Yes,Fiber optic,No internet service,Yes,No,Yes,Yes,No internet service,Two year,Yes,Electronic check,87.11,550.97,No
Female,1,Yes,No,10,Yes,No,DSL,No,No,No,No,Yes,No internet service,Month-to-month,Yes,Credit card (automatic),114.08,1133.01,No
Male,0,Yes,Yes,53,No,No,No,No,Yes,Yes,No,No internet service,No internet service,One year,Yes,Bank transfer (automatic),58.09,3143.2,No
Male,1,No,Yes,59,Yes,No phone service,Fiber optic,Yes,Yes,Yes,No internet service,No,Yes,Month-to-month,No,Credit card (automatic),39.03,2215.24,Yes
Male,0,No,Yes,9,Yes,No,No,Yes,No,Yes,No,Yes,No,One year,Yes,Electronic check,75.73,657.49,No
Male,0,No,No,69,Yes,No,Fiber optic,No,No internet service,No,No internet service,Yes,No,Month-to-month,No,Bank transfer (automatic),68.32,4613.87,Yes
Female,0,No,Yes,41,Yes,No,No,No,No internet service,Yes,No internet service,Yes,Yes,Month-to-month,Yes,Credit card (automatic),40.67,1647.66,No
Male,0,No,No,36,No,No,DSL,No,No,No internet service,Yes,No,Yes,Month-to-month,Yes,Electronic check,85.29,3067.21,No
Female,0,Yes,No,57,Yes,Yes,Fiber optic,Yes,No,No,No,Yes,No internet service,Month-to-month,Yes,Mailed check,79.82,4495.68,No
Female,1,Yes,No,58,Yes,Yes,Fiber optic,Yes,Yes,Yes,No,No,No internet service,Two year,Yes,Bank transfer (automatic),55.14,3196.23,No
Female,1,No,Yes,23,Yes,No,DSL,Yes,Yes,No,No,No internet service,Yes,Month-to-month,Yes,Electronic check,82.13,1837.66,No
Male,1,No,Yes,27,Yes,No,Fiber optic,Yes,No,No,Yes,No internet service,Yes,One year,Yes,Bank transfer (automatic),70.22,1916.89,No
Female,0,No,No,36,Yes,No,DSL,No,No,No,No internet service,No,No internet service,Month-to-month,Yes,Electronic check,53.86,1958.69,No
Male,0,No,No,20,Yes,No,Fiber optic,No,No,Yes,Yes,No,No,Month-to-month,No,Bank transfer (automatic),82.94,1686.31,No
Male,0,No,Yes,32,Yes,Yes,DSL,No,Yes,Yes,No internet service,No,No,Month-to-month,Yes,Mailed check,60.89,1943.32,No
Female,0,No,No,1,Yes,No,DSL,Yes,No,No,No,Yes,Yes,Month-to-month,No,Credit card (automatic),80.44,36.23,Yes
Female,0,Yes,No,27,Yes,No phone service,DSL,No internet service,No,Yes,No,No,Yes,Month-to-month,Yes,Credit card (automatic),104.04,2747.77,No
Female,0,Yes,No,14,Yes,Yes,No,Yes,No internet service,No,No,No internet service,No,Month-to-month,Yes,Credit card (automatic),40.83,582.35,No
Male,0,No,No,0,Yes,No,Fiber optic,No,No,Yes,No internet service,No internet service,Yes,One year,No,Mailed check,91.52,0.0,No
Female,0,No,No,27,Yes,Yes,No,Yes,Yes,No,No,No,No internet service,Month-to-month,No,Bank transfer (automatic),63.83,1790.26,No
Male,0,Yes,No,49,Yes,No phone service,No,No,No,No,Yes,Yes,Yes,Month-to-month,Yes,Bank transfer (automatic),61.8,3034.47,No
Female,0,Yes,No,34,Yes,No,Fiber optic,Yes,Yes,Yes,No,Yes,No internet service,Month-to-month,Yes,Electronic check,94.9,3151.27,No
Female,0,Yes,No,27,Yes,Yes,Fiber optic,No,Yes,Yes,No,No,No internet service,One year,No,Electronic check,76.74,2045.69,No
Male,0,Yes,No,8,Yes,Yes,No,No,Yes,No,Yes,No,No,Month-to-month,Yes,Bank transfer (automatic),39.01,335.39,No
Male,0,No,No,23,Yes,No,Fiber optic,No,Yes,No,No,Yes,Yes,Two year,Yes,Mailed check,77.32,1829.93,No
Male,0,Yes,No,62,Yes,No,No,Yes,No,No,No,Yes,No,Month-to-month,Yes,Mailed check,71.62,4452.35,No
Male,0,No,Yes,3,Yes,No,Fiber optic,No,No internet service,No,No,Yes,No,Month-to-month,No,Credit card (automatic),76.33,170.67,Yes
Male,0,Yes,Yes,55,Yes,No,Fiber optic,No internet service,No,No,Yes,Yes,Yes,Month-to-month,No,Credit card (automatic),60.95,3412.03,Yes
Male,0,No,No,40,Yes,No,DSL,Yes,No,No internet service,No internet service,No internet service,Yes,Month-to-month,Yes,Credit card (automatic),56.85,2267.06,No
Female,0,Yes,No,66,No,No,DSL,No,No,No,No,Yes,Yes,One year,Yes,Bank transfer (automatic),56.71,3808.49,No
Female,0,No,No,47,Yes,No phone service,Fiber optic,Yes,No,No,No,Yes,No,Month-to-month,Yes,Electronic check,18.0,868.91,No
Male,0,No,No,57,Yes,Yes,DSL,No,Yes,No,Yes,No,Yes,Month-to-month,Yes,Bank transfer (automatic),87.65,5015.26,Yes
Female,0,No,No,38,Yes,No,DSL,No,Yes,No,No internet service,No,Yes,Month-to-month,Yes,Bank transfer (automatic),47.91,1819.12,Yes
Male,0,Yes,Yes,24,Yes,Yes,DSL,No,No internet service,No,No,No,Yes,Month-to-month,Yes,Mailed check,54.79,1336.15,Yes
Female,0,Yes,No,59,No,Yes,Fiber optic,No,No,Yes,No internet service,No internet service,Yes,Two year,Yes,Mailed check,63.45,3807.99,No
Female,0,Yes,No,46,No,No,Fiber optic,No internet service,Yes,No,No,Yes,Yes,Two year,No,Electronic check,107.05,4895.85,No
Male,0,Yes,No,60,Yes,No,No,No internet service,No,Yes,Yes,No internet service,No internet service,Month-to-month,No,Electronic check,18.0,1129.55,Yes
Male,0,No,No,26,Yes,Yes,No,No internet service,No,No,No,No internet service,No internet service,Month-to-month,No,Bank transfer (automatic),42.99,1114.68,Yes
Male,0,No,Yes,41,Yes,No,No,No,No internet service,No internet service,No,No,Yes,Two year,Yes,Bank transfer (automatic),72.29,2981.1,No
Female,0,No,No,51,Yes,Yes,Fiber optic,No,Yes,No,No,No internet service,Yes,One year,No,Bank transfer (automatic),18.0,979.88,No
Male,0,No,No,47,Yes,No,Fiber optic,Yes,No,No internet service,No internet service,Yes,No,Two year,No,Bank transfer (automatic),60.74,2826.89,Yes
Female,0,Yes,Yes,31,No,Yes,No,No,No internet service,No,No,Yes,Yes,Month-to-month,Yes,Mailed check,51.09,1648.39,No
Male,1,Yes,No,23,Yes,Yes,DSL,No,No internet service,No internet service,Yes,No,No,Month-to-month,Yes,Credit card (automatic),50.92,1202.6,No
Female,0,Yes,No,2,No,Yes,DSL,No internet service,No,Yes,Yes,No internet service,No internet service,One year,No,Credit card (automatic),61.87,153.97,No
Female,0,No,No,26,Yes,No,DSL,No,No,Yes,No internet service,Yes,No,Month-to-month,No,Credit card (automatic),75.65,2028.79,No
Male,0,No,No,72,Yes,No phone service,No,No,No internet service,No,No,No,No,One year,No,Electronic check,28.53,2078.29,No
Female,0,Yes,No,39,Yes,No,Fiber optic,No,No,No internet service,No,No internet service,No,Month-to-month,No,Electronic check,80.94,3193.37,Yes
Female,0,Yes,No,22,Yes,No,Fiber optic,Yes,No internet service,No,Yes,Yes,Yes,One year,Yes,Electronic check,54.9,1282.51,No
Male,0,No,Yes,6,Yes,No,No,Yes,No,No,No,Yes,Yes,Month-to-month,Yes,Electronic check,105.85,657.26,Yes
Female,0,No,No,36,Yes,No,Fiber optic,No,No internet service,No,No,No,Yes,Month-to-month,Yes,Mailed check,91.86,3121.53,Yes
Male,1,No,Yes,6,Yes,No phone service,No,Yes,No internet service,No internet service,No,No,No internet service,One year,No,Bank transfer (automatic),57.94,320.34,No
Male,0,Yes,No,21,Yes,No phone service,DSL,No,No,No,No internet service,Yes,Yes,One year,No,Electronic check,90.67,1951.08,No
Male,0,Yes,No,16,Yes,No,Fiber optic,Yes,Yes,No,No,No internet service,No internet service,One year,Yes,Credit card (automatic),26.7,405.49,No
Male,1,No,No,18,Yes,No,Fiber optic,No,Yes,Yes,No internet service,No,No,Two year,Yes,Electronic check,29.8,484.33,Yes
Female,0,No,No,38,Yes,Yes,DSL,No,No internet service,No internet service,Yes,Yes,No,One year,Yes,Credit card (automatic),105.96,3984.45,No
Female,0,Yes,Yes,35,Yes,Yes,DSL,No,Yes,Yes,No internet service,No internet service,No,One year,Yes,Bank transfer (automatic),50.68,1806.62,No
Female,0,No,No,14,Yes,No,DSL,No internet service,No internet service,No,No,No,Yes,One year,No,Mailed check,92.86,1242.69,No
Male,0,No,No,62,Yes,Yes,Fiber optic,No,Yes,Yes,No,No,No internet service,Month-to-month,Yes,Mailed check,54.17,3376.16,No
Female,0,Yes,No,28,No,Yes,DSL,No,No internet service,Yes,No,No,No,Two year,Yes,Electronic check,81.96,2280.48,No
Female,1,Yes,No,59,Yes,No,Fiber optic,Yes,No internet service,Yes,No,No,No internet service,Month-to-month,Yes,Electronic check,50.23,3012.67,No
Male,0,Yes,No,55,Yes,No,No,No internet service,No internet service,Yes,No,Yes,No,One year,Yes,Credit card (automatic),25.77,1450.91,No
Male,0,Yes,No,39,Yes,No,DSL,No internet service,Yes,No,Yes,Yes,Yes,Month-to-month,Yes,Electronic check,87.33,3417.88,No
Female,1,No,No,15,Yes,Yes,Fiber optic,No,No internet service,No internet service,No,No internet service,Yes,Month-to-month,Yes,Mailed check,107.49,1583.95,Yes
Male,0,Yes,No,32,Yes,No,DSL,Yes,No,No internet service,No,No,Yes,Month-to-month,Yes,Electronic check,18.0,572.65,No
Male,0,No,No,15,Yes,No,No,Yes,Yes,Yes,No,Yes,No internet service,One year,No,Credit card (automatic),69.11,988.91,No
Male,0,No,No,29,No,No phone service,DSL,No,No internet service,Yes,No internet service,No,Yes,Month-to-month,No,Bank transfer (automatic),59.3,1692.77,No
Male,1,Yes,No,65,Yes,Yes,Fiber optic,Yes,Yes,No,Yes,Yes,No,Month-to-month,No,Mailed check,90.62,5947.63,Yes
Female,0,Yes,Yes,43,Yes,No,No,No,Yes,Yes,No internet service,No internet service,Yes,One year,No,Mailed check,79.39,3360.03,No
Male,0,No,Yes,37,Yes,Yes,No,No,No,No internet service,No,Yes,No,Month-to-month,No,Bank transfer (automatic),72.21,2597.9,Yes
Male,0,No,No,50,Yes,Yes,Fiber optic,Yes,No,No internet service,Yes,Yes,No,Month-to-month,No,Bank transfer (automatic),24.28,1200.03,No
Male,0,No,Yes,59,Yes,Yes,Fiber optic,No internet service,No internet service,No internet service,No internet service,No,No internet service,Month-to-month,Yes,Mailed check,81.89,4828.15,Yes
Male,1,Yes,Yes,17,Yes,Yes,Fiber optic,No internet service,Yes,No,No,No internet service,Yes,One year,Yes,Credit card (automatic),57.13,945.95,No
Male,0,Yes,No,4,Yes,No,Fiber optic,No internet service,Yes,No internet service,No,No,No internet service,Month-to-month,Yes,Credit card (automatic),41.73,149.34,No
Male,0,No,Yes,39,Yes,No,DSL,Yes,No internet service,No,No,No internet service,No internet service,Two year,Yes,Electronic check,74.22,2864.57,No
Male,1,No,No,5,Yes,Yes,No,No,Yes,No internet service,No,No,No,Month-to-month,No,Credit card (automatic),54.29,329.82,No
Male,0,Yes,No,11,Yes,No,No,Yes,Yes,No internet service,Yes,No,No internet service,Month-to-month,No,Mailed check,97.84,1141.39,No
Female,0,No,No,11,Yes,Yes,Fiber optic,No,No internet service,Yes,No internet service,No,No,Month-to-month,Yes,Electronic check,61.3,592.65,Yes
Male,0,Yes,Yes,72,Yes,No,Fiber optic,No internet service,No,No internet service,Yes,No,No internet service,Two year,No,Credit card (automatic),87.59,6338.2,Yes
Female,0,No,No,21,Yes,Yes,DSL,No,Yes,Yes,No internet service,Yes,Yes,Month-to-month,Yes,Bank transfer (automatic),91.99,1788.31,No
Male,0,No,No,48,Yes,Yes,DSL,No,No internet service,No,No,No,Yes,Month-to-month,No,Credit card (automatic),76.78,3743.98,No
Male,1,Yes,No,49,Yes,Yes,Fiber optic,No,No internet service,Yes,No internet service,No internet service,No,Two year,No,Electronic check,18.0,890.28,No
Male,0,No,No,3,Yes,No,DSL,Yes,No internet service,Yes,Yes,No,No internet service,Month-to-month,No,Bank transfer (automatic),53.45,146.24,Yes
Male,0,Yes,Yes,49,Yes,Yes,No,Yes,Yes,No,No,Yes,No,Month-to-month,Yes,Electronic check,28.85,1343.43,Yes
Female,0,Yes,No,2,Yes,No,No,No,Yes,No internet service,No,Yes,No internet service,One year,Yes,Electronic check,23.86,79.29,No
Male,0,Yes,Yes,15,Yes,Yes,Fiber optic,No,No,Yes,No internet service,No,No internet service,One year,Yes,Bank transfer (automatic),18.0,191.16,No
Male,0,Yes,No,13,Yes,No,No,No internet service,No,No,Yes,Yes,No,One year,Yes,Electronic check,36.81,550.1,No
Female,0,Yes,No,63,Yes,Yes,DSL,No internet service,No,No,No internet service,Yes,No,One year,Yes,Mailed check,61.16,3867.55,No
Female,1,No,No,40,Yes,Yes,No,Yes,No internet service,No internet service,Yes,No,Yes,One year,No,Electronic check,68.36,2756.74,No
Male,0,No,No,67,Yes,No,DSL,Yes,Yes,No,No,No,No,Two year,Yes,Mailed check,70.26,4684.63,No
Female,0,Yes,No,58,Yes,No phone service,Fiber optic,No,No,No internet service,Yes,No,No,One year,Yes,Bank transfer (automatic),81.89,4792.96,No
Female,0,No,No,1,Yes,No,Fiber optic,No internet service,No internet service,No internet service,Yes,Yes,No,Month-to-month,Yes,Electronic check,61.28,0.0,No
Female,1,No,No,9,Yes,No,Fiber optic,Yes,No,No internet service,No,Yes,No internet service,Month-to-month,Yes,Credit card (automatic),43.41,384.26,Yes
Male,0,No,No,25,No,Yes,Fiber optic,No internet service,No,No,Yes,No,Yes,One year,No,Electronic check,65.93,1570.62,No
Male,0,No,No,3,Yes,Yes,Fiber optic,Yes,No,Yes,No,No,No,One year,Yes,Mailed check,21.77,90.57,Yes
Male,0,Yes,No,27,No,No,Fiber optic,No internet service,Yes,No,Yes,No internet service,No,Month-to-month,No,Mailed check,55.82,1461.67,No
Female,1,Yes,No,1,No,No,DSL,No internet service,No,No,No internet service,Yes,Yes,Month-to-month,Yes,Credit card (automatic),96.53,102.32,No
Male,0,No,No,65,Yes,No,Fiber optic,No internet service,Yes,No internet service,No internet service,No internet service,No internet service,Month-to-month,No,Bank transfer (automatic),28.64,1835.57,Yes
Female,0,Yes,No,15,Yes,No,Fiber optic,No internet service,Yes,No,No,No,No internet service,Two year,Yes,Mailed check,53.24,823.69,No
Male,0,Yes,Yes,56,Yes,No,DSL,Yes,No internet service,No,No,No,No internet service,Month-to-month,No,Mailed check,56.33,3170.98,No
Male,0,Yes,No,22,No,No,DSL,No,Yes,Yes,No,No,No internet service,Month-to-month,Yes,Mailed check,89.43,1940.42,No
Female,0,Yes,Yes,22,Yes,Yes,DSL,No,No,No,No,No,No,One year,No,Electronic check,56.66,1253.43,No
Male,0,Yes,No,20,Yes,Yes,Fiber optic,No internet service,No internet service,No,No,Yes,No internet service,Two year,No,Electronic check,110.62,2162.03,No
Female,0,No,No,24,Yes,Yes,Fiber optic,No,Yes,Yes,No,Yes,Yes,One year,Yes,Electronic check,78.64,2003.13,Yes
Female,1,Yes,No,57,No,No,No,No,No,No,No,Yes,Yes,Two year,Yes,Electronic check,81.46,4664.32,No
Male,1,No,No,36,Yes,No,Fiber optic,No,No,Yes,Yes,No internet service,Yes,One year,No,Electronic check,54.45,1957.31,No
Female,0,No,No,48,Yes,No,DSL,Yes,No,No internet service,Yes,No internet service,No internet service,Two year,Yes,Credit card (automatic),18.0,744.59,No
Male,0,Yes,No,14,Yes,No,No,No internet service,Yes,Yes,No,Yes,Yes,Month-to-month,No,Mailed check,88.71,1270.48,Yes
Male,0,Yes,No,27,Yes,No phone service,No,Yes,Yes,No,No,No,No,Month-to-month,No,Credit card (automatic),32.87,795.68,No
Female,0,Yes,No,66,Yes,Yes,DSL,Yes,Yes,No,No internet service,No internet service,No,Two year,Yes,Mailed check,115.88,7627.7,No
Male,0,Yes,No,3,Yes,Yes,No,No,Yes,No internet service,No,No internet service,No,Month-to-month,Yes,Electronic check,91.77,252.28,No
Female,0,Yes,Yes,46,Yes,Yes,Fiber optic,No internet service,No,No internet service,Yes,No,No,Two year,No,Electronic check,40.81,1969.87,No
Male,0,Yes,No,49,Yes,No phone service,Fiber optic,No,No internet service,No,No,No,No,Month-to-month,Yes,Bank transfer (automatic),73.32,3606.81,Yes
Male,0,No,No,59,Yes,No,Fiber optic,No internet service,No,No,No,No,Yes,Month-to-month,Yes,Bank transfer (automatic),41.7,2404.34,No
Male,0,No,No,61,Yes,No,Fiber optic,Yes,Yes,No,No,Yes,Yes,Month-to-month,No,Credit card (automatic),111.76,6756.44,Yes
Male,0,Yes,No,66,Yes,No,No,No,No internet service,Yes,No,No,No,Month-to-month,Yes,Mailed check,120.0,7938.02,No
Male,0,Yes,No,71,Yes,Yes,DSL,No,No,Yes,Yes,Yes,Yes,Month-to-month,No,Credit card (automatic),25.95,1889.32,No
Female,0,No,No,42,Yes,Yes,DSL,Yes,No,No internet service,No internet service,No,No,Month-to-month,Yes,Bank transfer (automatic),37.36,1564.53,No
Female,1,No,No,57,Yes,No,Fiber optic,Yes,No,No,No internet service,Yes,No,Two year,Yes,Mailed check,92.77,5275.66,No
Female,0,No,No,51,No,Yes,DSL,Yes,No internet service,No internet service,Yes,No,Yes,Two year,Yes,Credit card (automatic),81.61,4163.65,No
Female,0,No,No,68,Yes,No phone service,Fiber optic,No,No,No internet service,No,No internet service,No,Month-to-month,Yes,Bank transfer (automatic),33.14,2315.37,Yes
Female,0,Yes,Yes,45,Yes,Yes,No,No internet service,No,Yes,Yes,No,No,Month-to-month,Yes,Electronic check,54.13,2460.93,No
Female,0,Yes,No,24,Yes,Yes,Fiber optic,No,No,Yes,Yes,No,No internet service,Month-to-month,No,Credit card (automatic),65.72,1577.42,Yes
Male,1,No,Yes,24,Yes,Yes,No,No,No,No,Yes,No,Yes,Month-to-month,No,Electronic check,53.71,1253.78,Yes
Male,0,Yes,Yes,34,Yes,No,Fiber optic,Yes,Yes,No internet service,No,No,No,One year,No,Credit card (automatic),48.26,1683.5,Yes
Female,0,No,Yes,60,Yes,Yes,DSL,Yes,No internet service,No internet service,No internet service,No,No,Month-to-month,Yes,Mailed check,18.82,1162.7,No
Female,0,No,Yes,14,Yes,Yes,No,Yes,Yes,No,No internet service,Yes,No,Month-to-month,Yes,Mailed check,115.1,1673.59,Yes
Male,0,No,No,34,Yes,Yes,DSL,No,No,No internet service,Yes,No internet service,No,One year,No,Mailed check,77.09,2667.15,No
Male,1,Yes,No,28,Yes,Yes,No,No,No,Yes,No,Yes,No internet service,Month-to-month,Yes,Mailed check,115.36,3251.83,No
Male,0,No,No,37,Yes,No,Fiber optic,Yes,Yes,No,Yes,No internet service,Yes,Month-to-month,Yes,Bank transfer (automatic),44.61,1661.96,Yes
Female,0,No,No,68,Yes,No phone service,No,No internet service,No internet service,Yes,No,No,No,One year,Yes,Electronic check,56.89,3830.98,No
Female,0,Yes,No,23,Yes,No,DSL,No,Yes,Yes,No,No,Yes,One year,Yes,Bank transfer (automatic),77.21,1795.53,No
Female,0,Yes,No,18,Yes,Yes,No,Yes,No,Yes,No internet service,Yes,No,One year,Yes,Credit card (automatic),31.56,543.03,No
Male,0,No,No,45,No,No,Fiber optic,No,No,Yes,No internet service,No,Yes,One year,No,Credit card (automatic),96.59,4267.86,No
Male,0,No,No,48,Yes,No,DSL,Yes,No,Yes,Yes,Yes,No,One year,No,Electronic check,40.13,2021.54,No
Female,0,Yes,No,43,Yes,Yes,No,No,Yes,Yes,No,No internet service,No,Month-to-month,Yes,Electronic check,77.77,3297.42,No
Female,0,Yes,Yes,72,No,No,No,Yes,Yes,No,No,Yes,No,Month-to-month,No,Bank transfer (automatic),64.29,4588.36,No
Male,1,No,Yes,25,Yes,Yes,Fiber optic,Yes,No internet service,Yes,No,Yes,Yes,One year,Yes,Mailed check,67.34,1691.25,Yes
Male,0,No,No,24,No,No,Fiber optic,No,No,No internet service,Yes,Yes,Yes,One year,Yes,Bank transfer (automatic),90.98,2193.36,No
Male,0,No,No,34,Yes,No,Fiber optic,No,No,Yes,Yes,No,No,Month-to-month,No,Bank transfer (automatic),18.0,621.48,Yes
Male,0,No,Yes,35,No,Yes,Fiber optic,Yes,No,No,No internet service,No,No,Month-to-month,Yes,Credit card (automatic),24.57,839.55,No
Female,0,Yes,Yes,13,Yes,No,No,No internet service,Yes,Yes,Yes,Yes,No,One year,Yes,Bank transfer (automatic),68.56,916.85,No
Male,0,No,Yes,55,Yes,No,Fiber optic,Yes,No internet service,No,No internet service,No internet service,No internet service,Month-to-month,No,Electronic check,69.81,3896.72,No
Male,0,Yes,No,5,Yes,No,DSL,No,No internet service,No,Yes,Yes,No,Month-to-month,No,Mailed check,44.6,179.11,No
Male,0,No,No,31,No,Yes,DSL,Yes,No internet service,No,No,No,No internet service,Month-to-month,No,Credit card (automatic),58.83,1763.56,No
Female,0,No,No,25,Yes,No,Fiber optic,Yes,No internet service,No,No,Yes,No,Month-to-month,Yes,Electronic check,18.0,341.84,No
Female,0,Yes,Yes,14,Yes,No,Fiber optic,Yes,No,Yes,Yes,Yes,Yes,Month-to-month,Yes,Credit card (automatic),86.88,1194.95,Yes
Male,0,Yes,No,48,No,No,Fiber optic,Yes,No,No internet service,No internet service,Yes,Yes,Month-to-month,Yes,Bank transfer (automatic),96.15,4619.63,No
Male,0,No,Yes,55,Yes,No phone service,DSL,No internet service,No,No internet service,No,Yes,No,One year,Yes,Bank transfer (automatic),68.4,3779.56,No
Male,0,Yes,No,36,Yes,Yes,DSL,Yes,No internet service,Yes,Yes,No internet service,No internet service,Month-to-month,No,Electronic check,40.18,1418.3,No
Female,1,Yes,Yes,52,Yes,No,Fiber optic,No,No internet service,No internet service,No internet service,No,No,One year,No,Electronic check,68.43,3626.53,Yes
Female,1,No,No,57,No,No,Fiber optic,No,No,No,No internet service,No,Yes,One year,Yes,Credit card (automatic),71.62,4123.18,No
Female,0,Yes,No,35,Yes,Yes,DSL,No,No,No,Yes,Yes,Yes,Month-to-month,No,Mailed check,34.57,1219.33,No
Male,0,No,No,10,Yes,No phone service,No,Yes,No internet service,No,No internet service,No,No,Month-to-month,Yes,Credit card (automatic),104.59,1030.5,Yes
Female,0,Yes,No,26,No,Yes,Fiber optic,No,No,No internet service,No internet service,No,Yes,One year,No,Bank transfer (automatic),117.0,2983.91,No
Male,0,No,No,1,Yes,No,Fiber optic,Yes,No internet service,Yes,Yes,Yes,Yes,Month-to-month,Yes,Electronic check,82.68,42.13,Yes
Male,1,Yes,Yes,21,Yes,No,Fiber optic,No internet service,No,Yes,Yes,Yes,No internet service,Month-to-month,Yes,Electronic check,18.0,337.67,No
Male,0,Yes,No,65,Yes,No,Fiber optic,No,No,Yes,No,No,Yes,Month-to-month,Yes,Credit card (automatic),64.94,4233.68,Yes
Female,0,No,No,16,Yes,No,DSL,No,No,No internet service,No internet service,Yes,No internet service,Month-to-month,No,Electronic check,69.15,1122.38,No
Male,0,No,No,3,Yes,No phone service,No,No internet service,Yes,Yes,No,No,Yes,Two year,Yes,Electronic check,120.0,281.7,No
Female,0,Yes,No,13,Yes,No phone service,DSL,No internet service,Yes,No,No,No internet service,Yes,One year,Yes,Bank transfer (automatic),69.49,925.48,No
Female,0,Yes,No,6,Yes,No,Fiber optic,No internet service,Yes,No,Yes,No,No internet service,Month-to-month,Yes,Mailed check,18.0,124.76,No
Male,0,No,No,15,Yes,Yes,Fiber optic,No,Yes,No,No internet service,No,Yes,Two year,Yes,Electronic check,47.9,737.6,No
Male,0,No,Yes,65,Yes,No,DSL,Yes,No,No,Yes,No internet service,Yes,Month-to-month,Yes,Electronic check,58.16,3777.45,No
Female,0,No,No,18,No,No,No,No internet service,No,Yes,Yes,No,No,One year,No,Credit card (automatic),78.99,1397.09,Yes
Male,0,No,Yes,0,Yes,Yes,DSL,Yes,Yes,Yes,No,Yes,No internet service,Two year,Yes,Mailed check,63.12,69.41,No
Female,0,No,No,30,Yes,No phone service,Fiber optic,No internet service,Yes,Yes,No,Yes,No,Two year,No,Bank transfer (automatic),52.82,1527.34,No
Male,0,Yes,No,3,Yes,No,Fiber optic,No,No,Yes,Yes,Yes,No internet service,Month-to-month,No,Electronic check,18.0,0.0,Yes
Female,0,No,Yes,57,No,No,No,No internet service,No,No,Yes,No,No internet service,One year,Yes,Mailed check,42.97,2408.0,Yes
Female,0,No,No,55,Yes,No,DSL,No,Yes,Yes,Yes,Yes,Yes,Month-to-month,Yes,Mailed check,54.46,3051.94,Yes
Female,1,Yes,No,52,Yes,No phone service,Fiber optic,Yes,No,Yes,Yes,No,Yes,Month-to-month,No,Credit card (automatic),58.49,3048.74,Yes
Female,1,Yes,No,42,Yes,Yes,DSL,No,Yes,Yes,No internet service,No internet service,Yes,Month-to-month,Yes,Bank transfer (automatic),112.58,4682.4,No
Male,1,Yes,Yes,48,No,Yes,Fiber optic,No internet service,No,No,Yes,No internet service,No internet service,Two year,Yes,Mailed check,84.08,4065.32,No
Male,0,Yes,No,59,Yes,No,Fiber optic,No internet service,Yes,Yes,No internet service,No,No,Month-to-month,No,Bank transfer (automatic),36.95,2187.87,Yes
Female,0,Yes,No,15,No,No,DSL,No internet service,Yes,Yes,No internet service,No internet service,No internet service,Month-to-month,No,Mailed check,81.59,1228.92,No
Female,0,No,No,72,Yes,No,DSL,No,Yes,No internet service,No,Yes,Yes,Month-to-month,No,Electronic check,26.03,1818.76,Yes
Male,1,No,No,59,Yes,No,DSL,Yes,No,Yes,No,Yes,No,Month-to-month,No,Bank transfer (automatic),29.67,1785.26,No
Male,1,No,Yes,46,No,Yes,No,No internet service,No,Yes,No,No internet service,Yes,Month-to-month,Yes,Credit card (automatic),43.16,1946.91,No
Male,1,Yes,No,14,Yes,No,No,Yes,Yes,No,No,No,No internet service,Two year,Yes,Mailed check,61.52,926.8,No
Male,0,Yes,No,62,Yes,Yes,Fiber optic,Yes,No,No,No internet service,Yes,Yes,Month-to-month,No,Electronic check,85.8,5250.17,Yes
Male,1,No,No,27,Yes,No,No,No,No internet service,No internet service,No,No,No internet service,Month-to-month,Yes,Mailed check,77.79,2115.4,Yes
Male,0,Yes,Yes,19,Yes,No,Fiber optic,No,Yes,No internet service,Yes,No internet service,Yes,One year,Yes,Electronic check,82.26,1502.08,No
Female,0,No,No,62,Yes,No phone service,Fiber optic,Yes,No,No,Yes,No internet service,No internet service,One year,No,Bank transfer (automatic),96.76,5929.73,No
Male,0,No,No,32,Yes,Yes,Fiber optic,Yes,No,Yes,No,No,No,One year,Yes,Credit card (automatic),90.57,2920.69,Yes
Male,0,Yes,No,35,Yes,Yes,No,No internet service,Yes,No,Yes,Yes,No,One year,Yes,Electronic check,48.59,1654.93,No
Female,0,Yes,No,12,Yes,Yes,DSL,No internet service,No,Yes,No internet service,Yes,Yes,Month-to-month,No,Mailed check,43.79,503.87,No
Male,0,Yes,No,61,Yes,Yes,DSL,Yes,No,No internet service,No,No internet service,Yes,One year,No,Electronic check,84.32,5089.42,No
Male,0,No,No,67,Yes,Yes,No,No,No,No,Yes,No,Yes,Month-to-month,Yes,Electronic check,97.7,6620.58,No
Male,0,No,Yes,22,No,No,No,No,No internet service,No,No,No,Yes,One year,Yes,Credit card (automatic),81.4,1761.3,No
Male,1,No,No,71,Yes,Yes,DSL,No,No,No,No,Yes,No,Two year,Yes,Bank transfer (automatic),93.19,6655.91,No
Male,0,Yes,No,12,Yes,No,Fiber optic,No internet service,No,No,Yes,No,Yes,Two year,Yes,Electronic check,76.04,876.96,No
Female,0,No,No,39,Yes,Yes,DSL,No,No,No,Yes,No,No,Two year,Yes,Electronic check,105.55,4035.16,No
Male,0,Yes,Yes,29,Yes,No,DSL,No,No internet service,Yes,Yes,No,Yes,Month-to-month,Yes,Mailed check,47.47,1373.99,No
Female,1,Yes,No,24,Yes,Yes,DSL,No,No,No,No,Yes,No internet service,Month-to-month,No,Mailed check,93.7,2290.73,No
Female,0,No,No,72,Yes,No phone service,Fiber optic,No,No,No internet service,No,No,No internet service,Two year,Yes,Bank transfer (automatic),61.16,4393.66,No
Male,0,No,Yes,25,Yes,No,Fiber optic,No,No,Yes,No internet service,No,No internet service,One year,No,Bank transfer (automatic),28.19,689.81,No
Female,0,Yes,No,23,Yes,Yes,DSL,No,No,No internet service,No,No internet service,No,Month-to-month,Yes,Bank transfer (automatic),55.45,1284.99,No
Male,0,Yes,No,38,Yes,No,DSL,No internet service,No,No internet service,No,Yes,Yes,One year,No,Mailed check,82.29,3161.86,No
Female,0,Yes,Yes,60,Yes,No phone service,Fiber optic,No,No internet service,No internet service,Yes,No internet service,No,Month-to-month,Yes,Electronic check,104.65,6288.3,Yes
Female,1,Yes,No,48,Yes,No,DSL,No,No internet service,No internet service,Yes,Yes,No,One year,Yes,Bank transfer (automatic),66.2,3133.3,No
Male,0,Yes,No,40,Yes,Yes,DSL,Yes,No,No internet service,No,No,Yes,Two year,Yes,Mailed check,52.26,2054.0,No
Male,0,No,No,69,No,No,No,Yes,No internet service,Yes,No internet service,Yes,No,Month-to-month,No,Mailed check,83.64,5798.72,No
Male,1,No,Yes,19,Yes,No,Fiber optic,No internet service,No internet service,No,No,No internet service,Yes,Month-to-month,No,Bank transfer (automatic),18.0,298.26,Yes
Male,1,No,No,43,Yes,No phone service,Fiber optic,No,No internet service,No,Yes,No,No internet service,Month-to-month,No,Mailed check,68.83,2945.76,No
Male,0,No,No,15,Yes,No,Fiber optic,No,Yes,Yes,No internet service,No,Yes,Two year,No,Electronic check,18.0,314.46,Yes
Female,1,No,No,20,Yes,Yes,DSL,No,Yes,No internet service,No,No,No internet service,Month-to-month,Yes,Credit card (automatic),22.82,464.47,Yes
Female,0,No,No,14,Yes,No,Fiber optic,No internet service,No,No,Yes,No,No,One year,Yes,Mailed check,30.11,415.62,No
Female,0,No,No,38,Yes,No phone service,No,Yes,No,No,No,Yes,Yes,One year,Yes,Mailed check,76.18,2830.93,No
Female,0,Yes,Yes,41,Yes,No,DSL,No,Yes,No internet service,No,No internet service,No,Month-to-month,Yes,Credit card (automatic),52.2,2061.55,No
Female,0,No,No,60,Yes,Yes,No,No,No,Yes,No internet service,No,Yes,Month-to-month,No,Electronic check,34.73,2103.61,Yes
Female,0,No,No,3,Yes,No,Fiber optic,Yes,No,Yes,No internet service,No,No,One year,No,Bank transfer (automatic),86.82,263.68,Yes
Female,0,No,No,23,Yes,Yes,No,Yes,No,Yes,Yes,Yes,Yes,Two year,Yes,Mailed check,39.03,831.31,No
Male,0,No,No,2,Yes,No phone service,No,No,No,Yes,No,No,No internet service,Month-to-month,No,Electronic check,73.67,196.89,Yes
Male,0,Yes,No,0,Yes,No,No,No,Yes,Yes,No,Yes,No internet service,Month-to-month,Yes,Bank transfer (automatic),67.12,0.0,Yes
Female,0,No,No,12,Yes,Yes,DSL,No internet service,No internet service,No,No,No,No,Month-to-month,Yes,Electronic check,53.24,601.47,Yes
Female,0,Yes,No,53,Yes,No phone service,DSL,No,No,Yes,Yes,Yes,No,One year,Yes,Credit card (automatic),61.77,3247.16,No
Male,0,No,No,39,Yes,No phone service,Fiber optic,No,Yes,No internet service,No,No,No,Month-to-month,Yes,Mailed check,87.45,3484.73,Yes
Male,0,Yes,Yes,10,Yes,Yes,Fiber optic,Yes,No,No internet service,No,No internet service,No internet service,Two year,Yes,Electronic check,22.41,247.29,No
Male,0,Yes,Yes,41,Yes,No,Fiber optic,Yes,Yes,Yes,Yes,No internet service,No,Month-to-month,Yes,Bank transfer (automatic),120.0,4929.4,No
Male,0,Yes,No,3,Yes,Yes,DSL,No,No,No internet service,No,Yes,No internet service,Month-to-month,Yes,Bank transfer (automatic),52.59,124.13,Yes
Female,0,No,No,24,Yes,Yes,Fiber optic,No internet service,No,No,Yes,Yes,Yes,Month-to-month,Yes,Bank transfer (automatic),74.86,1760.28,No
Male,0,Yes,No,35,No,No,DSL,No,Yes,Yes,Yes,Yes,No internet service,Two year,Yes,Credit card (automatic),25.11,829.01,No
Female,0,No,No,63,Yes,Yes,Fiber optic,No internet service,No,No internet service,No internet service,No,Yes,Month-to-month,Yes,Electronic check,120.0,7651.63,Yes
Female,1,Yes,No,43,Yes,No,Fiber optic,No,No,No internet service,No,No,Yes,Month-to-month,No,Electronic check,28.38,1170.22,Yes
Female,0,No,No,39,Yes,No phone service,No,Yes,Yes,No internet service,No,Yes,Yes,Month-to-month,No,Bank transfer (automatic),66.7,2541.6,Yes
Male,0,No,No,44,Yes,Yes,Fiber optic,Yes,No internet service,No,No,No,Yes,One year,No,Bank transfer (automatic),94.79,4153.35,No
Male,0,Yes,Yes,7,No,Yes,No,No internet service,No,No,Yes,No,No internet service,Month-to-month,Yes,Bank transfer (automatic),90.22,720.97,No
Female,1,Yes,No,34,Yes,Yes,No,No,No internet service,No,Yes,No internet service,Yes,One year,No,Credit card (automatic),89.88,3062.24,No
Female,0,No,No,43,Yes,No phone service,Fiber optic,No internet service,No,No,Yes,No,No internet service,Month-to-month,Yes,Credit card (automatic),57.53,2452.87,Yes
Female,0,No,No,17,Yes,No,DSL,No,No,No,No,Yes,No,Two year,No,Mailed check,120.0,1990.61,No
Male,0,No,Yes,46,Yes,No,DSL,No internet service,No internet service,Yes,Yes,Yes,No internet service,Two year,Yes,Mailed check,46.35,2174.12,No
Female,0,Yes,Yes,24,Yes,No,No,Yes,No,Yes,No,No,No,Month-to-month,Yes,Mailed check,65.67,1639.07,No
Male,0,No,No,40,Yes,Yes,Fiber optic,No,No,No internet service,Yes,No internet service,Yes,Two year,Yes,Bank transfer (automatic),53.25,2074.78,No
Female,0,No,No,4,Yes,Yes,Fiber optic,No,Yes,No,Yes,No,Yes,Month-to-month,Yes,Credit card (automatic),46.17,156.16,No
Female,0,Yes,No,63,No,Yes,DSL,No,Yes,Yes,No,No internet service,No internet service,One year,Yes,Credit card (automatic),98.28,6154.99,No
Female,0,Yes,No,61,Yes,No,DSL,No internet service,No,No internet service,No,Yes,No,Month-to-month,No,Mailed check,99.48,6037.47,Yes
Male,0,Yes,No,71,Yes,No,DSL,No internet service,No,No internet service,No internet service,No,Yes,Month-to-month,Yes,Bank transfer (automatic),72.44,5145.36,Yes
Male,0,No,No,2,Yes,Yes,DSL,Yes,No,No internet service,No,Yes,Yes,Month-to-month,No,Electronic check,92.57,142.27,Yes
Female,0,No,No,36,Yes,No,Fiber optic,No,No,Yes,No,Yes,No internet service,Month-to-month,Yes,Bank transfer (automatic),37.39,1336.28,Yes
Male,0,Yes,Yes,40,Yes,No,Fiber optic,No,No internet service,No,Yes,No internet service,No internet service,Month-to-month,No,Bank transfer (automatic),40.11,1567.21,No
Female,1,Yes,No,19,Yes,Yes,No,No,Yes,No internet service,No,No,Yes,One year,No,Mailed check,18.0,319.82,No
Male,1,Yes,No,66,Yes,Yes,Fiber optic,No,No,No,No,Yes,No,Month-to-month,Yes,Credit card (automatic),18.0,1194.87,Yes
Male,0,Yes,No,39,Yes,Yes,No,No internet service,No,No,Yes,No internet service,Yes,One year,Yes,Credit card (automatic),110.33,4332.16,No
Male,0,Yes,No,7,Yes,Yes,DSL,No,Yes,Yes,No,No,No internet service,One year,No,Electronic check,63.37,454.56,Yes
Female,0,No,Yes,4,Yes,No,Fiber optic,No,No,No,No,No,Yes,One year,Yes,Credit card (automatic),89.57,367.05,Yes
Male,0,Yes,No,24,Yes,Yes,DSL,Yes,No internet service,No,No,Yes,No internet service,One year,Yes,Credit card (automatic),73.03,1905.28,No
Male,0,Yes,No,38,No,No,No,No,Yes,No,No,No internet service,No,Month-to-month,Yes,Electronic check,91.76,3499.78,No
Female,1,No,No,36,Yes,Yes,DSL,No internet service,No,No internet service,Yes,No,No internet service,Month-to-month,Yes,Electronic check,86.37,3180.15,Yes
Female,0,No,No,4,No,No,No,No internet service,No,Yes,No internet service,No internet service,No internet service,Month-to-month,Yes,Mailed check,18.0,86.89,Yes
Female,0,No,No,7,No,No phone service,No,No,No,No,No,No internet service,Yes,Two year,Yes,Mailed check,97.58,653.46,No
Female,0,Yes,No,3,Yes,Yes,Fiber optic,No internet service,No internet service,No internet service,Yes,Yes,Yes,One year,No,Mailed check,81.81,307.57,No
Male,0,Yes,No,40,Yes,Yes,Fiber optic,Yes,No,No,No internet service,No,Yes,One year,No,Mailed check,18.0,776.7,No
Male,0,No,No,59,Yes,Yes,Fiber optic,Yes,Yes,Yes,No,Yes,No,Two year,Yes,Credit card (automatic),80.5,4766.59,Yes
Male,0,No,No,53,Yes,Yes,Fiber optic,No internet service,Yes,No,No internet service,No,Yes,Two year,Yes,Mailed check,18.0,978.69,No
Male,0,Yes,Yes,21,Yes,No,Fiber optic,No,Yes,Yes,Yes,No,No internet service,Month-to-month,Yes,Bank transfer (automatic),107.48,2246.17,No
Male,1,No,Yes,18,Yes,Yes,DSL,No,No,No,Yes,No,Yes,Month-to-month,Yes,Electronic check,86.44,1593.95,No
Female,0,No,No,67,Yes,Yes,No,No internet service,No,Yes,No,No,Yes,Two year,No,Mailed check,68.65,4613.81,No
Male,1,Yes,Yes,32,Yes,No phone service,DSL,No,No,No,No internet service,Yes,Yes,Two year,No,Electronic check,72.04,2307.11,No
Male,0,No,Yes,21,No,No,Fiber optic,No,No,No internet service,Yes,No,No,One year,No,Credit card (automatic),21.31,369.33,No
Male,0,No,No,64,Yes,Yes,DSL,Yes,Yes,No internet service,No,Yes,Yes,One year,No,Mailed check,82.6,5377.22,Yes
Female,0,Yes,Yes,10,Yes,No,No,No internet service,No,No internet service,Yes,Yes,No,One year,No,Bank transfer (automatic),55.36,638.24,No
Female,0,No,Yes,15,No,Yes,Fiber optic,No internet service,Yes,No,No internet service,Yes,Yes,Month-to-month,No,Electronic check,38.67,568.41,No
Male,1,No,No,67,Yes,Yes,Fiber optic,No,No,Yes,No,Yes,No internet service,Two year,No,Mailed check,43.65,2901.37,No
Female,0,No,No,43,Yes,Yes,DSL,No internet service,No internet service,No internet service,No internet service,No,Yes,One year,No,Bank transfer (automatic),23.34,996.7,No
Female,0,Yes,No,8,Yes,No,No,No,No,No,No,Yes,Yes,Month-to-month,No,Credit card (automatic),120.0,958.12,No
Female,0,Yes,No,71,Yes,No,DSL,Yes,Yes,No,No internet service,Yes,No,Month-to-month,No,Bank transfer (automatic),90.09,6439.51,Yes
Female,0,No,No,61,Yes,No,Fiber optic,Yes,No,Yes,No,Yes,Yes,Two year,Yes,Credit card (automatic),96.71,5787.3,No
Female,1,Yes,No,14,Yes,Yes,No,Yes,No,Yes,Yes,No internet service,No internet service,One year,No,Electronic check,28.0,407.23,No
Female,0,Yes,No,5,Yes,No,DSL,Yes,No,Yes,No internet service,No internet service,No,Month-to-month,No,Mailed check,18.0,11.48,Yes
Female,0,Yes,No,0,Yes,Yes,Fiber optic,No,No,No,Yes,No,No,Month-to-month,Yes,Bank transfer (automatic),57.2,0.0,Yes
Male,0,Yes,No,19,Yes,No,DSL,No,No,No internet service,No,No,No,One year,No,Bank transfer (automatic),57.65,1120.59,No
Male,1,No,No,35,Yes,Yes,Fiber optic,No internet service,Yes,No,No,No internet service,No,Month-to-month,Yes,Bank transfer (automatic),70.85,2479.91,No
Female,0,Yes,No,1,Yes,Yes,Fiber optic,Yes,Yes,No,Yes,Yes,Yes,Month-to-month,No,Credit card (automatic),120.0,146.59,Yes
Male,0,No,Yes,69,No,No,No,No,Yes,No,No,No,No,One year,No,Electronic check,37.58,2533.98,No
Male,0,Yes,No,1,Yes,Yes,DSL,No,Yes,Yes,Yes,Yes,No,One year,Yes,Electronic check,18.0,0.0,No
Female,0,No,Yes,2,Yes,No phone service,Fiber optic,Yes,No internet service,Yes,No internet service,No,Yes,Two year,No,Mailed check,29.91,79.83,No
Male,0,Yes,No,6,Yes,No,No,No internet service,No,No internet service,No,No internet service,No,Month-to-month,No,Mailed check,70.75,343.88,No
Female,0,No,No,63,Yes,Yes,No,No,No,No internet service,No,No internet service,No internet service,Month-to-month,No,Electronic check,113.9,7085.83,Yes
Female,0,No,No,40,Yes,No phone service,DSL,No internet service,No,No,No,No,Yes,Month-to-month,Yes,Electronic check,84.95,3393.45,Yes
Female,0,Yes,Yes,53,Yes,Yes,DSL,No internet service,No internet service,Yes,No,No internet service,Yes,Month-to-month,Yes,Electronic check,22.54,1115.97,Yes
Male,0,No,No,40,Yes,Yes,Fiber optic,No internet service,Yes,Yes,No,Yes,No internet service,Month-to-month,Yes,Bank transfer (automatic),114.77,4564.29,Yes
Male,0,Yes,Yes,4,No,No,Fiber optic,Yes,No,No internet service,No,No internet service,Yes,One year,Yes,Credit card (automatic),44.32,148.9,No
Male,0,No,No,62,No,No phone service,DSL,No internet service,No,Yes,No,No internet service,No,Month-to-month,Yes,Electronic check,18.0,1125.72,No
Male,1,No,No,0,Yes,Yes,No,Yes,No,No,Yes,No,No,Two year,No,Mailed check,67.43,13.03,No
Female,1,No,Yes,24,Yes,No,Fiber optic,No internet service,No,No,No,Yes,No internet service,Month-to-month,No,Credit card (automatic),56.85,1455.14,Yes
Female,0,No,No,45,No,Yes,DSL,No,Yes,No,Yes,No internet service,No internet service,One year,Yes,Bank transfer (automatic),120.0,5336.17,Yes
Male,0,Yes,Yes,14,Yes,No,Fiber optic,No,No internet service,Yes,No internet service,Yes,No,Two year,Yes,Credit card (automatic),25.75,256.7,No
Female,0,Yes,No,68,Yes,Yes,Fiber optic,No,No,Yes,No,Yes,No internet service,Month-to-month,No,Electronic check,112.59,7541.67,Yes
Female,0,Yes,Yes,16,Yes,Yes,Fiber optic,No,Yes,Yes,Yes,No,Yes,Month-to-month,Yes,Credit card (automatic),41.11,676.58,Yes
Male,0,No,Yes,20,Yes,Yes,Fiber optic,No internet service,No,No,Yes,Yes,No,One year,No,Mailed check,44.25,913.42,No
Female,0,No,Yes,52,Yes,No,DSL,No,No,No,Yes,Yes,No,One year,No,Credit card (automatic),44.88,2358.74,No
Male,0,Yes,Yes,54,No,No,Fiber optic,No,No internet service,No internet service,No internet service,No,No,One year,No,Electronic check,106.57,5816.95,No
Female,1,No,No,9,Yes,Yes,No,No,Yes,No,No internet service,Yes,No,Month-to-month,Yes,Credit card (automatic),20.27,124.96,No
Male,0,Yes,No,56,Yes,No,Fiber optic,No,No,No,Yes,No,Yes,One year,Yes,Credit card (automatic),40.34,2233.93,No
Female,0,Yes,No,64,Yes,No,Fiber optic,No,No,No internet service,No,Yes,Yes,One year,Yes,Credit card (automatic),65.76,4151.07,No
Female,0,No,Yes,36,Yes,Yes,No,Yes,Yes,No,No internet service,Yes,No internet service,Month-to-month,Yes,Mailed check,73.72,2518.19,No
Male,0,Yes,No,6,Yes,No,DSL,No,No,No internet service,No,No,Yes,Two year,No,Credit card (automatic),86.16,533.37,No
Male,0,No,No,39,Yes,Yes,Fiber optic,No,Yes,No,No,No,Yes,One year,Yes,Credit card (automatic),51.95,2056.55,No
Male,0,Yes,No,49,Yes,No,No,No,Yes,No,Yes,No,Yes,Month-to-month,Yes,Bank transfer (automatic),92.83,4512.23,No
Male,0,No,No,0,Yes,No,Fiber optic,No,No,No internet service,No internet service,No internet service,No internet service,Two year,No,Credit card (automatic),18.0,0.0,No
Female,0,Yes,No,19,Yes,Yes,No,No internet service,No,No,No internet service,No internet service,Yes,One year,Yes,Credit card (automatic),74.28,1401.25,No
Female,1,Yes,Yes,30,Yes,No,DSL,No internet service,Yes,Yes,No,No,No,Month-to-month,Yes,Bank transfer (automatic),79.46,2397.91,Yes
Male,0,No,No,67,Yes,No,Fiber optic,No internet service,No internet service,Yes,No,No,Yes,Month-to-month,No,Mailed check,38.35,2556.61,No
Female,0,No,No,11,Yes,No,No,Yes,No,No,Yes,No internet service,No,One year,Yes,Mailed check,83.34,892.37,No
Male,0,Yes,No,21,Yes,No,DSL,Yes,No,No,No,Yes,No internet service,One year,Yes,Bank transfer (automatic),37.87,850.93,No
Male,0,Yes,Yes,0,Yes,No,No,No,No,No internet service,Yes,No internet service,No,Two year,Yes,Bank transfer (automatic),60.33,8.06,No
Female,0,No,Yes,0,Yes,No,DSL,No internet service,No,Yes,No internet service,Yes,No,Month-to-month,Yes,Credit card (automatic),23.52,55.07,No
Female,0,Yes,No,2,Yes,No,No,No,No,Yes,No internet service,Yes,No,Month-to-month,Yes,Mailed check,76.82,189.24,Yes
Male,1,No,Yes,20,No,Yes,No,No,No,Yes,Yes,Yes,No,Month-to-month,Yes,Mailed check,91.2,1764.51,No
Male,1,No,Yes,12,Yes,No,Fiber optic,No,No,No internet service,No,No internet service,Yes,One year,Yes,Credit card (automatic),46.64,638.15,No
Male,0,Yes,No,60,Yes,Yes,Fiber optic,No,Yes,Yes,No,No internet service,No,Month-to-month,Yes,Electronic check,63.71,3795.03,No
Female,1,Yes,No,12,Yes,Yes,Fiber optic,No,Yes,No internet service,No internet service,No,No,Two year,Yes,Credit card (automatic),65.19,789.24,No
Female,0,No,No,32,Yes,No,No,No,Yes,No,Yes,No,No internet service,Month-to-month,No,Electronic check,52.59,1706.16,Yes
Female,0,Yes,Yes,5,Yes,No,Fiber optic,No,Yes,Yes,No,No,Yes,Month-to-month,No,Credit card (automatic),73.12,328.26,No
Female,0,No,No,24,Yes,Yes,No,No,Yes,Yes,No,Yes,No,Two year,No,Bank transfer (automatic),120.0,2879.67,No
Male,1,Yes,Yes,22,Yes,Yes,DSL,No,Yes,Yes,Yes,No internet service,Yes,Month-to-month,Yes,Credit card (automatic),107.12,2408.66,No
Male,0,No,No,25,Yes,Yes,Fiber optic,Yes,No,Yes,Yes,No,No internet service,Two year,Yes,Bank transfer (automatic),55.24,1411.95,No
Male,0,Yes,No,3,Yes,Yes,DSL,Yes,No,No internet service,No,No,No,Month-to-month,No,Electronic check,77.16,191.45,Yes
Male,0,No,No,34,Yes,No,DSL,No,No internet service,No,Yes,No,No,Month-to-month,No,Electronic check,58.43,1938.27,No
Male,0,Yes,No,24,Yes,No phone service,Fiber optic,No internet service,No,Yes,No,Yes,No internet service,One year,No,Bank transfer (automatic),47.82,1135.31,No
Male,0,Yes,No,19,Yes,Yes,Fiber optic,No,Yes,No,No,No internet service,Yes,Two year,Yes,Bank transfer (automatic),103.38,1986.38,No
Female,1,No,Yes,0,Yes,Yes,DSL,No internet service,No,No internet service,Yes,Yes,Yes,Month-to-month,Yes,Mailed check,63.57,22.16,Yes
Female,0,Yes,Yes,67,Yes,No,Fiber optic,No internet service,No,No,No internet service,No,No,Month-to-month,No,Mailed check,64.23,4332.57,Yes
Male,0,Yes,No,22,Yes,Yes,No,No internet service,Yes,No,No,Yes,No,One year,No,Credit card (automatic),120.0,2656.48,No
Male,0,Yes,Yes,21,Yes,Yes,Fiber optic,Yes,No,No,Yes,No,No,Month-to-month,No,Bank transfer (automatic),83.15,1651.12,Yes
Female,0,Yes,No,61,Yes,Yes,DSL,Yes,No internet service,Yes,No internet service,Yes,No,Two year,No,Electronic check,49.74,3001.16,No
Female,0,No,Yes,0,Yes,Yes,No,Yes,Yes,No internet service,No,No internet service,No,Month-to-month,No,Mailed check,76.66,0.0,Yes
Female,0,No,No,58,Yes,Yes,Fiber optic,No,No,No,No internet service,No,No,Two year,No,Bank transfer (automatic),61.59,3652.1,No
Female,0,Yes,No,67,Yes,Yes,DSL,No,No internet service,Yes,No,No internet service,No,Month-to-month,Yes,Electronic check,82.27,5597.98,Yes
Male,0,No,No,18,Yes,No,No,Yes,No internet service,No internet service,No internet service,No internet service,No internet service,One year,No,Electronic check,24.22,414.84,No
Male,0,No,No,29,Yes,No,DSL,No,Yes,No,No,Yes,Yes,One year,Yes,Bank transfer (automatic),46.97,1426.44,No
Male,0,No,Yes,0,Yes,No,DSL,No,No internet service,Yes,Yes,No,No,Month-to-month,Yes,Credit card (automatic),80.18,0.0,Yes
Male,0,Yes,No,47,Yes,No,DSL,No,Yes,Yes,Yes,No internet service,No,Two year,No,Mailed check,72.76,3431.48,No
Male,0,No,No,18,No,No,Fiber optic,No internet service,No internet service,No,No,No,No,Month-to-month,No,Mailed check,70.69,1277.82,No
Female,1,No,Yes,51,Yes,Yes,Fiber optic,No internet service,Yes,No,No,Yes,Yes,Month-to-month,No,Bank transfer (automatic),85.46,4461.22,Yes
Male,0,No,No,21,Yes,No,Fiber optic,No,Yes,Yes,Yes,No,Yes,Month-to-month,Yes,Credit card (automatic),73.09,1560.17,No
Female,0,Yes,No,49,Yes,No,Fiber optic,Yes,Yes,No,No internet service,No,No,Two year,Yes,Electronic check,19.05,915.16,Yes
Male,0,Yes,No,65,Yes,No,Fiber optic,No,No,Yes,No internet service,No,Yes,Month-to-month,No,Credit card (automatic),18.0,1286.79,No
Male,0,No,No,5,Yes,Yes,DSL,Yes,No,Yes,No,No,No internet service,One year,No,Mailed check,106.56,528.82,Yes
Male,1,Yes,No,63,Yes,No,DSL,Yes,No,No internet service,Yes,Yes,Yes,One year,Yes,Bank transfer (automatic),111.53,7044.34,No
Male,0,No,No,20,Yes,No,DSL,No internet service,No,Yes,Yes,No,Yes,Month-to-month,No,Mailed check,120.0,2379.3,No
Male,0,Yes,Yes,18,Yes,No,Fiber optic,No internet service,No,No,No internet service,No,Yes,Month-to-month,No,Bank transfer (automatic),52.24,906.15,No
Female,0,No,No,36,Yes,Yes,No,No,No internet service,Yes,No,Yes,Yes,Month-to-month,Yes,Credit card (automatic),32.72,1179.41,Yes
Female,0,No,No,62,Yes,Yes,DSL,No internet service,Yes,Yes,No internet service,No internet service,No internet service,Month-to-month,Yes,Mailed check,45.24,2808.75,Yes
Female,0,No,No,28,Yes,No,No,Yes,Yes,Yes,Yes,No,Yes,Month-to-month,Yes,Credit card (automatic),33.71,960.46,Yes
Male,0,No,No,59,Yes,Yes,DSL,No,No,No,No internet service,No,No,One year,Yes,Mailed check,39.16,2140.84,Yes
Male,0,No,No,33,Yes,Yes,No,No,Yes,Yes,No,No internet service,No,Two year,Yes,Credit card (automatic),109.72,3601.18,No
Female,0,Yes,No,0,Yes,No phone service,No,No,Yes,Yes,Yes,No,No internet service,Month-to-month,Yes,Mailed check,51.45,0.0,No
Male,0,No,No,47,No,Yes,Fiber optic,No internet service,No internet service,No,No,No,Yes,One year,Yes,Bank transfer (automatic),30.04,1420.25,No
Male,1,Yes,No,20,No,Yes,DSL,No internet service,Yes,Yes,No internet service,Yes,No internet service,Month-to-month,Yes,Credit card (automatic),22.83,492.65,Yes
Female,0,No,Yes,33,Yes,No,Fiber optic,Yes,No,No,Yes,Yes,No,One year,Yes,Credit card (automatic),80.03,2530.11,No
Male,0,Yes,No,25,Yes,Yes,DSL,No internet service,Yes,No,No,No,Yes,Two year,No,Bank transfer (automatic),71.66,1779.46,No
Female,0,No,No,35,Yes,Yes,Fiber optic,No,No internet service,No internet service,No,Yes,No,Month-to-month,No,Electronic check,90.51,3183.77,Yes
Male,0,No,No,22,Yes,No,Fiber optic,No,Yes,No,No,Yes,No,One year,Yes,Mailed check,37.04,914.95,No
Female,0,Yes,Yes,46,Yes,Yes,Fiber optic,Yes,No,No,No,Yes,Yes,One year,Yes,Mailed check,75.93,3502.3,No
Male,0,Yes,No,43,Yes,Yes,Fiber optic,No internet service,No internet service,No,No internet service,No,Yes,One year,Yes,Bank transfer (automatic),120.0,5218.37,Yes
Male,0,No,No,19,Yes,Yes,Fiber optic,No,Yes,No,No internet service,No internet service,No internet service,Month-to-month,No,Mailed check,62.62,1119.04,No
Female,0,Yes,No,26,Yes,Yes,No,No internet service,Yes,No,No,Yes,No,Month-to-month,Yes,Credit card (automatic),58.45,1524.82,No
Male,0,Yes,Yes,60,Yes,No,DSL,Yes,No,No,No,No,Yes,Month-to-month,No,Credit card (automatic),51.5,3115.17,Yes
Male,1,Yes,No,36,Yes,No phone service,No,Yes,No,No,No,Yes,No,Month-to-month,No,Bank transfer (automatic),53.77,1897.63,No
Female,0,No,Yes,51,Yes,Yes,Fiber optic,No,No,No,No,Yes,No,One year,No,Credit card (automatic),90.39,4651.5,No
Male,0,No,No,61,Yes,Yes,DSL,No,No,Yes,No internet service,No,No,Month-to-month,Yes,Electronic check,25.28,1484.25,Yes
Female,0,No,Yes,65,Yes,Yes,DSL,No,No internet service,Yes,Yes,No internet service,No,Two year,No,Mailed check,18.0,1093.64,No
Male,0,No,No,23,No,Yes,DSL,No,No,Yes,Yes,No,Yes,Month-to-month,No,Bank transfer (automatic),107.2,2490.57,No
Male,0,Yes,Yes,11,Yes,No,DSL,Yes,Yes,No,Yes,No,Yes,Month-to-month,Yes,Bank transfer (automatic),75.89,912.19,Yes
Male,0,No,Yes,15,No,No,Fiber optic,Yes,No internet service,No,Yes,Yes,Yes,One year,Yes,Mailed check,48.84,776.96,Yes
Male,0,Yes,Yes,35,Yes,Yes,Fiber optic,No,Yes,No internet service,No,Yes,Yes,Month-to-month,Yes,Electronic check,120.0,4202.09,Yes
Female,0,Yes,No,1,Yes,Yes,Fiber optic,No,No,No internet service,No internet service,No,Yes,One year,Yes,Bank transfer (automatic),55.43,38.21,No
Male,0,Yes,No,61,No,Yes,DSL,No internet service,Yes,No internet service,Yes,No,Yes,Month-to-month,No,Mailed check,18.0,1078.51,Yes
Female,0,No,No,63,Yes,No,Fiber optic,No internet service,No,No,Yes,Yes,No internet service,Month-to-month,No,Electronic check,71.78,4535.88,No
Male,0,No,No,28,Yes,No,Fiber optic,No,No,Yes,No internet service,No,Yes,Month-to-month,Yes,Bank transfer (automatic),77.19,2083.67,Yes
Male,0,Yes,No,30,Yes,Yes,No,No internet service,No,Yes,No,No internet service,No,Month-to-month,Yes,Electronic check,77.84,2294.14,Yes
Male,0,No,No,14,Yes,No phone service,DSL,Yes,No,Yes,No internet service,No,No,Two year,No,Bank transfer (automatic),46.55,715.77,No
Male,0,Yes,Yes,54,Yes,No phone service,No,No,No internet service,No internet service,No internet service,No,Yes,Month-to-month,Yes,Mailed check,26.09,1442.67,No
Female,0,Yes,Yes,32,Yes,No,DSL,Yes,No internet service,No,No internet service,No,No internet service,Two year,Yes,Mailed check,61.95,1982.26,No
Female,0,Yes,No,51,Yes,Yes,DSL,Yes,No,Yes,No,No,No internet service,Month-to-month,Yes,Mailed check,115.89,5937.51,No
Female,0,No,No,19,Yes,Yes,Fiber optic,No,No,Yes,No,Yes,Yes,One year,No,Electronic check,62.95,1205.89,No
Female,0,No,Yes,72,Yes,Yes,Fiber optic,No internet service,Yes,No,No,Yes,Yes,Month-to-month,No,Credit card (automatic),53.23,3922.71,Yes
Male,0,Yes,Yes,37,Yes,No,DSL,Yes,No,No,No,Yes,Yes,Two year,Yes,Electronic check,42.91,1529.01,No
Female,0,No,Yes,2,Yes,No,DSL,Yes,Yes,No,No,No internet service,Yes,One year,Yes,Mailed check,54.8,81.53,No
Female,0,Yes,No,53,Yes,No,Fiber optic,No,No,No internet service,No,Yes,Yes,Two year,Yes,Bank transfer (automatic),84.83,4506.2,No
Male,0,No,Yes,65,Yes,Yes,Fiber optic,Yes,No,No,No,No,Yes,Two year,Yes,Credit card (automatic),65.57,4308.99,No
Male,0,No,No,17,Yes,No,DSL,No,Yes,Yes,No,No,No,Month-to-month,No,Electronic check,69.02,1237.49,Yes
Male,0,Yes,No,6,No,No,No,No internet service,Yes,No,No,No,Yes,Two year,Yes,Electronic check,95.1,647.69,Yes
Male,0,No,No,34,Yes,Yes,Fiber optic,No,No internet service,No,Yes,No,No,Two year,Yes,Bank transfer (automatic),55.48,1848.57,No
Female,0,No,Yes,59,Yes,No,DSL,No internet service,No,No,No,Yes,Yes,Month-to-month,Yes,Bank transfer (automatic),57.51,3337.08,Yes
Female,0,Yes,Yes,23,Yes,No phone service,Fiber optic,Yes,Yes,Yes,No,Yes,No,Two year,Yes,Mailed check,35.93,817.61,No
Male,1,No,No,38,Yes,No,DSL,Yes,No,No,No,No internet service,No internet service,One year,No,Electronic check,111.75,4305.93,Yes
Male,0,No,No,11,No,Yes,DSL,No,No,No,No,Yes,No internet service,Two year,Yes,Bank transfer (automatic),109.78,1205.69,Yes
Male,0,Yes,No,52,Yes,Yes,No,No internet service,No internet service,No internet service,No,No internet service,Yes,Two year,Yes,Bank transfer (automatic),67.61,3501.29,No
Female,0,Yes,No,63,No,Yes,DSL,No internet service,Yes,No,No,Yes,Yes,Two year,No,Credit card (automatic),42.34,2693.52,No
Female,0,Yes,No,3,No,No,Fiber optic,Yes,No internet service,No internet service,No,Yes,No internet service,Two year,Yes,Mailed check,69.25,188.48,No
Male,0,No,No,4,Yes,No,DSL,No,Yes,No internet service,Yes,Yes,Yes,Month-to-month,Yes,Mailed check,64.19,267.49,No
Male,0,No,No,15,No,No,DSL,Yes,No internet service,No,No,Yes,No,Month-to-month,Yes,Electronic check,76.07,1141.31,Yes
Female,0,No,No,26,Yes,No,DSL,No,No internet service,Yes,No,Yes,No internet service,Month-to-month,Yes,Bank transfer (automatic),59.75,1556.23,Yes
Male,0,Yes,Yes,3,Yes,No phone service,Fiber optic,No,No,Yes,No,No,Yes,Month-to-month,No,Mailed check,92.93,254.21,Yes
Male,0,Yes,Yes,71,Yes,Yes,Fiber optic,No internet service,No internet service,No,Yes,No,Yes,Month-to-month,Yes,Electronic check,51.28,3637.42,No
Female,0,Yes,Yes,47,Yes,No,DSL,No,No,No internet service,No,No internet service,Yes,One year,Yes,Mailed check,84.5,3964.33,No
Male,0,No,Yes,7,No,Yes,Fiber optic,No internet service,Yes,No,No,No,No,Month-to-month,No,Electronic check,93.2,614.48,Yes
Female,0,No,No,45,Yes,Yes,Fiber optic,No internet service,No internet service,Yes,Yes,No,Yes,One year,Yes,Bank transfer (automatic),86.18,3831.05,No
Male,0,No,No,43,Yes,No,Fiber optic,No,Yes,No,No internet service,No,No,Two year,No,Mailed check,97.68,4127.9,No
Male,0,Yes,No,66,Yes,No,DSL,No,No,No internet service,No internet service,Yes,Yes,One year,Yes,Electronic check,63.99,4265.78,No
Female,0,No,No,51,Yes,Yes,DSL,No,No,Yes,Yes,No,No internet service,Month-to-month,Yes,Electronic check,29.5,1561.01,No
Female,0,No,Yes,33,Yes,Yes,No,No,No,Yes,No,Yes,No,Month-to-month,Yes,Bank transfer (automatic),98.02,3265.82,No
Male,0,Yes,No,61,Yes,No,Fiber optic,No,No internet service,Yes,No,No internet service,Yes,Month-to-month,Yes,Mailed check,57.82,3548.18,Yes
Female,0,No,Yes,20,Yes,No phone service,DSL,Yes,Yes,No internet service,Yes,Yes,No,Month-to-month,Yes,Electronic check,80.57,1749.13,No
Male,1,Yes,No,23,No,No,Fiber optic,No,No,No internet service,No,No,No,One year,Yes,Electronic check,91.4,2080.2,Yes
Male,1,Yes,No,43,Yes,Yes,DSL,No,Yes,No,No,No,Yes,Month-to-month,Yes,Electronic check,96.85,4160.86,Yes
Female,0,Yes,No,40,Yes,Yes,DSL,Yes,No internet service,No internet service,No internet service,Yes,Yes,One year,Yes,Electronic check,57.82,2313.8,No
Male,0,Yes,No,28,Yes,No,DSL,No,Yes,No,No,Yes,No internet service,Month-to-month,Yes,Mailed check,32.41,909.57,No
Male,0,Yes,Yes,5,Yes,No,Fiber optic,No,Yes,No,No,No internet service,Yes,Month-to-month,Yes,Credit card (automatic),25.32,32.39,Yes
Female,0,Yes,No,55,Yes,Yes,Fiber optic,No,Yes,No,No,Yes,No,One year,Yes,Mailed check,73.16,4070.77,Yes
Female,0,Yes,Yes,13,Yes,Yes,DSL,No,No,Yes,Yes,No,No,Month-to-month,Yes,Electronic check,67.19,850.8,No
Male,0,No,Yes,49,Yes,No,No,No internet service,Yes,No internet service,Yes,No internet service,No,One year,Yes,Mailed check,36.36,1755.25,No
Female,1,No,No,51,Yes,No,Fiber optic,No,No,No,Yes,No,No internet service,Two year,No,Mailed check,76.34,3911.07,No
Female,0,No,Yes,0,Yes,No,No,No,No,No internet service,Yes,No,No,Month-to-month,Yes,Bank transfer (automatic),49.15,0.0,No
Female,0,Yes,No,11,No,No phone service,DSL,Yes,Yes,No internet service,Yes,No,Yes,One year,Yes,Bank transfer (automatic),95.39,1037.87,Yes
Female,0,Yes,No,23,Yes,No,No,No,No internet service,No internet service,Yes,Yes,No,One year,Yes,Electronic check,91.45,2053.34,No
Male,0,Yes,No,36,Yes,Yes,Fiber optic,No,Yes,Yes,No internet service,No internet service,Yes,One year,Yes,Credit card (automatic),68.47,2404.02,No
Male,0,Yes,Yes,69,Yes,No,Fiber optic,No,No internet service,No internet service,No,Yes,Yes,Month-to-month,No,Bank transfer (automatic),43.88,3060.45,No
Male,0,No,No,2,Yes,Yes,No,No,No internet service,Yes,No,Yes,Yes,Two year,Yes,Mailed check,70.99,158.8,No
Female,0,No,No,26,Yes,Yes,Fiber optic,No,No,No,Yes,No internet service,No,Month-to-month,Yes,Electronic check,120.0,3203.66,Yes
Female,0,No,No,52,Yes,No,Fiber optic,No,No,No,No internet service,Yes,Yes,Month-to-month,Yes,Credit card (automatic),31.53,1560.46,No
Female,0,No,No,16,Yes,Yes,No,Yes,No,Yes,Yes,Yes,No internet service,Month-to-month,No,Bank transfer (automatic),88.36,1408.25,No
Female,1,Yes,No,14,Yes,Yes,DSL,Yes,No,Yes,No,Yes,Yes,Month-to-month,Yes,Electronic check,72.67,1001.14,No
Female,0,Yes,No,38,Yes,No,DSL,No internet service,No,No,No,No internet service,No,Month-to-month,No,Credit card (automatic),59.12,2224.1,No
Female,0,No,No,3,Yes,No phone service,No,No,No internet service,No internet service,Yes,No internet service,No,Month-to-month,Yes,Electronic check,35.88,134.73,Yes
Female,0,Yes,Yes,16,No,No,Fiber optic,No,Yes,No,Yes,Yes,No,Month-to-month,Yes,Credit card (automatic),112.89,1806.54,No
Male,0,Yes,No,10,Yes,Yes,Fiber optic,No,No internet service,No internet service,No,No internet service,Yes,Month-to-month,Yes,Bank transfer (automatic),99.06,1031.65,Yes
Male,0,Yes,No,11,Yes,Yes,DSL,No internet service,Yes,Yes,Yes,Yes,Yes,Two year,Yes,Mailed check,88.25,913.54,No
Female,1,Yes,No,31,No,Yes,DSL,No,No,No,No internet service,No internet service,No,Month-to-month,Yes,Mailed check,69.71,2143.84,No
Female,0,Yes,Yes,26,Yes,Yes,DSL,No,Yes,No internet service,Yes,No internet service,No internet service,Two year,Yes,Bank transfer (automatic),18.0,407.68,No
Female,0,No,No,43,Yes,No,DSL,No,No internet service,No,No internet service,No internet service,No,Two year,Yes,Bank transfer (automatic),71.27,3020.19,No
Male,0,No,No,42,Yes,No,DSL,No,No,No,No internet service,Yes,No,Month-to-month,Yes,Bank transfer (automatic),36.34,1462.06,No
Male,0,Yes,No,48,Yes,No,Fiber optic,Yes,No,Yes,No,Yes,No internet service,Month-to-month,Yes,Credit card (automatic),97.12,4702.76,No
Female,0,Yes,Yes,72,Yes,No,DSL,No,Yes,No internet service,Yes,No,No,Month-to-month,Yes,Credit card (automatic),89.59,6431.99,No
Female,0,No,No,42,Yes,No,Fiber optic,No internet service,No,No internet service,No internet service,No,No internet service,Two year,Yes,Credit card (automatic),88.94,3743.63,No
Male,0,Yes,No,2,No,No,Fiber optic,Yes,Yes,No,No,Yes,Yes,One year,Yes,Credit card (automatic),120.0,134.55,No
Male,0,Yes,No,28,Yes,Yes,No,No,Yes,No,No,No,Yes,Two year,Yes,Credit card (automatic),18.0,536.4,No
Male,1,Yes,No,34,Yes,No,Fiber optic,No internet service,Yes,No internet service,No,No,No,Month-to-month,Yes,Credit card (automatic),18.0,609.18,Yes
Male,0,Yes,No,47,No,No phone service,DSL,No internet service,No internet service,No,No,Yes,Yes,Two year,No,Credit card (automatic),91.03,4285.12,No
Female,0,No,No,38,Yes,No phone service,DSL,No,No,No internet service,No,Yes,Yes,Month-to-month,Yes,Bank transfer (automatic),19.98,817.71,No
Male,0,No,No,23,Yes,No phone service,Fiber optic,No,No,No,No,No,No,Two year,No,Credit card (automatic),64.9,1506.69,No
Male,0,Yes,Yes,19,Yes,No phone service,DSL,No,No,No,No internet service,No,No,Month-to-month,No,Electronic check,54.15,949.96,Yes
Female,0,Yes,No,14,No,No,No,Yes,No,No,No internet service,No internet service,Yes,One year,No,Credit card (automatic),66.6,957.09,No
Male,0,Yes,Yes,17,Yes,No,Fiber optic,No,No,Yes,No internet service,Yes,No internet service,One year,Yes,Mailed check,58.87,1046.61,No
Male,1,Yes,Yes,59,No,Yes,Fiber optic,No,No,Yes,No internet service,No,No,One year,No,Mailed check,72.96,4222.69,No
Male,0,No,No,40,Yes,No,Fiber optic,Yes,Yes,No,No internet service,Yes,No,Month-to-month,No,Bank transfer (automatic),18.0,722.88,No
Female,0,No,No,68,Yes,No,DSL,No,No,No internet service,No,Yes,No internet service,One year,No,Mailed check,104.56,7040.01,No
Male,1,No,No,10,Yes,No,Fiber optic,No,No internet service,No,Yes,Yes,Yes,Month-to-month,Yes,Mailed check,62.7,674.4,Yes
Female,0,No,No,55,Yes,No,DSL,Yes,No internet service,No internet service,No,Yes,No,One year,No,Mailed check,68.46,3774.09,No
Female,0,No,No,17,Yes,No,No,No,No,No,No,Yes,Yes,One year,No,Bank transfer (automatic),32.59,547.38,No
